Probability_0,Probability_1,Probability_2
1.1672564796240446e-22,0.9999999951211629,4.878836983972475e-09
0.9999833314131974,2.7069652996005256e-28,1.666858680249628e-05
7.654614581787393e-37,1.0,4.432972442151154e-17
9.484964506495112e-10,0.003176725847989702,0.9968232732035139
1.8948456024993977e-28,0.9999999999961771,3.823023817495483e-12
1.0861171657640294e-07,6.322749090871339e-05,0.9999366638973747
0.999434280414247,6.719556074460683e-25,0.0005657195857529751
1.2443451969296804e-24,0.999999999730729,2.692710297469352e-10
0.9999998949152874,7.6435766496133435e-34,1.0508471255569044e-07
1.465839785755467e-06,4.238327529463453e-07,0.9999981103274613
1.377172527252475e-27,0.9999999999945737,5.4262648478958915e-12
1.0133499991082726e-17,0.999996239114232,3.7608857681467263e-06
0.9995063374123767,9.294741059175203e-24,0.0004936625876234341
1.466226887525481e-15,0.9999466147975052,5.338520249311986e-05
0.9998414850037901,2.763440592900813e-25,0.00015851499620996186
0.9999671304310885,6.749760448036797e-27,3.286956891155237e-05
0.9999608907342015,1.6940470208752465e-27,3.91092657984178e-05
0.9999998397101871,1.8756812861247367e-33,1.6028981284569304e-07
1.0372686146236211e-17,0.9999956649118492,4.335088150868701e-06
2.9105840270848688e-06,0.0006251635187498894,0.9993719258972231
2.957984207955244e-21,0.9999999834299644,1.6570035589386896e-08
4.747706008002408e-14,0.981240883153484,0.018759116846468547
7.8839217744223e-06,1.0291817134805253e-07,0.9999920131600541
1.4463651129766018e-06,0.002407814251654623,0.9975907393832324
3.7040641471118014e-11,0.9648743798121728,0.03512562015078653
5.511175340681017e-15,0.9998791221013275,0.00012087789866704795
0.9999999999929461,2.937708228591986e-42,7.053862289702365e-12
0.9999991583730701,1.2704555874441576e-31,8.416269299163929e-07
0.8980089225298296,4.947848740854415e-19,0.10199107747017051
0.0005262041341427664,1.688983574021129e-11,0.9994737958489675
1.690549488193392e-05,2.9159705848001257e-09,0.9999830915891476
0.9921347351316233,2.4714434610829655e-21,0.007865264868376663
4.6427967170901226e-07,1.4359486722117862e-06,0.999998099771656
0.9980792591602722,2.003946279428172e-22,0.001920740839727889
3.8408955223934465e-14,0.9820061775009739,0.01799382249898765
1.1683356038603401e-15,0.9999547679691809,4.523203081783332e-05
0.9999564429555285,1.4094329060788217e-26,4.3557044471418386e-05
2.3736944063539705e-06,1.4313085301280397e-07,0.9999974831747406
0.012953540105897653,1.069402748488596e-12,0.9870464598930331
0.00025271996937222246,4.192785690235505e-11,0.9997472799886998
9.778538990084895e-20,0.9999958341837483,4.1658162516433475e-06
1.1703622004725826e-12,0.9976981470883058,0.0023018529105238703
1.2024635982539688e-14,0.999539562518063,0.00046043748192515355
8.186338755876707e-08,0.055825429095316695,0.9441744890412956
1.2527865840281481e-20,0.9999999291439069,7.085609314964155e-08
7.086896770160993e-08,6.136033532923147e-05,0.9999385687957031
0.9997047719122407,4.482791747761214e-26,0.0002952280877593201
0.01091528541960364,5.287633585099436e-12,0.9890847145751087
4.1357429633133335e-20,0.9999927854216851,7.214578314849057e-06
0.9999999999999647,9.259797514557248e-50,3.521775661744473e-14
0.0023001808195641732,1.08516285987491e-12,0.9976998191793508
0.9999999998804983,3.61651262446411e-40,1.1950170200640679e-10
3.5029156908627096e-05,9.974981801348752e-09,0.9999649608681095
4.504099700877024e-09,0.00019940965977241154,0.999800585836128
8.069835715926691e-07,1.7087880259706243e-06,0.9999974842284025
9.865050265431763e-22,0.9999999874524262,1.2547573687095121e-08
0.00017792450209692357,1.298077184868756e-06,0.9998207774207183
0.000123011543641283,1.6782665855332755e-06,0.9998753101897732
0.999999999999992,4.826063356429775e-51,7.99846672333678e-15
0.4093606286930158,4.188267699812883e-15,0.59063937130698
0.9999994416307654,5.983839478061225e-32,5.583692345133499e-07
1.1068710231904817e-29,0.9999999999995857,4.144264317456201e-13
5.6092648683842e-06,5.4520067346620704e-08,0.9999943362150644
0.006591913536757281,9.878284134130899e-09,0.9934080765849584
0.9999999982029091,8.91843650950333e-37,1.7970910090348064e-09
0.9999998299088378,5.197216610897677e-33,1.700911621608371e-07
6.967874247935469e-06,9.871251633399542e-09,0.9999930222545004
1.2627749554540141e-24,0.9999999901947464,9.80525361836927e-09
0.9999999982996572,1.3739190822276374e-36,1.7003426523542883e-09
0.999999992205946,6.043887404953672e-36,7.794054111971242e-09
0.9999999946926563,1.2949285518812527e-36,5.3073436994076745e-09
1.8832890843460493e-18,0.9999974862805002,2.5137194997532527e-06
0.0002957771948324533,7.459565063569228e-10,0.9997042220592112
3.4309394957307453e-06,9.267794532413654e-08,0.999996476382559
0.9999999999999849,1.9805205879936016e-50,1.504531067822066e-14
1.2991096958457142e-05,1.2963709518265069e-08,0.9999869959393322
3.510138018590839e-07,0.005689198513586755,0.9943104504726114
1.2794901753807473e-29,0.9999999999994158,5.842306415132266e-13
2.6794011556154506e-33,0.9999999999999984,1.5978222071726393e-15
6.323873959083598e-11,0.14059028615897626,0.8594097137777851
5.621641824646821e-09,0.0009613621890320119,0.9990386321893261
0.007313238792944294,1.447569056694959e-12,0.9926867612056082
0.9999993461356652,4.187410179069268e-32,6.538643348409258e-07
0.011405371543915355,2.4589390902022717e-12,0.9885946284536257
0.9869807020308987,1.5846460210924608e-20,0.013019297969101293
4.310792153764357e-19,0.9999996556523467,3.44347653268894e-07
0.0001031346986090576,1.3688796849018067e-09,0.9998968639325113
2.102945420896252e-08,0.00040778290708225716,0.9995921960634635
2.1650661700645067e-20,0.9999970589011528,2.9410988472735068e-06
6.620243552499548e-07,2.334568726248509e-06,0.9999970034069184
9.971124093316378e-27,0.9999999999651241,3.487578104028861e-11
0.9999988033074095,2.2483947642334156e-31,1.1966925905660157e-06
0.001741442818508843,1.2464548025630412e-10,0.9982585570568457
9.60444596987376e-06,3.203149406141306e-08,0.999990363522536
6.394151976441288e-25,0.9999999998486673,1.513327499457232e-10
0.999999999997667,5.353296875885669e-45,2.333016912306942e-12
3.3502141021284567e-29,0.9999999999995337,4.66347725064387e-13
2.77771007444053e-08,0.3963641764287451,0.6036357957941542
0.999987409541893,8.833867159087028e-28,1.2590458106909216e-05
1.315532443040678e-05,8.760977614328043e-09,0.999986835914592
0.9999999999801099,6.857536987428066e-43,1.9890068603152472e-11
0.999999992823408,1.9493864928152228e-35,7.176591915852739e-09
4.7308370248274576e-07,2.0756210847743168e-06,0.9999974512952128
2.147046338263797e-20,0.9999999282678216,7.173217827445386e-08
1.0256156685852955e-25,0.9999999999108713,8.912877510389702e-11
2.5720777449502805e-10,0.054201812039594156,0.945798187703198
4.48873801393143e-05,8.154840123089791e-10,0.9999551118043768
5.763562311194494e-19,0.9999993838925821,6.161074178640209e-07
0.9999999999976172,2.0609620227362853e-45,2.3828202063481805e-12
8.896162310502456e-08,0.05820769697895046,0.9417922140594264
2.2496115085348854e-07,8.733244765948016e-06,0.9999910417940833
6.271962714499145e-20,0.9999997865199197,2.1348008028336503e-07
0.9999998898756891,3.3126567113067874e-33,1.1012431096158636e-07
1.6056017903226194e-07,8.691187077257242e-06,0.9999911482527436
3.153620977719193e-15,0.9980149915294038,0.001985008470593172
0.9999976421383889,1.4263736794917227e-29,2.3578616110478058e-06
0.9998314779072643,1.0609772815252022e-25,0.00016852209273557714
5.589512416094709e-19,0.9999825102738681,1.748972613198054e-05
0.0009376902187054564,1.7943576864551667e-10,0.9990623096018589
2.200055234148547e-07,3.0028682010321395e-05,0.9999697513124661
7.226540375064429e-12,0.9855414264665818,0.014458573526191669
0.9769710779043356,4.683485322684007e-20,0.023028922095664425
0.9999996686687443,6.051931622233708e-32,3.3133125560809124e-07
2.299140224933033e-05,3.1011047336227245e-09,0.999977005496646
3.237822317041993e-15,0.9998738176803831,0.00012618231961356624
0.9705502878026951,3.776573364366393e-20,0.029449712197304898
3.085775342376256e-08,0.23475089787561165,0.7652490712666349
3.566194385530967e-05,3.980572556705509e-10,0.9999643376580873
1.0839594552765082e-15,0.9999427690556226,5.7230944376372295e-05
0.9985772235143997,1.9385018608503735e-23,0.0014227764856002741
4.079651426827858e-06,2.227918773311942e-08,0.9999958980693855
3.6024430577429145e-05,7.76273839203294e-10,0.9999639747931488
0.9999999998929019,2.5664472240075602e-40,1.0709819705878511e-10
0.9999999999999551,1.722487274207487e-49,4.4960764969631095e-14
0.9999999999993376,2.33517710354104e-46,6.622631458686736e-13
5.575303475907556e-19,0.9999990604180076,9.395819925353868e-07
3.178025449840138e-20,0.9999932848784899,6.715121509971576e-06
0.9995104962295949,6.537359498209253e-24,0.0004895037704050695
9.391772066642963e-07,0.006117800189817343,0.993881260632976
0.9999999118763039,4.408793831785959e-34,8.812369613198626e-08
1.572769541864482e-05,2.4949389701499408e-09,0.9999842698096424
0.9999999999746756,1.154752197784793e-41,2.5324446670962394e-11
0.9994976843833224,3.234922343325119e-24,0.0005023156166776581
0.9999228381997133,2.423948632267787e-26,7.716180028677918e-05
3.4531343502915096e-05,5.524342218373886e-05,0.9999102252343134
4.9404433657387004e-20,0.9999998167994928,1.832005072752144e-07
3.7395225475645175e-19,0.9999995444773239,4.555226760557485e-07
5.109434809256658e-05,2.2883625123405257e-09,0.9999489033635449
0.9811103919662842,1.1617481719484342e-20,0.01888960803371589
8.5132075918444e-05,2.6265083873675964e-06,0.9999122414156942
3.680031951330328e-05,2.072169136063043e-05,0.999942477989126
0.00020640034703083335,4.844537172406059e-10,0.9997935991685155
0.0030105924301770583,5.822766124175113e-12,0.9969894075640001
1.4541323171241157e-16,0.9999847262683276,1.5273731672200953e-05
0.9999998491916183,1.7328644175922015e-32,1.5080838171118844e-07
0.9999787629962777,3.2290844693973604e-28,2.123700372232547e-05
1.0501899214950571e-16,0.9999911550008942,8.844999105840785e-06
0.9999976201768569,9.914832921618834e-31,2.379823143077496e-06
6.982958237450118e-37,1.0,3.608894646758285e-17
3.695434108218396e-15,0.9997825437200037,0.0002174562799925792
5.216605847851778e-07,0.014299277672068398,0.9857002006673469
2.3577329179656372e-14,0.9906333709640032,0.009366629035973259
1.5045583694805613e-30,0.9999999999998714,1.2850521998284277e-13
6.953385390280092e-17,0.9999892649117299,1.0735088270079898e-05
0.9992768824543699,6.025105185632175e-24,0.0007231175456300674
5.224217445747376e-37,1.0,1.6823050830716276e-17
0.9999568217285782,1.5140990621050542e-26,4.3178271421729804e-05
0.012731817597097014,1.2427056349095015e-12,0.9872681824016601
1.5067840949751718e-14,0.9998476562135199,0.00015234378646503314
3.7705549672075504e-06,1.6509232731657073e-07,0.9999960643527055
5.1940873339044945e-23,0.999999997884885,2.1151149913819155e-09
0.9997028969590823,1.0163928000182519e-24,0.00029710304091754263
1.6939269303356134e-22,0.9999999927753995,7.224600390600054e-09
0.001468015959760625,3.254957686969381e-12,0.9985319840369845
0.9999999996310112,3.42839526587626e-39,3.689888038681122e-10
0.0008712703181073879,2.0207992107217136e-07,0.9991285276019716
0.9999999388079239,1.8559636101533448e-33,6.119207614198484e-08
0.9977105742786586,3.2409848859427184e-22,0.002289425721341455
7.858992703046712e-22,0.9999996601288896,3.398711102603363e-07
0.00027735982356424406,3.8603457503844955e-10,0.9997226397904013
3.245176879383476e-26,0.9999999999499827,5.001724902975187e-11
0.9999999990033179,1.1685583352018118e-37,9.96682016732784e-10
5.945991268526497e-18,0.9999247785094906,7.522149050936186e-05
2.2384582559174834e-09,0.0004943385968839082,0.9995056591646577
0.999999999669924,3.872371159847439e-40,3.3007589807114126e-10
3.2782919380001787e-19,0.9999993641150666,6.358849333990013e-07
0.9999999995985929,7.437800692658768e-39,4.0140720857404076e-10
0.0009724828498527716,5.481067821409062e-08,0.9990274623394689
9.725281234390234e-09,0.0034735536434015307,0.9965264366313171
0.0005142145636857219,7.605397424221961e-11,0.9994857853602603
1.0246094603342883e-05,2.696840857005006e-08,0.9999897269369882
2.2360791838083572e-13,0.9992362325879289,0.0007637674118473989
7.514701671461141e-38,0.9999999999999998,2.0004819617793464e-16
1.400315717859153e-10,0.934117557814343,0.06588244204562536
0.0006154586499223844,1.1305074049233066e-06,0.9993834108426728
0.004326420912414195,4.264599501857169e-12,0.9956735790833213
0.9999999999858602,4.053591919988807e-43,1.4139779314208623e-11
0.0001636472718841987,3.768906305861956e-10,0.9998363523512253
3.653473360620338e-24,0.9999999817728914,1.822710850917589e-08
0.00014882521600748826,1.1846867095810024e-06,0.9998499900972829
1.5282550454963904e-07,4.768799253462002e-06,0.9999950783752419
0.00028125179371060857,2.167624055793191e-10,0.9997187479895271
1.4634710750579438e-05,1.2459910412175509e-05,0.9999729053788372
1.7716280516380199e-06,1.509313150763477e-07,0.9999980774406333
3.2261435350742936e-18,0.9999984927531965,1.5072468035641256e-06
0.9999999993735351,2.0734400267718168e-38,6.26464903501168e-10
4.461615034588426e-18,0.9999988044113562,1.1955886437955166e-06
0.00012379222737985953,1.9058688221342757e-10,0.9998762075820333
3.2934325147927124e-06,1.2075235806587867e-07,0.9999965858151272
1.4859938644453971e-18,0.9999984725371666,1.5274628334537843e-06
3.863227062459252e-24,0.999999998652995,1.3470049902161252e-09
0.9999999999941513,3.0974299845241637e-43,5.848576649143106e-12
0.004523381482278249,5.4211747590877496e-08,0.9954765643059742
7.177897188568129e-37,1.0,4.6085849496937825e-17
0.9999901786383233,3.1188729194016907e-28,9.821361676612312e-06
2.045863754055738e-16,0.9999832080683061,1.679193169362475e-05
1.8753762877252454e-16,0.9999695750516516,3.0424948348232604e-05
2.243809733025819e-22,0.9999999923584276,7.641572356995973e-09
0.9999999999842313,1.543893954816094e-42,1.5768726358492053e-11
0.999999999998425,7.881086511748329e-44,1.57502697313399e-12
2.851060924535505e-10,0.9142603567413353,0.08573964297355864
5.474109210514424e-07,7.887565200921586e-07,0.9999986638325588
1.4612374940636605e-20,0.9999999401660125,5.983398748374069e-08
3.942929122521267e-06,1.0704140594335048e-07,0.9999959500294716
0.9996596647993404,2.0357578737063895e-24,0.00034033520065953623
0.9999999999901483,2.818231508921077e-44,9.851596360608686e-12
0.999006889053847,2.304602730659345e-23,0.0009931109461529992
6.081702659596023e-17,0.9999931575018712,6.842498128794006e-06
0.999999999147269,3.2866201780180514e-38,8.527309591407297e-10
0.9999246984273593,7.038053399605282e-26,7.530157264074518e-05
1.793970599553412e-20,0.9999999085657777,9.143422228390196e-08
0.9978997260911087,1.727218164189587e-22,0.002100273908891311
4.9808793193907305e-06,5.166543682444933e-08,0.9999949674552437
2.1460558853432808e-08,0.0001822640813700192,0.9998177144580712
8.824761086687061e-19,0.9999989695153729,1.0304846271405593e-06
8.887021882350455e-30,0.9999999999740352,2.5964871957058584e-11
0.9999999999994422,9.178779202295227e-47,5.578026403724129e-13
1.154236193894422e-20,0.9999999278603945,7.213960554714606e-08
7.057428290428655e-26,0.9999999999558036,4.419637616408238e-11
1.5622337438195124e-24,0.9999999996512747,3.487253784442196e-10
7.064853233186657e-28,0.9999999999978466,2.1534946032269808e-12
1.2954960311670906e-06,6.517131707095976e-07,0.9999980527907981
5.742849706672508e-26,0.9999999999339131,6.608682121031466e-11
4.040168564085491e-16,0.9999677922316812,3.2207768318359e-05
0.0008175370394047343,1.8488925874153432e-11,0.9991824629421063
1.5296544157844307e-23,0.9999999988203538,1.1796461904127784e-09
0.999999999987558,4.224816869638203e-43,1.24421102392452e-11
1.1080983149851099e-05,5.387747648838974e-09,0.9999889136291025
1.8392874284003198e-29,0.9999999999994977,5.023404718705169e-13
6.380345479845254e-20,0.9999997139139382,2.8608606173917494e-07
0.9999999999843412,9.552385535981433e-43,1.565875118443069e-11
7.412045218559442e-29,0.9999999999991811,8.189655801955501e-13
0.9999999944046434,2.5715798484515785e-36,5.595356518660259e-09
8.70927439548731e-17,0.9999793216634292,2.0678336570725945e-05
2.048635870813811e-05,1.1486976157630057e-08,0.9999795021543159
0.9969451064875191,9.604633257210824e-23,0.00305489351248093
0.9999989847317527,1.6365214509869864e-30,1.0152682472147541e-06
0.9999999999819829,5.311051122723675e-42,1.8017054228088726e-11
0.0004110079416868259,3.874561780830292e-10,0.9995889916708569
0.9999989942854137,2.4694673420103892e-30,1.0057145862849499e-06
8.873190449745453e-08,0.019839039591429904,0.9801608716766657
2.472679280715056e-07,0.017761676538621696,0.9822380761934502
2.649013565604326e-23,0.9999999969161635,3.083836559386733e-09
0.9999999999918427,7.177688781862932e-43,8.157350709467589e-12
0.00026954962153578844,5.50203712233466e-10,0.9997304498282604
0.9999999999998856,4.0557595998053827e-48,1.14346763366217e-13
0.9999970914468628,1.1048855427177575e-29,2.908553137226167e-06
0.9999939093762287,7.331357700862248e-29,6.090623771294704e-06
6.950297905556476e-24,0.9999999982536238,1.7463761548659486e-09
1.3535982167614296e-28,0.9999999999663476,3.365235420144583e-11
0.9999997337339069,4.834765087376479e-32,2.662660931057544e-07
0.0004274294854682515,3.750438272991569e-10,0.999572570139488
0.9999999164783738,2.228092827786695e-33,8.352162610564996e-08
8.708774005534882e-09,0.00027399399720109724,0.9997259972940249
0.99998831193945,7.80478127081295e-27,1.1688060549959317e-05
2.210449594670149e-08,0.00011052005840989284,0.9998894578370943
6.841796970585891e-05,2.8182006878398578e-06,0.9999287638296063
4.2092787981989865e-09,0.5952088846066932,0.404791111184028
0.9999999988433794,4.543155074375543e-38,1.1566205179973942e-09
0.000140650457424488,7.477607186442158e-10,0.9998593487948148
0.0005364801651647985,4.268556419242815e-11,0.9994635197921498
8.478250672755274e-23,0.9999999357711108,6.422888925884338e-08
1.1634719655387016e-08,0.000496889119007612,0.9995030992462728
8.18503568733755e-18,0.9999970206189505,2.9793810496425448e-06
1.4844475682877172e-30,0.9999999999998923,1.0765036064944485e-13
0.999999999999994,3.0449346718918634e-50,5.8952017113107284e-15
0.9999999410429646,1.0148227045596868e-32,5.8957035334275105e-08
9.358581334685521e-06,1.9810240150658455e-08,0.9999906216084252
4.954748398835266e-09,0.001001437972618555,0.9989985570726331
0.9999700254622114,1.2826849448723028e-26,2.9974537788597683e-05
1.3519053200639253e-19,0.9999997097766321,2.9022336786045424e-07
2.0456731526091776e-19,0.999999744836511,2.5516348903852985e-07
5.398377148910078e-07,2.1147263780933433e-07,0.9999992486896472
1.1925193073197165e-29,0.9999999999995965,4.0342120494870106e-13
1.1288909054308493e-06,2.7316512307395936e-07,0.9999985979439714
0.9999983907317294,3.308349650576217e-29,1.6092682706296458e-06
1.0341441791925743e-08,0.0010615742225650114,0.9989384154359933
0.9999999853803625,1.9403647831847614e-34,1.461963753990646e-08
8.886486066225769e-26,0.9999999975096383,2.4903617989568436e-09
0.9999999883234406,2.032776510821085e-36,1.1676559453204634e-08
0.9999999999937448,8.46107074068536e-43,6.255301149221609e-12
0.9999999999924902,1.5866685524122278e-43,7.509852499069674e-12
0.9999999999926712,1.2579217781248814e-42,7.328882784642327e-12
0.00013942036088013677,1.7239283183945504e-09,0.9998605779151916
0.9999999999999707,1.6767049817071042e-49,2.92727153162076e-14
6.201068523579608e-37,1.0,2.6118317110818872e-17
0.00026485483031564065,8.268336358762646e-10,0.9997351443428506
0.999999999863638,1.9682607000251296e-39,1.3636192507284719e-10
7.275060138892348e-24,0.9999999986046035,1.3953964907899484e-09
0.9999999997970954,1.4906273388196903e-40,2.0290457232331344e-10
0.999999999998374,2.3023830104323003e-45,1.6259672515470576e-12
0.9999999978730982,1.162493068323633e-36,2.1269016870433654e-09
6.04610692083529e-23,0.9999998885431736,1.1145682643804629e-07
0.9999999995152602,4.1245802512391943e-38,4.847397547941589e-10
0.9999999009701446,1.1008415152386053e-33,9.902985535029132e-08
0.9999999999988607,1.5936454755780805e-44,1.1392633509334606e-12
0.9999990187918162,2.776182346769722e-30,9.812081838336693e-07
0.0002919625483404713,1.0642644379423553e-09,0.999708036387395
1.8254839314139163e-05,2.4700486765817247e-08,0.9999817204601992
8.759236964473094e-27,0.9999999999770222,2.297779532941893e-11
4.82163293537551e-21,0.9999999496596624,5.0340337673567804e-08
0.9994029294910379,2.8575609871914665e-24,0.0005970705089620087
2.2040213892073235e-05,3.897281124225738e-09,0.9999779558888267
0.0006893005817495193,1.9516989082979177e-11,0.9993106993987336
0.9999999151927331,5.124534762328981e-33,8.480726685274993e-08
1.7636248260915978e-09,0.0027445861710204615,0.9972554120653547
2.219536987058749e-34,0.9999999999999993,6.822295422490308e-16
0.0007782817605889329,2.8029787184729976e-07,0.9992214379415392
3.159588957414649e-11,0.27779385457142136,0.7222061453969828
0.9999999575833383,1.6216895732773684e-34,4.241666162957306e-08
0.999999999873401,3.8263364868548114e-41,1.2659888614014714e-10
5.083864067969981e-29,0.9999999999992222,7.777156017901268e-13
0.002970972435639587,4.905691698986161e-12,0.9970290275594547
0.0005775674576964711,1.2184804232163007e-10,0.9994224324204555
1.3783381798139504e-21,0.9999999718852198,2.8114780241757834e-08
0.9999726257150182,1.5434567842638744e-27,2.7374284981726588e-05
0.9999998721086102,1.604056123396236e-33,1.278913898664544e-07
7.10917732797481e-05,3.2961606121920345e-10,0.9999289078971041
1.4824757053642632e-13,0.9990974942574145,0.0009025057424372989
0.9999999999998139,7.287263314499709e-48,1.8603280337155518e-13
1.135655870177433e-14,0.9882158981924516,0.011784101807536876
0.9999999999999407,3.4750515899439104e-49,5.922851475733028e-14
0.0033084569691037794,4.510324279044047e-08,0.9966914979276534
0.9999999500645405,6.115806842547196e-34,4.993545946536934e-08
7.095764601507752e-18,0.9999417171201316,5.828287986832452e-05
1.3492374562798547e-09,0.007081419835889648,0.9929185788148728
0.00025571586979284035,2.2983500187129047e-10,0.9997442839003722
6.761699235955294e-07,0.006600146689528684,0.9933991771405477
0.9775042443283043,1.8810606451811633e-20,0.02249575567169576
2.3638087795798602e-20,0.9999952654113861,4.734588613892001e-06
5.287694747052929e-06,9.22088571837687e-05,0.9999025034480691
0.9999991422807502,1.166714128468052e-30,8.57719249755958e-07
1.709978024731291e-35,0.9999999999999964,3.502572033485813e-15
1.229807987520552e-20,0.9999999575591147,4.24408851235455e-08
1.2532527523972928e-16,0.9993323133574528,0.0006676866425470768
3.2074092282501826e-15,0.9948942566298548,0.0051057433701418645
0.9999999999999054,1.5323392335398014e-48,9.460518844279913e-14
0.9999999999999791,1.6231121240786788e-50,2.0968753418446993e-14
6.586635597214506e-30,0.9999999999995071,4.929839899293516e-13
3.598430933798477e-20,0.9999998728584338,1.2714156628122312e-07
0.9999999219451586,6.254060440999645e-34,7.805484146207275e-08
7.390982765337807e-08,3.6656503134497616e-05,0.9999632695870377
1.448989957368069e-09,0.01270313350000158,0.9872968650510084
4.2385873406669744e-07,0.01870266824352061,0.9812969078977453
0.9999770595866008,3.8555850607287015e-28,2.2940413399199818e-05
0.9999998215694416,1.719990518836409e-33,1.784305585629979e-07
9.911743379610828e-17,0.9999860118623197,1.3988137680152883e-05
8.47917352877304e-05,8.81104903709134e-06,0.9999063972156753
5.835862150046393e-30,0.9999999999998292,1.7075685960804274e-13
2.902143022339005e-29,0.999999999999629,3.7102523355081e-13
8.301680936492524e-34,0.9999999999999976,2.4701056723082502e-15
7.273497146564608e-16,0.99992538024631,7.461975368943478e-05
0.001200540774473576,2.863702094787521e-07,0.998799172855317
0.0021522989336309668,4.250862155433088e-12,0.9978477010621182
1.1958585104081133e-07,0.11363929455183996,0.886360585862309
7.355903774749536e-06,8.467104956395822e-09,0.9999926356291204
1.328670172298212e-24,0.999999999499652,5.00347895771204e-10
0.9983706533432334,1.4435169945882405e-22,0.001629346656766672
1.4686242602637405e-25,0.9999999998893925,1.1060758686407202e-10
1.0775259701101237e-09,0.021659058907718885,0.9783409400147551
3.531160190744401e-37,1.0,2.142145863749842e-17
0.004050141910573845,4.968626899313452e-08,0.9959498084031573
0.9999999999999887,4.1599012641505627e-51,1.1340973237572177e-14
0.9999999983730301,5.896454455853517e-37,1.626969794873653e-09
5.002565379497217e-15,0.9956982097418058,0.00430179025818911
0.9999999998280764,6.663728350975754e-41,1.7192363394074701e-10
0.01014548692290506,1.276192763911491e-12,0.9898545130758187
2.1188985973868622e-35,0.9999999999999998,1.3859661347324525e-16
0.9986216348852498,5.425100284740974e-23,0.0013783651147501492
1.4643317379278662e-07,0.010953976083547505,0.9890458774832787
0.9999999999840481,5.046886200729339e-43,1.5951919635045782e-11
5.739183079601248e-13,0.9983752808469674,0.0016247191524587548
5.555852704664264e-19,0.9999753433057167,2.46566942832207e-05
1.1531731881184916e-05,4.604422815124185e-05,0.9999424240399676
4.738283722095429e-21,0.9999999607658867,3.923411321384826e-08
3.072438262652896e-21,0.9999999607855659,3.9214434254368834e-08
3.085562799675853e-14,0.9777887256340431,0.02221127436592604
1.2729926794141303e-35,1.0,9.502282858498077e-17
6.667158095809761e-17,0.9998781212416971,0.00012187875830294168
0.9994534499257925,2.936511082224236e-23,0.0005465500742074191
1.998082679427194e-05,3.0597841431837994e-09,0.9999800161134216
7.241657257159376e-11,0.9793815576774972,0.020618442250086324
0.9999999517446115,4.07490375306874e-34,4.825538838549175e-08
0.9999993209913639,6.29801297237203e-32,6.790086360356662e-07
0.999999999997357,1.295005594877561e-45,2.643087075013001e-12
2.7977429388737636e-08,0.00022326211273185882,0.9997767099098387
0.9999837633282858,1.5454045895052272e-27,1.6236671714250694e-05
1.4906074293554133e-22,0.999999994412003,5.587996896044633e-09
1.932950057755528e-15,0.9999164424953837,8.355750461423102e-05
6.296713616755572e-09,0.646397110136231,0.3536028835670554
0.9782907182269113,1.3775607348352366e-19,0.02170928177308881
0.9999999999969307,6.242912527946783e-45,3.0693678357273663e-12
2.1770789413428627e-07,1.5141493743523231e-06,0.9999982681427315
0.9999999650412751,8.201207859487836e-35,3.4958724926754795e-08
0.9999547835028619,2.4534764553621023e-27,4.521649713795316e-05
2.7913142410467822e-16,0.999976968228049,2.3031771950817654e-05
1.036333709946306e-18,0.9999991516768512,8.483231487221413e-07
0.999447116436257,8.545423055394746e-19,0.0005528835637428366
1.9660045981175665e-27,0.9999999998575715,1.4242859115281426e-10
4.2790300328475265e-06,2.69895026696227e-08,0.9999956939804644
0.9999998598074901,1.4089392833293815e-32,1.4019251003612366e-07
1.4628457336031072e-08,0.000833685461673113,0.9991662999098696
0.9999999999979228,1.2260844483363816e-45,2.0771542701606072e-12
5.073409274299085e-29,0.9999999999988136,1.1864240142233446e-12
0.9999999172955125,1.3244770039246526e-33,8.270448760086677e-08
2.0979295247452213e-13,0.9981220571164569,0.0018779428833333772
3.1792160462963213e-06,5.687860168244826e-08,0.999996763905352
0.0014783416459826714,6.6170842404215344e-12,0.9985216583474001
7.013411847956734e-06,1.454695377320472e-08,0.9999929720411983
6.03789516682175e-12,0.9856567999655573,0.014343200028404703
8.085495506256116e-14,0.9989525026226123,0.0010474973773067528
9.695989978226573e-32,0.9999999999999829,1.7134783885825942e-14
0.999999871279096,2.838759596128053e-33,1.2872090397648316e-07
0.9999894543156462,1.8687281152288953e-27,1.0545684353680744e-05
1.0875466359913335e-12,0.9982181922040786,0.0017818077948338997
5.156073470673564e-27,0.9999999999781053,2.1894763399537937e-11
2.840257982159872e-06,0.0008179729315597434,0.9991791868104581
8.644188207486509e-13,0.8954269122080767,0.10457308779105885
0.9999999999999181,8.24049088493554e-49,8.192772526071081e-14
6.548750036654861e-05,4.2398525493432786e-10,0.9999345120756481
0.9999999999788327,4.229352980051562e-43,2.1167357524294817e-11
0.9999968707199554,5.599925581254251e-30,3.1292800446013734e-06
0.9999997559222281,4.625741388772994e-32,2.440777720338869e-07
4.580396492548747e-06,6.026102718470778e-08,0.9999953593424803
0.9999999999937319,1.290829014073988e-42,6.268001884084097e-12
2.7610136806595506e-08,0.29319125534038754,0.7068087170494758
0.9999999999284954,3.2961385673867808e-40,7.150460763289685e-11
1.748838581837254e-18,0.9999983189526247,1.6810473753125233e-06
0.00010987765565065109,4.0363105248973564e-10,0.9998901219407182
2.5488712030312456e-37,1.0,2.3563819080956424e-17
0.0008354227352653436,1.581574904534986e-11,0.9991645772489189
0.0002829945631049141,1.2343521947528617e-10,0.9997170053134598
9.257987846646376e-08,1.2157296643598927e-05,0.999987750123478
0.9975278544156414,3.207238058045406e-23,0.002472145584358528
7.659650350889003e-26,0.9999999999323903,6.760965177260312e-11
0.00010048923544094878,1.1955252406164774e-09,0.9998995095690337
1.0631774742016864e-10,0.9454820998713184,0.054517900022363786
0.0002117108654968701,8.958654000170762e-10,0.9997882882386376
0.9999113047412668,1.3687611941511052e-26,8.869525873311591e-05
2.037259869661773e-05,1.2629177889077213e-08,0.9999796147721256
0.9999283497493017,1.609709213849596e-25,7.165025069818295e-05
1.869026343996081e-07,0.015108242026505103,0.9848915710708606
3.3756053041169367e-14,0.9995748330291022,0.0004251669708641811
3.029628523586884e-08,0.3554697432149556,0.6445302264887591
0.9999999998737519,2.3864835969491616e-41,1.262481622510989e-10
0.9996254037762118,4.222932041593732e-25,0.00037459622378828645
0.9999999952796192,2.782839686690027e-35,4.720380699226343e-09
0.9997265980857515,7.943390565476972e-26,0.00027340191424861236
0.9999999997239726,3.566882366550593e-40,2.7602742573734966e-10
0.9999999999998717,3.9567904510113496e-48,1.283127320461664e-13
0.9999284631159053,3.830528802967703e-26,7.153688409470264e-05
0.9999999999993499,1.674156608589359e-46,6.501979335306014e-13
1.7776973727002318e-07,2.966946288484156e-05,0.999970152767378
3.9383058100036323e-07,0.006793932617098765,0.9932056735523201
0.9883537098511805,5.991508578738213e-21,0.011646290148819507
1.8801822567931212e-07,1.1804945247524331e-06,0.9999986314872497
4.421566968020129e-07,0.013158418969657639,0.9868411388736456
1.8558285459136602e-17,0.9999944556612832,5.544338716807387e-06
0.9999999999999849,2.8742043547869035e-50,1.5012199925778456e-14
0.9999999999997968,9.518924431564663e-48,2.0315282079250513e-13
0.9999997093533873,9.901164691651856e-33,2.9064661268834415e-07
8.652559685031792e-08,5.074022254644589e-06,0.9999948394521485
0.9999999999912486,4.0041374827630314e-43,8.751524953500491e-12
7.887167474352529e-26,0.9999999999161611,8.383893087800625e-11
5.305572779170312e-05,2.4748702392536337e-09,0.9999469417973381
8.376669867296484e-30,0.9999999999997236,2.765397244057418e-13
1.0842662837815652e-10,0.16487497291886338,0.83512502697271
1.8154157509169667e-05,2.2006240593723694e-08,0.9999818238362502
6.736507017900687e-23,0.9999999948439904,5.156009685101337e-09
3.015177640690597e-08,3.4464943801485384e-05,0.9999655049044222
0.9999999999946472,2.8233462203888055e-44,5.352723169940965e-12
3.3367325310890145e-09,0.6759169035792792,0.3240830930839881
8.091662198419827e-22,0.999999987637236,1.2362763998427624e-08
0.9992285509031579,1.004268233995981e-24,0.0007714490968421334
0.9999247013986742,1.0204003513824488e-25,7.529860132586166e-05
8.040339811987233e-12,0.9934048820806736,0.00659511791128602
5.155185899041738e-10,0.024783958889581355,0.9752160405949
2.7929553968153404e-08,0.3557864723047173,0.6442134997657286
1.908163648954409e-06,9.350470866288251e-08,0.9999979983316424
0.0004552165182557598,2.076420129759774e-06,0.9995427070616145
1.7935773230460219e-12,0.9970611822286524,0.0029388177695541715
0.9999999992663253,7.645638343181519e-39,7.336746471624321e-10
0.9999999999996902,2.7083555156609384e-47,3.0975863612178836e-13
3.560558628318459e-15,0.9978314784148583,0.002168521585138144
1.976012067453848e-05,5.4819428131496446e-09,0.9999802343973827
8.967777861853181e-20,0.9999998124199886,1.8758001143551152e-07
0.9999574183090097,1.5772914361391693e-26,4.258169099022255e-05
0.9999997504422699,1.1639450769865736e-32,2.4955773004803073e-07
0.0007290564004051096,3.7104017903735193e-10,0.9992709432285547
0.9999999999999754,7.762733586397217e-50,2.4588141745647126e-14
0.0009342348878273249,1.841348359863151e-11,0.9990657650937591
0.0006634657733194027,4.4793858360654404e-11,0.9993365341818866
4.388507870250657e-08,0.08343121097087075,0.9165687451440505
0.9999999999999913,4.650631272127406e-50,8.570237238116972e-15
1.520771612794424e-33,0.9999999999999973,2.62057238861314e-15
0.9999911203624152,3.273017516777226e-29,8.879637584818784e-06
0.9999604303475115,6.735022520488449e-27,3.9569652488421495e-05
0.9999999999926423,1.1102903184747319e-42,7.357656961693958e-12
1.540207642540036e-05,3.346717813469171e-08,0.9999845644563965
0.9999999999117855,2.01896696191609e-40,8.821452292556674e-11
0.999999999995562,3.510790415678749e-44,4.438036863344817e-12
0.9999999999999853,1.5845579502126584e-50,1.472668551941204e-14
1.6220775207397127e-07,9.931564624099472e-06,0.9999899062276237
0.9999999488230324,5.3885750775057375e-34,5.1176967560431046e-08
0.033075540511774144,1.7011280112077818e-13,0.9669244594880557
0.0008240093152217655,4.8544139094292004e-11,0.9991759906362341
3.2120535877340584e-25,0.9999999997675277,2.3247225505652688e-10
0.999999999937871,9.170835881175932e-41,6.212899764633057e-11
0.9993774530054976,6.4689419111694406e-24,0.0006225469945022727
0.9998400968994778,1.7196528732781673e-25,0.00015990310052205344
3.3720349015689635e-18,0.9999981315196249,1.8684803751197769e-06
0.0006001180065099802,8.443002809518988e-11,0.99939988190906
4.941081801587936e-12,0.991730357723694,0.008269642271365025
0.9998403973684546,7.205427078403399e-25,0.00015960263154542157
0.9999999799635835,1.659030339810518e-34,2.0036416666321332e-08
1.3198830742444752e-08,0.4065052386579838,0.5934947481431854
8.204431775256836e-07,0.004474953417429875,0.9955242261393925
0.9989612031512362,1.3643557369931086e-23,0.0010387968487638951
0.9999999999999878,9.290407872273818e-51,1.2182790361183781e-14
7.188229933090024e-20,0.9999997685086649,2.314913351755927e-07
0.9999999999950697,1.4717733138233598e-43,4.930336616657824e-12
3.425363778985755e-30,0.9999999999996552,3.4476684048380334e-13
0.9995965521088505,2.935966439509482e-25,0.00040344789114944815
0.9999999999954912,7.508512605345865e-45,4.508819498324651e-12
0.9999999988887451,5.436205148305285e-38,1.1112549594749308e-09
0.0015777149370353543,6.723111767353121e-11,0.9984222849957336
9.593324650317101e-23,0.9999999218758441,7.812415583654747e-08
0.9999999910583889,2.0516729051920248e-35,8.941611175417757e-09
7.386694952742402e-10,0.043628613468074603,0.9563713857932559
0.9999865711221939,1.1221255727854032e-28,1.3428877806204716e-05
0.9999995063979091,5.071614335900954e-32,4.936020908874516e-07
4.909047992611244e-10,0.018746467057478886,0.9812535324516164
5.255425787903601e-10,0.8563265119491574,0.14367348752530007
1.9104240675279407e-25,0.9999999976576701,2.342329988693975e-09
1.831899495368301e-13,0.9991971065791433,0.000802893420673371
5.631599383328227e-27,0.9999999999762801,2.3719993940229583e-11
0.9999571308239211,2.2747940461748413e-27,4.286917607898191e-05
4.812095597137431e-05,4.028858951352482e-10,0.9999518786411427
1.803289963310508e-26,0.9999999993728501,6.271499661358993e-10
0.00012470654155068072,1.0039500012087783e-09,0.9998752924544992
0.9999939634819597,1.1799466619562263e-28,6.036518040313799e-06
8.921289351295141e-10,0.020084946451492777,0.9799150526563783
2.4304011309217543e-16,0.9999552503888248,4.4749611174980174e-05
1.2577484480097723e-06,3.4404648601761476e-07,0.999998398205066
0.9999999999678157,8.06779946931776e-43,3.2184242320768394e-11
0.9999066103818598,2.4750551770948716e-26,9.338961814026281e-05
5.004427906328224e-05,9.142908537753893e-09,0.9999499465780282
4.890013277743256e-16,0.9999604438578338,3.955614216580066e-05
1.048609844028688e-30,0.9999999999999292,7.092256528867465e-14
5.649699207668543e-19,0.9999993234462373,6.765537627152865e-07
1.5200243474531317e-24,0.9999999992660358,7.339641251936817e-10
0.999997903360638,8.074131973912432e-30,2.0966393619526308e-06
1.2432168999249114e-15,0.9999479924502449,5.200754975386424e-05
0.9999999999999807,4.2094224098999726e-50,1.9337308597865565e-14
0.00011499880654439945,4.740565955245233e-10,0.9998850007193991
1.9643269636413285e-24,0.9999999995039635,4.960364876945486e-10
3.922380688935685e-26,0.9999999990388502,9.61149762602927e-10
2.8413783658120395e-26,0.9999999999547216,4.5278425997827456e-11
0.9999999999995324,8.130493776408775e-47,4.676733756801128e-13
3.448611037336435e-07,0.02692609224116992,0.9730735628977264
1.4575979409440827e-09,0.004853751935402308,0.9951462466069997
3.0752557232092294e-08,0.08165081464808645,0.9183491545993563
3.8845865603864885e-08,0.3724751076058154,0.627524853548319
7.542965991974573e-05,1.215275568299402e-09,0.9999245691248048
1.0430547448356132e-17,0.9998397495269258,0.00016025047307405808
1.3772667926413375e-07,1.363806204484844e-05,0.9999862242112759
3.4958649004355964e-14,0.98091922533679,0.019080774663174947
0.9999999997517943,2.8629722371912673e-39,2.4820561410412366e-10
0.9999503189096868,1.676500602560154e-26,4.9681090313135294e-05
0.0018549056974148043,1.927015245031036e-12,0.9981450943006582
0.9991424715480418,2.1444394581006876e-24,0.000857528451958284
8.925363393211319e-10,0.04599474471028467,0.9540052543971789
1.1537212018333356e-06,3.835904653986611e-07,0.9999984626883328
0.9999999999658795,5.110465614820825e-41,3.412041337177221e-11
2.3956494057624198e-20,0.9999998842012484,1.1579875157364019e-07
0.9954744789056882,1.8105621696828967e-21,0.004525521094311776
1.774649585155476e-20,0.9999970226022761,2.9773977238375195e-06
4.13037715697882e-32,0.999999999999986,1.3908569732418461e-14
0.9999624084629576,5.898058528069481e-26,3.759153704234863e-05
3.9113462871752865e-08,1.0883375286159422e-05,0.9999890775112509
2.4382126834657816e-07,1.7097790510553316e-06,0.9999980463996806
1.4590030924358287e-22,0.999999991147854,8.852146018860243e-09
0.9999999992583544,5.936639994461294e-38,7.416455353952874e-10
2.5034861580724184e-10,0.028404375656713325,0.9715956240929381
2.2787476073518414e-09,0.0008660879024021788,0.9991339098188502
0.007059101436506257,5.650460127002227e-13,0.9929408985629287
0.9999982122342783,3.9663478593168335e-31,1.7877657217624208e-06
1.0506044860948066e-16,0.9999822423563187,1.7757643681359393e-05
1.8088168826911437e-12,0.8281456142571393,0.17185438574105175
0.9999999992901769,1.3140218856803973e-38,7.098230241378435e-10
0.0028353348129377485,9.691713215548237e-08,0.99716456826993
5.109473099894874e-20,0.9999997958844283,2.0411557171683771e-07
6.348608438932667e-14,0.9993975208485835,0.0006024791513531942
0.9999999999135347,2.4436423870498645e-41,8.646517791759983e-11
0.9999903917614724,9.937136567011457e-28,9.60823852758382e-06
1.970356658227616e-36,1.0,3.9301219286048945e-17
9.755681503660354e-06,0.0009629070968031807,0.9990273372216931
2.3872586751606465e-36,1.0,8.152208535946152e-17
0.9999999999957472,1.4351920417073735e-43,4.252925018271484e-12
2.9502182851085215e-19,0.999989926663862,1.0073336137934964e-05
0.9999999999955493,3.6379770250567516e-44,4.450746317379592e-12
3.7382431361050894e-09,0.5176359101179631,0.48236408614379384
0.00010638513944239913,9.248565429567154e-10,0.9998936139357011
2.26346560374408e-07,6.415720531210376e-05,0.9999356164481275
2.3210692014423302e-36,1.0,3.3291848839839135e-17
0.00015178411813517728,4.869458063901572e-10,0.9998482153949191
1.2126736914692459e-16,0.9995446579768449,0.0004553420231549188
0.0003392569409486139,3.6212300561152265e-07,0.9996603809360458
0.9999819283666518,3.904319521162733e-28,1.8071633348263917e-05
0.9999987168919723,9.243482115763854e-31,1.2831080275927226e-06
3.3994923052267274e-09,0.0035895893556258268,0.996410407244882
0.9996428521042079,4.5624338110890654e-24,0.00035714789579202757
4.5879777104184504e-07,0.008555025628754674,0.9914445155734743
6.559439451100326e-08,0.00011518568705833842,0.9998847487185472
4.2376964001250177e-19,0.9999994345904225,5.654095773519016e-07
1.0494037449827032e-06,4.178663758006617e-06,0.9999947719324971
3.4974777188712887e-07,3.5507079073955425e-06,0.9999960995443207
0.9999964311346593,2.99289229597018e-29,3.5688653406472775e-06
0.9999999996381281,8.074978807394806e-39,3.618718929129696e-10
2.2281217091144778e-10,0.04879537453809206,0.9512046252390957
0.9999644002006685,3.489018324576822e-27,3.559979933150509e-05
1.5851060993837855e-28,0.9999999999986706,1.329388302726091e-12
4.2916544297635004e-11,0.9588464833968375,0.041153516560245934
0.9992678726539778,1.1570927509387196e-24,0.0007321273460221798
3.723628013861865e-08,4.231016099664415e-05,0.9999576526027233
9.333780480441598e-13,0.997600890243448,0.0023991097556185052
1.0689122599458701e-07,0.06958954742570601,0.930410345683068
7.24172931591058e-11,0.18807021607465066,0.8119297838529321
2.2424928516977558e-21,0.9999999633482524,3.665174770765369e-08
1.9588432548990378e-10,0.9405111438562029,0.05948885594791276
0.9900209243473493,6.392925244126408e-21,0.009979075652650597
9.018230950560978e-07,3.8118146319881895e-07,0.9999987169954417
0.9999880640137958,1.9752560236128697e-28,1.193598620414112e-05
1.1497483974111944e-33,0.9999999999999982,1.7480734099438964e-15
1.6180763358792882e-06,1.891746264321536e-07,0.9999981927490377
7.026258645651947e-14,0.9773779903488754,0.022622009651054393
0.00012570889429901525,1.1774433979484366e-09,0.9998742899282577
0.9999999999999283,1.533305552011198e-48,7.175933092540123e-14
3.3099146051566378e-09,0.005078127048524585,0.9949218696415608
2.0432669633885947e-06,5.424343028876972e-08,0.9999979024896064
0.0002264638899086084,5.771575238150537e-10,0.9997735355329339
5.548528356917447e-09,0.37265654497521467,0.627343449476257
1.3217024851408947e-27,0.9999999999938125,6.187582286225854e-12
6.291277181848986e-06,2.2025459383665113e-08,0.9999936866973588
6.476428687099789e-06,1.5392957716446056e-07,0.9999933696417358
1.3384651966087585e-16,0.9993274944199196,0.0006725055800800104
0.999999999999982,2.678958082708673e-50,1.8074016365763615e-14
1.8739426872845233e-30,0.9999999999997682,2.317680327399494e-13
2.1157682849121837e-26,0.9999999999566906,4.330945494883884e-11
0.999999999736553,2.301296718431136e-40,2.6344701687298164e-10
8.765062210073405e-07,5.119366664916345e-06,0.9999940041271141
1.3582912529620721e-05,0.00011074255016101774,0.9998756745373093
1.0903889203543394e-19,0.9999997519262418,2.480737581856416e-07
0.00011364737683888904,5.895594737880885e-10,0.9998863520336017
0.9999999999997171,1.22752563629065e-47,2.828435221510163e-13
6.070012692530382e-24,0.9999999990137769,9.862231451650246e-10
0.9999999999959719,2.7229634123497335e-43,4.028132160361531e-12
4.425015021108508e-26,0.9999999999603184,3.968158841143224e-11
0.9999999978715164,5.135243024077425e-37,2.128483543148975e-09
2.0397082789903122e-07,2.2940600356267927e-06,0.9999975019691365
0.9999999999862699,2.678293755062837e-42,1.3730034672465753e-11
6.861711420285113e-22,0.9999999880493672,1.1950632794734113e-08
6.387082840174679e-19,0.9999995433162182,4.566837818372947e-07
1.4806812208166578e-06,1.3070270710895392e-06,0.999997212291708
0.0002485945424481397,8.038956310390065e-11,0.9997514053771622
0.9999991903761292,6.960679616528013e-31,8.09623870853332e-07
0.999992538925287,5.068295794916964e-29,7.461074713138649e-06
4.750693478335471e-11,0.9532191234797632,0.04678087647272987
0.9999992134580831,7.945973271020186e-31,7.865419170050317e-07
8.752518784358684e-09,0.00014280286591771693,0.9998571883815635
0.9999999999933125,1.221641167301743e-42,6.687450495894675e-12
1.2802609246501743e-28,0.9999999999970979,2.9020522245745e-12
6.581226489167601e-30,0.9999999999993825,6.175060965441682e-13
1.1248647810324312e-07,1.0201324424970537e-05,0.9999896861890969
2.9982949288980965e-36,1.0,4.752196075128858e-17
1.4659788412768618e-19,0.9999996791985727,3.2080142737573566e-07
5.249194490158425e-28,0.9999999999975095,2.4905620177705895e-12
0.999231941729088,1.5987903043210488e-23,0.0007680582709119193
7.561623185719389e-17,0.9995005428273267,0.0004994571726733304
0.9999999999998486,4.40166493196952e-48,1.514737421361019e-13
8.74256838012248e-24,0.9999999994082747,5.91725403519656e-10
0.997720881887192,2.2187296969388763e-23,0.0022791181128080083
0.999999999938672,1.4981038791402687e-41,6.132815991885805e-11
6.975189975564493e-07,5.958949505560624e-07,0.9999987065860518
1.722289360458688e-15,0.9968456883391945,0.003154311660803592
4.048836148228221e-08,0.181096132222032,0.8189038272896065
9.167185480208612e-09,0.0014596297695985549,0.9985403610632161
7.473845585365915e-19,0.9999995627733966,4.3722660346175537e-07
0.9967796724192162,7.127650781476297e-22,0.0032203275807838306
0.9999844709558124,2.601826927795808e-28,1.55290441875072e-05
4.896733638275165e-06,6.736280666046497e-08,0.9999950359035551
0.0008177586164722274,1.8640668615661293e-11,0.9991822413648871
2.4607361013627045e-08,0.26024381514507416,0.7397561602475649
4.039863952718277e-37,1.0,2.3513537194646827e-17
1.0034665398318329e-14,0.9949490235143571,0.005050976485633011
1.5582043783614827e-05,7.070505019399626e-09,0.9999844108857114
5.737348624362709e-07,1.0215100926307345e-06,0.999998404755045
0.9999999999997065,1.444048338298479e-47,2.934650506279333e-13
8.017758417617948e-05,1.9472462642923968e-10,0.9999198222210991
1.5245417332877576e-09,0.0047614961270598544,0.9952385023483984
6.501982634915323e-07,1.2701051067253876e-06,0.9999980796966298
9.458522877353823e-22,0.999999987848536,1.215146398009354e-08
9.977745017708164e-23,0.9999999955290502,4.470949779853323e-09
3.1949703486375876e-26,0.9999999999359634,6.403645296403397e-11
3.363252184125162e-07,1.3335616866759308e-06,0.9999983301130949
2.4943090223418144e-29,0.9999999999994746,5.25384200053004e-13
2.565425647413344e-32,0.9999999999999927,7.389962941445316e-15
0.0006661784868744093,1.6655114446085212e-10,0.9993338213465744
0.9973791200714043,1.1947182780252263e-22,0.002620879928595877
3.9043796905788854e-05,3.00337906228764e-09,0.9999609531997151
4.98294469467687e-07,3.4468326565178582e-06,0.999996054872874
0.9999999999955946,2.1325908307258892e-43,4.405313681232262e-12
0.0012133545844292075,4.5355974389690837e-11,0.9987866453702148
1.393508402546176e-08,7.943928949312054e-05,0.9999205467754229
2.0788335250144784e-36,1.0,6.079632430145777e-17
0.9998424866258189,6.7279421712186655e-25,0.00015751337418108387
0.9997193847301364,9.888448463419294e-26,0.000280615269863503
3.701308760400415e-19,0.9999995001242076,4.998757923806579e-07
0.999999999991688,6.636731015284605e-43,8.311993357799659e-12
0.9999858445020803,2.2013713962206255e-27,1.415549791969536e-05
6.021847822897969e-23,0.9999999926368266,7.3631732763768055e-09
5.827618454737022e-14,0.9996401397830138,0.0003598602169279045
0.0014253988578212698,1.0240932948369268e-10,0.9985746010397694
1.7403790051846897e-08,0.13885842205022197,0.8611415605459881
4.697271435716481e-07,0.009000098884031606,0.9909994313888248
0.9999999912362697,1.5755248247302032e-35,8.76373028289367e-09
0.9999054991886221,2.4113627135637216e-26,9.450081137796681e-05
0.994817877351664,8.061109167447306e-22,0.005182122648335884
0.9999849576063218,3.268281123257358e-27,1.5042393678115309e-05
0.9999999946201876,4.0082029295867725e-35,5.379812373630448e-09
3.6856693487361944e-06,1.4341410720684754e-07,0.999996170916544
3.1746393538028437e-24,0.9999999988726134,1.1273865641694837e-09
0.0009732160842491666,1.0867514098774801e-10,0.9990267838070757
6.257915236532384e-12,0.9907162870259567,0.009283712967785523
0.9989943713560773,1.450666603778929e-23,0.0010056286439226632
0.9999994360209882,4.4274630947168946e-32,5.639790118044266e-07
0.9893301860460562,1.3551553069861616e-20,0.010669813953943766
3.597809877012127e-17,0.9998585647313882,0.00014143526861191453
2.8041519822290242e-05,1.778660650857242e-08,0.9999719406935711
0.00011987747726407873,4.135790152205509e-10,0.9998801221091569
0.9999999999999927,4.3972795208818716e-51,7.40080700012321e-15
1.3327813246712821e-15,0.9973127262429944,0.002687273757004194
1.768488226222224e-08,0.2993901439617926,0.7006098383533252
2.408914928268452e-20,0.9999998342256222,1.6577437789978502e-07
0.9999999999999771,3.725452045251953e-50,2.2873469249234057e-14
0.9999999034066949,1.7651381045920727e-32,9.65933051296592e-08
3.5625701236941087e-22,0.9999999060023661,9.399763402335331e-08
4.027594883868103e-06,2.926868451925164e-07,0.9999956797182711
0.9999999999736535,1.6039226084726574e-41,2.6346513352147232e-11
6.586451153110311e-16,0.9989111087759752,0.0010888912240240957
0.9999924308245618,4.583475023714596e-28,7.5691754381822564e-06
0.000557908735467541,1.6456531900632615e-10,0.9994420910999672
0.9999938465704173,9.825301336942235e-29,6.1534295826734735e-06
4.6348647258974425e-23,0.9999999033088567,9.66911432425045e-08
1.8899818785947876e-19,0.9999866071386012,1.3392861398753562e-05
1.3948193868678524e-06,2.890990572873151e-07,0.9999983160815559
0.00034501017792237803,4.707719673155632e-10,0.9996549893513056
0.9999999999172224,4.863856801828592e-40,8.277764076600253e-11
0.01218952405337612,6.290857787392442e-13,0.9878104759459949
0.002272454454869175,1.2812651408136836e-11,0.9977275455323181
5.569363590955606e-16,0.9999641512350558,3.584876494350437e-05
1.9229024782702743e-20,0.9999973634240029,2.63657599707563e-06
0.9998709354637098,1.7497590317273208e-25,0.00012906453629029898
0.00033231604802489535,7.806417523203175e-11,0.999667683873911
0.00010756206214054656,2.797701620291931e-09,0.9998924351401579
0.00033405343644939557,6.575463781470303e-11,0.9996659464977958
0.9980341058202036,5.720478058286891e-23,0.001965894179796352
3.103435539185998e-06,4.779326498554992e-08,0.9999968487711959
0.999999999281284,6.4183083370113e-38,7.187159878480827e-10
0.9999999999938323,3.5814871960522495e-43,6.167822052271838e-12
7.069984727220701e-06,0.00022187452193264543,0.9997710554933402
0.005707233103827805,7.170175772909918e-13,0.9942927668954553
0.9979087399576692,4.2315178252779055e-23,0.0020912600423308265
0.9999999040432493,2.7241244848165957e-33,9.595675077138889e-08
1.4699650193012716e-05,7.043800379984642e-05,0.9999148623460071
1.000278526666066e-09,0.8547846601810467,0.14521533881867493
0.9999999916087948,1.0279659287811838e-35,8.391205182060168e-09
5.004671708332913e-21,0.9999983200618274,1.6799381725554132e-06
4.485552206010883e-31,0.9999999999999427,5.728322092367035e-14
3.04711738662688e-06,0.004112400973361662,0.9958845519092517
0.9999583932096879,6.649014253463693e-26,4.160679031205083e-05
0.9983836778205156,4.1179314654932043e-23,0.0016163221794842908
0.9971075620379833,2.5819748141943377e-22,0.0028924379620165848
0.0012606884096941124,1.7946376455175195e-11,0.9987393115723594
1.1621634227057169e-17,0.9999232001942028,7.679980579728307e-05
2.267793218473059e-21,0.9999999754701135,2.452988642943928e-08
5.569736368823617e-07,6.68800798724679e-07,0.9999987742255645
0.000344965481303817,1.256402464363478e-06,0.9996537781162318
4.5821369879121795e-31,0.9999999999999523,4.784448501506018e-14
1.8846005264843674e-21,0.9999999656498492,3.435015086189697e-08
4.681432105408838e-16,0.999943822574116,5.617742588359033e-05
0.0031124009623342,1.4797758184141812e-07,0.9968874510600839
0.9999999998472562,6.694887998565065e-41,1.5274376067041767e-10
5.404959320620652e-37,1.0,2.2576409889770658e-17
0.9999999999865345,2.8676002228605604e-42,1.346551796504385e-11
2.0266692855411788e-37,1.0,1.7862106318523677e-17
0.9999999999999729,5.917956428537651e-50,2.710724449014167e-14
0.0001591799269879301,8.756303592717669e-10,0.9998408191973817
8.484766862952372e-06,7.788875581068997e-09,0.9999915074442614
4.347108509788354e-09,0.00036171007348816364,0.9996382855794033
6.657002038124933e-07,3.417034850840358e-06,0.9999959172649454
6.1328849655916736e-21,0.9999999660517394,3.394826056872885e-08
1.1540206648617102e-09,0.8404264333643697,0.15957356548160972
0.9999999851291228,6.524068502781694e-36,1.4870877256350186e-08
1.1626258837488018e-08,0.528771010492115,0.47122897788162627
0.0011444518922665429,1.933353826163021e-11,0.9988555480883999
0.9999999999874265,1.2787156021564416e-42,1.2573421682460096e-11
0.9999999995918376,1.739113461653145e-38,4.0816238454919514e-10
1.193513822972482e-12,0.8642307311685613,0.1357692688302452
0.9934420915699428,2.6840135809590323e-21,0.006557908430057182
0.40767849950015267,3.821565452149758e-15,0.5923215004998434
1.53906236649479e-07,0.036580935299853186,0.9634189107939101
4.474203154286687e-09,0.7087612678870017,0.2912387276387952
0.9989838350073683,4.1659548700062275e-23,0.0010161649926316283
3.522491945226764e-08,0.06101447764261867,0.9389854871324619
5.586895666135046e-10,0.007623657947489144,0.9923763414938214
5.745317486298249e-34,0.9999999999999989,1.1273196229469583e-15
4.550463604484675e-09,0.0010476930267830401,0.9989523024227535
0.9999915470508566,5.693902654343744e-29,8.45294914340649e-06
1.7147023991343158e-14,0.9997391385886747,0.0002608614113083175
0.9630351376852441,2.539777370692039e-19,0.03696486231475595
2.826943889572221e-23,0.9999999985092445,1.4907554556123557e-09
5.733107136606684e-06,1.2976691181827544e-08,0.9999942539161722
0.9999993206127095,1.1445143140261256e-31,6.793872904941924e-07
3.730883955164617e-07,7.716590759310254e-07,0.9999988552525284
7.637089068680032e-17,0.9994095203689658,0.0005904796310341914
9.78999815886695e-18,0.9999976386681318,2.361331868196426e-06
0.001032546393437264,1.8183396669111275e-11,0.9989674535883795
0.9985843695467299,1.0345241398032251e-22,0.0014156304532701965
0.9999999999530642,3.744332936325517e-40,4.6935760413320015e-11
6.476946471910607e-37,1.0,2.4462468367460137e-17
3.1692263788652264e-13,0.9975209656336493,0.002479034366033697
2.6583746598071857e-17,0.999996066195265,3.9338047348193264e-06
3.088699558258377e-20,0.9999999028648795,9.713512045662515e-08
0.9957033814347812,3.234920384796959e-22,0.004296618565218725
0.994343409399071,1.5882560724237762e-21,0.005656590600929079
0.00016146179323863085,3.851060224321976e-10,0.9998385378216552
6.182958229309025e-17,0.9997881618067885,0.0002118381932114416
1.3025441989931068e-06,4.2493857423104164e-07,0.9999982725172268
0.9999570944791298,8.918296050154252e-27,4.2905520870142126e-05
0.9999999999945985,3.908054870677941e-43,5.401374878307647e-12
1.2224993401894625e-07,2.2948059127650463e-05,0.9999769296909383
3.088322878102725e-08,2.5708150258318773e-05,0.999974260966513
1.6903424008612363e-20,0.9999999009339431,9.90660569440233e-08
0.9999999988896553,1.0325691744522135e-38,1.1103447251352099e-09
2.1136840559715077e-23,0.9999999976571035,2.3428966012461087e-09
1.0361833244480437e-09,0.8078779644806287,0.192122034483188
3.098551916148174e-10,0.9192127474969815,0.08078725219316339
1.9779952828041969e-28,0.9999999999974616,2.538483611928677e-12
0.9988331098102176,2.656911793145399e-24,0.0011668901897825682
0.9999777233077006,4.2293804045665994e-27,2.2276692299251696e-05
1.8584244100740335e-10,0.9457036883073442,0.05429631150681332
1.6183195442927125e-07,1.5846527627181086e-05,0.9999839916404183
0.034910098194760965,1.9217253475364976e-09,0.9650898998835138
2.057206423190166e-12,0.9932777905196848,0.006722209478257829
1.7935504051439017e-08,0.00044545047686436187,0.9995545315876317
1.8648250685053344e-13,0.9977744493497689,0.0022255506500445366
0.9995833374623787,6.0627435533424784e-24,0.00041666253762124206
4.145970325190883e-24,0.9999999995235418,4.764582149841724e-10
1.9747429877159916e-27,0.9999999999941225,5.877577785302726e-12
0.9999999996044435,5.9506208010457995e-40,3.9555655467567017e-10
0.999999999995459,2.9229036914174463e-43,4.541066827063025e-12
1.8465880296369736e-06,1.0027881514465975e-07,0.9999980531331552
0.9999999995642737,4.7772626686810354e-39,4.3572636166054354e-10
0.0018162001109732144,1.2201508799885253e-07,0.9981836778739387
1.1243571324327995e-31,0.9999999999999527,4.727814518471566e-14
6.457075427302066e-09,0.414516934319974,0.5854830592229505
1.9603878719213923e-32,0.9999999999999931,6.948791348406159e-15
8.788149889972914e-05,5.545058969111937e-10,0.9999121179465944
1.3560883960514353e-13,0.9768175619123454,0.023182438087519117
0.9942368552305995,4.9409831166143096e-21,0.0057631447694006166
0.002253964121035231,7.145393556452222e-11,0.9977460358075109
1.7262334839118173e-30,0.9999999999999107,8.9177325028747e-14
0.0063822814461979415,1.4738375497815782e-12,0.9936177185523282
0.9999982195623047,7.37208805156567e-31,1.7804376952181658e-06
0.9999999999999865,1.2299735336659045e-50,1.3444834295201695e-14
1.5339514724837193e-16,0.9999861911796561,1.3808820343653292e-05
3.6939485328521555e-09,0.0014354700598230878,0.9985645262462284
0.9999999999718516,3.031283003008204e-42,2.814847242566894e-11
4.577254685735796e-11,0.9698110891815602,0.030188910772667218
0.0005518530953336825,1.6117478804412986e-11,0.9994481468885489
0.9983789060256218,1.0720855218458748e-22,0.001621093974378123
9.5286230523982e-28,0.999999999886064,1.1393600461179933e-10
0.9999970238218973,1.1845136073565085e-30,2.976178102817345e-06
7.328044710924275e-34,0.9999999999999989,1.1810893892298291e-15
1.4821145471096354e-06,6.895441855691203e-07,0.9999978283412673
4.0083443706329224e-18,0.9998038018574776,0.0001961981425222557
3.129851201588404e-10,0.9252004865509655,0.07479951313604934
8.468512015749527e-09,0.00021646551018543776,0.9997835260213026
3.0629531111276847e-06,1.9511258223068548e-07,0.9999967419343068
5.367784518994519e-16,0.9999557849411347,4.421505886480973e-05
1.2860430324012325e-11,0.9863085569814248,0.01369144300571485
2.2970126289727762e-11,0.3937449599924095,0.6062550399846205
1.0853149971159797e-07,0.1398187756595313,0.860181115808969
1.2946600383032767e-34,0.9999999999999996,5.479717547864842e-16
0.010578868879438043,2.5389230153565487e-12,0.9894211311180231
1.5569690394341614e-31,0.9999999999999707,2.939988943085557e-14
5.583893790289536e-16,0.9999358432584066,6.415674159280133e-05
9.629145561810365e-10,0.7947549617702638,0.20524503726682172
2.4430700172517244e-29,0.9999999999987763,1.2236077881780431e-12
0.00020147026417846904,9.288687757351318e-11,0.9997985296429346
0.024013931485569254,3.708479868400874e-12,0.9759860685107222
0.9999722999223715,1.0603557082510523e-27,2.770007762859781e-05
7.83340245173974e-06,8.353968024326378e-08,0.999992083057868
1.1574716431328966e-06,4.865021427307946e-07,0.9999983560262141
0.9999999999962843,1.5121884987829984e-43,3.715744676995062e-12
5.693457268041626e-09,0.002438773753215667,0.997561220553327
6.903699038460238e-20,0.999999805603619,1.9439638087064684e-07
0.9999996891554479,1.1783536753444678e-31,3.108445521094447e-07
3.670810133375002e-08,2.4182803503603035e-05,0.9999757804883951
0.9999977285765247,5.5355095770282726e-30,2.271423475302595e-06
1.5205908269801907e-16,0.9994058694901721,0.0005941305098277657
0.9999999999995204,8.153614570142739e-47,4.795373062730822e-13
5.018617016181813e-37,1.0,1.8396613018363275e-17
0.9999999999999891,7.513915271891746e-51,1.0804416883865545e-14
0.9999999999932168,1.0117234142382174e-42,6.78313661706542e-12
0.0003090770181049187,4.327938834933035e-10,0.9996909225491013
0.00014825253879102254,1.499023575592842e-09,0.9998517459621854
1.2603949835095075e-15,0.9999357841145482,6.421588545047434e-05
0.999969901607456,5.486262381417528e-27,3.009839254403212e-05
0.0003492431072360397,1.0472095898067912e-10,0.9996507567880429
0.9999999999902494,4.8192950588132934e-43,9.750628710602289e-12
0.0004012836762747379,2.2997765668440928e-11,0.9995987163007276
0.9998933917391759,2.695128259540418e-25,0.00010660826082402203
1.2495298515951967e-06,4.743196935458177e-07,0.9999982761504549
0.00024402387219278984,1.0382693521816931e-10,0.9997559760239804
2.6706602431471578e-05,1.21056692863043e-05,0.9999611877282822
5.261076199181173e-37,1.0,3.0475560283255215e-17
1.6029150189118938e-09,0.010910059689132596,0.9890899387079525
0.9986883451628747,8.692366790640208e-24,0.00131165483712528
0.9999575072759476,3.827910392057824e-26,4.2492724052399253e-05
0.000881308681577932,2.8780264806313695e-10,0.9991186910306195
1.5516373429432165e-06,8.877536879902677e-07,0.9999975606089692
1.7572532704692145e-10,0.9603255658499735,0.039674433974301114
0.000857077640340768,8.852553067854539e-11,0.9991429222711337
4.1266212178762343e-17,0.9999937105591589,6.289440841243989e-06
0.991036810572785,2.606974277231738e-21,0.008963189427215022
2.4201723903393444e-06,0.0010121039894471684,0.9989854758381626
9.488516521022303e-12,0.9921074294105626,0.007892570579948998
3.691398870286886e-09,0.7265375569072378,0.2734624394013634
0.024305252077712267,1.6443553263562704e-13,0.9756947479221233
0.999999999833405,2.2697309809332504e-39,1.6659492514469908e-10
1.6684310163396872e-19,0.999999839949916,1.6005008399978366e-07
1.7735416527253164e-24,0.9999999995403819,4.5961809011798737e-10
1.215361995147943e-06,1.8899223600088746e-07,0.9999985956457689
9.10839335132355e-33,0.9999999999999956,4.409966135227455e-15
0.9997878737168935,5.220636313226476e-26,0.00021212628310646073
3.3027777470491446e-09,0.6534392119905325,0.3465607847066899
1.6186336606358374e-36,1.0,3.748058194641826e-17
0.9999968035172778,3.307848399261153e-30,3.196482722087969e-06
8.19575818439112e-36,1.0,7.183007434739152e-17
0.000524132716582915,1.3465895850301685e-06,0.999474520693832
4.402350399852329e-25,0.9999999998055391,1.9446083768143788e-10
7.28993421606723e-08,6.210096606562916e-05,0.9999378261345921
6.26114848102135e-37,1.0,1.5323850114336318e-17
1.708755574174748e-16,0.9989789375698038,0.001021062430195993
0.9999993301388039,3.796921409006474e-32,6.698611960486881e-07
0.999971556068303,3.646294062485594e-27,2.8443931696938013e-05
0.9995563174186473,4.456045723170188e-24,0.00044368258135264835
0.9999962606627796,4.620389655844123e-30,3.739337220325328e-06
1.5055782026896338e-16,0.9992338178197799,0.0007661821802198788
1.0501332567217707e-28,0.9999999999979543,2.0456712081180947e-12
0.9999989425968528,1.2997008955108968e-30,1.0574031472602868e-06
2.5758106460142454e-24,0.999999999551541,4.484589391127032e-10
4.40819759106977e-18,0.9998723533359257,0.00012764666407430567
3.0000095465133615e-15,0.9998565183570723,0.00014348164292449242
0.997049209647255,5.060856714747944e-22,0.0029507903527450628
1.5858501201129386e-07,0.02907081879278936,0.9709290226221986
0.9999994088363378,9.279526806908066e-32,5.911636623756865e-07
1.0705319224661186e-12,0.9965018491202885,0.0034981508786410377
8.138485018267878e-07,9.529170097791367e-07,0.9999982332344883
0.9999999999910938,9.679807960007061e-43,8.906303868425738e-12
3.4730098623108206e-08,3.0565923134793294e-05,0.9999693993467665
0.9998630586312214,2.9683635263758143e-25,0.0001369413687786367
0.9999999996821711,7.266332288841907e-40,3.1782896787724754e-10
8.483727424249154e-05,2.956238815611618e-09,0.9999151597695187
5.203762962468488e-22,0.9999999710677294,2.893227059269432e-08
0.9999983542115926,5.753138929043041e-31,1.6457884074679221e-06
0.9999990028403918,2.809753287648643e-29,9.97159608221712e-07
0.9998163395730293,1.9588852569387701e-25,0.00018366042697068996
7.89383768656001e-07,0.019862584722814776,0.9801366258934165
4.215534109721994e-21,0.9999999574344587,4.256554134439699e-08
4.606110155384434e-19,0.9999737991217681,2.6200878231938273e-05
1.1101655259016429e-13,0.9993088726881483,0.0006911273117407144
3.1963556156193793e-21,0.9999999653854527,3.4614547427678814e-08
1.6776495660298953e-17,0.9999280936139563,7.190638604379034e-05
0.9999999999971594,7.075543420655053e-44,2.8406140340036742e-12
2.6324802447183767e-36,1.0,7.001453383623983e-17
1.2963060322662858e-06,0.005451939218385287,0.9945467644755825
3.5058680047023584e-08,4.465893655127908e-05,0.9999553060047688
0.0007368736555545216,2.044822338048689e-10,0.9992631261399632
0.9999999979158829,5.849261539777211e-38,2.0841170363311654e-09
0.999999999999982,4.207482159855346e-50,1.8087878310423514e-14
0.9999970955325539,9.729922537649366e-30,2.9044674459647513e-06
5.52679862450637e-27,0.9999999999903892,9.610813769414453e-12
1.4302855614883547e-09,0.0030473963712984936,0.996952602198416
1.9105427717685047e-22,0.9999999945236309,5.476369086075481e-09
0.999999997157647,4.769609832397073e-37,2.8423530832483423e-09
0.9999999458402566,2.5012357195667745e-34,5.41597433587472e-08
0.9999999999899507,3.7242163168788664e-43,1.0049376447163327e-11
4.001902699038876e-09,0.7212882783703629,0.2787117176277345
1.7441809820603432e-13,0.9990281820750234,0.0009718179248021843
0.9999999832013983,3.983058095597049e-35,1.6798601770468027e-08
0.00020291087187159783,1.6332021049323724e-10,0.9997970889648081
0.00017433738888678735,2.293997547996259e-06,0.9998233686135652
1.224297635471466e-06,2.632005091993257e-07,0.9999985125018553
1.957502235911237e-08,0.0002702615849332947,0.9997297188400444
0.0009985717247704387,7.341971711289744e-07,0.9990006940780585
4.012356344535009e-06,2.5387803209131762e-08,0.9999959622558523
1.6570264802385788e-05,7.1328483341656535e-09,0.9999834226023492
1.1202995650192748e-06,1.69738537543018e-06,0.9999971823150594
1.1944299093333297e-10,0.9614623403907745,0.03853765948978238
1.3647529639675264e-07,0.018455554230162055,0.9815443092945415
3.6121938399572156e-09,0.002196002238255943,0.9978039941495502
0.0005939270422574953,5.570664858445584e-11,0.9994060729020359
1.706771587507441e-09,0.0031864602334773034,0.9968135380597513
0.9993537503669931,5.373354684609299e-24,0.000646249633006899
0.9999997526852876,2.412958844835806e-32,2.4731471241420817e-07
0.9999964607359537,4.1546477524785026e-29,3.5392640462763284e-06
2.1213429275553123e-15,0.9989344057044004,0.001065594295597396
0.9999998653478556,1.2672310627745826e-33,1.346521443819031e-07
4.7075027188196425e-14,0.9793222510721464,0.020677748927806525
4.861550780062256e-28,0.9999999998604006,1.3959937584144542e-10
1.016129026686907e-07,7.187788517195473e-06,0.9999927105985802
0.9999900361384642,6.641387735883786e-29,9.963861535736604e-06
4.220243308628311e-17,0.9999924259483549,7.574051644960355e-06
0.9999999999986813,3.4891375466054467e-46,1.3187931673866271e-12
5.9242735581783296e-05,5.304502589716814e-09,0.9999407519599156
3.779528926369289e-15,0.9956062877918562,0.0043937122081400505
1.904692820863427e-05,3.4304135884883026e-09,0.9999809496413776
0.0009913529829751312,7.270885073305238e-11,0.9990086469443161
0.9999983713107387,4.560178756302615e-31,1.6286892613890357e-06
0.999999999996481,2.209879684351997e-43,3.519024745581487e-12
5.57481477933707e-32,0.9999999999999767,2.323102074354414e-14
0.9998766043235228,2.8832953154484496e-25,0.00012339567647734915
4.40108065233591e-16,0.9992111819666839,0.0007888180333157277
0.0027681761316981613,4.087283068730115e-13,0.9972318238678932
1.4515813639161767e-34,0.9999999999999993,6.090285981226202e-16
4.544408407272047e-24,0.9999999993769275,6.230724690632125e-10
1.0866654040208851e-07,1.1378315510173152e-05,0.9999885130179493
1.6110781241916387e-05,4.637720038099404e-09,0.999983884581038
1.8977854973285534e-15,0.9985923042277783,0.001407695772219626
4.004198083171524e-26,0.9999999999624145,3.758559980865305e-11
0.9999343222145018,3.664388928688594e-26,6.5677785498102e-05
0.9915207259061419,1.3642388051459032e-21,0.008479274093858007
5.151708671748644e-29,0.9999999999773108,2.2689117643043173e-11
0.9960705721791719,5.363755929450179e-22,0.0039294278208279396
0.9999999999553011,3.3849848422957305e-42,4.469887301611277e-11
1.615366720086827e-25,0.9999999998591884,1.4081162462780344e-10
3.2035414971626278e-06,5.922074750412538e-08,0.9999967372377554
5.694330080543489e-10,0.06881214118014728,0.9311878582504197
0.9999850645697281,1.1000063258475037e-28,1.4935430271832002e-05
5.462226067011539e-23,0.9999999369055501,6.309444997221826e-08
0.9996815570429658,5.797981943973167e-25,0.00031844295703424466
0.0001514139410607426,4.04104156747714e-10,0.9998485856548351
7.255147452478526e-22,0.9999993921995923,6.078004075115807e-07
0.9999999999999925,3.098377068490906e-51,7.652450376826242e-15
0.9999855005477949,1.5982592565829975e-28,1.4499452205120833e-05
0.9999999999921969,5.9031507849639815e-43,7.802983730977552e-12
1.31950389595381e-05,0.0001649893074824614,0.999821815653558
6.3720289026545235e-09,0.0005603979821976768,0.9994395956457733
1.4421670373135084e-06,2.0655992331138133e-07,0.9999983512730393
1.7415811527931306e-05,5.493426504271089e-08,0.999982529254207
0.0011332438921093835,3.576934750527464e-07,0.9988663984144156
1.4842962640452124e-07,0.06859007291355917,0.9314097786568145
0.9999991815893833,1.7338383720258716e-30,8.184106168261003e-07
9.706096711953366e-10,0.004362236955846143,0.9956377620735442
0.0014188886949537177,6.26925079675122e-11,0.9985811112423537
3.604351263436032e-13,0.9689604812649941,0.031039518734645576
1.767161325639861e-20,0.9999999316672938,6.833270618494394e-08
9.374490445691296e-31,0.9999999999999654,3.468602430497858e-14
0.02848318160013415,1.185322680699487e-09,0.9715168172145432
5.137773104176516e-19,0.9999990639297909,9.360702090063753e-07
0.9999999986699895,4.976849630386192e-37,1.3300104481231032e-09
1.6508124356168884e-06,9.40404112271402e-07,0.999997408783452
0.9997942950171411,7.238543264814474e-25,0.0002057049828588547
2.0324159144669193e-26,0.9999999999667175,3.328253064429214e-11
6.767388432838386e-07,0.01646784659865377,0.983531476662503
0.9999999999842708,4.12415025275713e-43,1.5729166356354058e-11
0.9999999999947511,2.7345271587202535e-43,5.2489602515572495e-12
0.9999999572812706,5.355292813107114e-34,4.2718729329584235e-08
2.231610368754307e-09,0.7358922941975483,0.2641077035708413
0.9999999999999836,3.2873018953851397e-50,1.634884599878355e-14
0.9999973527677247,4.0709896056028755e-29,2.6472322752954507e-06
4.631965982579506e-05,6.040825338584161e-09,0.9999536742993489
0.9999948458475352,1.2259727775272808e-29,5.154152464739916e-06
1.1959020085903327e-25,0.9999999999390792,6.092080306531961e-11
0.9999999999987179,1.528998166909209e-44,1.282145955343564e-12
0.9999998792788473,1.1604828754360966e-33,1.2072115271582715e-07
0.9999999999522788,1.3817150950386089e-40,4.77211632597067e-11
8.940708576156325e-06,5.2527499813196735e-08,0.999991006763924
1.134296013842446e-21,0.9999999869033855,1.3096614615797488e-08
1.2230306947213641e-06,2.9730178786169103e-07,0.9999984796675173
1.852009585574957e-07,0.07058452470523936,0.9294152900938021
0.9999162940026534,3.206544854234103e-26,8.370599734665817e-05
1.1048675217390273e-34,0.9999999999999996,3.4856238569875505e-16
2.558909432592706e-08,0.0002571889200342407,0.9997427854908715
0.9999999983388386,1.500920187375076e-38,1.661161496075868e-09
0.9999999997983107,5.226274263334715e-37,2.016892749624839e-10
7.470306289795108e-22,0.999999990296958,9.703042062229029e-09
3.184421854633941e-23,0.9999999965758879,3.4241121244067547e-09
9.878733659845474e-05,1.2339401305468348e-09,0.9999012114294615
0.999999999992875,4.882534502025923e-43,7.1250038511017644e-12
2.848216749722736e-06,1.2919776352318774e-07,0.9999970225854867
0.9999999974549934,1.8294900731649852e-36,2.545006626475642e-09
1.3558845266185864e-36,1.0,7.606791411761771e-17
8.055664447701282e-07,0.010506304331788431,0.9894928901017668
0.999090786685024,2.0286710139023767e-23,0.0009092133149759749
0.9891600004525467,2.0036100163287098e-21,0.010839999547453258
3.2662831867278187e-05,6.260580811795517e-09,0.9999673309075519
1.8557614353493373e-09,0.002112974099478657,0.9978870240447598
2.9349102991863525e-31,0.9999999999999318,6.81340236651481e-14
4.901481046018566e-35,0.9999999999999998,2.6010204623046855e-16
1.1033763308590383e-07,6.7337657612985355e-06,0.9999931558966055
0.9982164086416555,1.0117765657545836e-22,0.0017835913583443435
8.851716190799228e-30,0.9999999999997302,2.6974641980123214e-13
1.1343864472000153e-30,0.9999999999998701,1.2984068347383519e-13
3.844763345670866e-06,0.0006078371907769274,0.9993883180458774
0.9976534524500211,1.1546776619774293e-22,0.002346547549978806
0.0018034523802216785,3.648421193537486e-11,0.998196547583294
1.245411368347106e-07,9.639964962555999e-06,0.9999902354939006
2.564675578738012e-10,0.8761787381018521,0.12382126164168038
4.360843754160251e-05,8.850489463818499e-06,0.9999475410729944
6.965047853096116e-12,0.9967267348891294,0.003273265103905457
2.446693099244019e-22,0.9999999942283126,5.771687287073407e-09
7.233524887157651e-07,7.5547919402665e-07,0.9999985211683173
7.550531147490632e-18,0.9999519201514377,4.807984856231781e-05
1.231053291810441e-16,0.99997019948182,2.980051817991113e-05
1.4028254653260648e-12,0.9184482982220435,0.08155170177655356
8.676314430222435e-08,3.6345654869206696e-06,0.9999962786713689
2.1121413421304176e-08,5.3642824057856667e-05,0.9999463360545287
6.63483168533278e-08,0.19070895621412032,0.8092909774375627
8.195694169259835e-06,9.580243174712193e-08,0.9999917085033989
0.023977048548059928,7.629344483679714e-10,0.9760229506890057
0.999999982016967,7.848790017344636e-35,1.7983033004347877e-08
0.9999999999936824,1.7234953360163664e-43,6.317634443559286e-12
0.9995535389803196,4.569679090791395e-25,0.0004464610196804791
0.9999962304926807,4.7133081306427134e-29,3.7695073191830943e-06
1.031193433248906e-14,0.9998353752469893,0.00016462475300065035
2.5146403625840885e-19,0.9999996601567183,3.3984328165798376e-07
0.000590137037119321,2.1957395644125213e-11,0.9994098629409234
0.9999998621930813,5.099418165229722e-30,1.3780691873505255e-07
0.9999995568938363,2.3011762157242708e-32,4.4310616361609376e-07
2.0208364123589254e-15,0.9999127319943217,8.726800567621508e-05
4.510750463658417e-18,0.9999234718074514,7.652819254845172e-05
0.9999962072658459,6.167586820595142e-28,3.7927341541076843e-06
5.4306842622412935e-21,0.9999999328085237,6.719147630830398e-08
0.99968254058161,1.0309750974984866e-24,0.00031745941839005987
2.690057976656675e-07,1.5146323277190753e-05,0.9999845846709251
0.9986458086694016,1.2506243031433907e-22,0.0013541913305984248
0.9999999999999154,1.0991988363734809e-48,8.467619782361204e-14
3.1627578099304334e-10,0.07667504084890989,0.9233249588348142
0.9999939336608957,2.4922925633311207e-29,6.066339104163246e-06
7.220882708687203e-08,0.202354696205245,0.7976452315859279
0.9999977744339514,1.9779972030055904e-30,2.2255660485781567e-06
1.0576457555697996e-19,0.99999969163925,3.083607498886342e-07
5.502396273806927e-05,5.829274026375469e-10,0.9999449754543345
1.378695635909923e-14,0.9969445545074489,0.0030554454925373433
1.9060840031006e-28,0.9999999999983391,1.6608897004876234e-12
5.367955105915653e-24,0.9999999841270746,1.5872925290141705e-08
0.9999999999935052,2.992691699880117e-43,6.494883051718688e-12
3.259122078974718e-24,0.9999999995752835,4.247164514313283e-10
4.3302406929634796e-08,0.00010030366764653873,0.9998996530299465
1.3780183478297258e-27,0.9999999999950957,4.9042002723661255e-12
0.9999999552677614,1.0622375896268163e-34,4.473223850705392e-08
0.0645952844272247,2.7883933906380612e-14,0.9354047155727474
3.5758714995162036e-26,0.9999999999525349,4.74651894711734e-11
0.9826788811279225,1.5925575674285565e-20,0.017321118872077507
0.9999998601107731,2.1066375384593107e-33,1.39889226854205e-07
2.8254467200760527e-06,0.0006142087372149097,0.999382965816065
1.098490599440744e-08,0.2582345490474366,0.7417654399676574
4.5717689591035094e-14,0.99920989790482,0.000790102095134275
1.6500330757479832e-27,0.9999999999948588,5.141241610722347e-12
2.989913850883415e-16,0.9999744664617116,2.5533538288154425e-05
3.0508341448743743e-15,0.9999422489893649,5.7751010631900284e-05
1.1318287512745415e-08,9.23253281986064e-05,0.999907663353514
5.2637846813567185e-12,0.9929429078232767,0.007057092171459694
7.04830193145124e-19,0.9999992413454031,7.586545968477346e-07
0.36252834196049066,8.25768239741319e-12,0.6374716580312517
1.9928025319623047e-10,0.024803142299679854,0.97519685750104
0.9999999999911438,9.338582569758588e-43,8.856154917427082e-12
0.0003754137878494373,6.239540321733787e-10,0.9996245855881964
0.9999346065226277,6.033981407556748e-27,6.539347737222288e-05
0.9999996300280457,2.9488183994013795e-31,3.699719543580771e-07
3.0086419215348295e-25,0.9999999977775105,2.2224896282071547e-09
0.0018692456378739065,4.412963571647488e-08,0.9981307102324904
7.198004805283653e-07,2.2143637850724398e-07,0.9999990587631411
0.02445196670795311,8.89880226102201e-13,0.975548033291157
0.9992788323966715,1.702596142050795e-24,0.0007211676033285352
0.9999999999913591,1.1947894713595651e-42,8.640934666668822e-12
0.9999999997827915,9.190228000478045e-39,2.172084825226619e-10
0.857977968039971,3.3336927668371235e-18,0.14202203196002894
0.00015627675594510285,4.415030037705005e-10,0.999843722802552
1.43269783136112e-24,0.9999999944084295,5.591570445177489e-09
2.1575329044663213e-36,1.0,3.077951746590344e-17
2.8627741213266483e-19,0.9999994012549819,5.987450181125382e-07
0.0007051965591127263,1.417966461046181e-10,0.9992948032990906
1.8293267278652382e-20,0.9999998747928499,1.2520715011051247e-07
0.9999921465744753,3.2508746644943237e-28,7.853425524641527e-06
0.9999998307571727,7.723034780233634e-33,1.6924282722950653e-07
1.4805081894680706e-12,0.9917327550447717,0.008267244953747801
2.405231616300735e-14,0.9996868706632606,0.0003131293367153945
0.9999999999999909,7.772206912465543e-51,9.035727534262453e-15
0.9999999996019255,5.580174920578663e-39,3.980743954306294e-10
0.9999998996852933,1.4584430886031961e-33,1.0031470662214902e-07
0.999999999999978,4.682251611782529e-50,2.206881165086556e-14
1.593286107205179e-27,0.9999999999941103,5.889753237925512e-12
6.043724942582718e-07,0.021840981637539388,0.9781584139899664
3.3205690569533793e-16,0.9999546551498002,4.534485019967255e-05
0.9999999591623544,1.651998395781379e-33,4.0837645577394693e-08
0.9999999999999329,8.54779995547183e-49,6.713205085438479e-14
2.374182143016116e-10,0.029210051888894938,0.9707899478736869
0.0008577740665044695,4.645105488783706e-11,0.9991422258870445
2.756912341936542e-06,7.243228471208749e-08,0.9999971706553733
2.9193812670502116e-06,2.2019407231358736e-08,0.9999970585993257
2.2713122124268495e-29,0.9999999999994245,5.755824911465685e-13
8.396998633606663e-06,0.00020901299744740433,0.9997825900039191
5.87032259667647e-20,0.9999997926531309,2.0734686919223356e-07
0.001230270679378489,8.283255880040006e-12,0.9987697293123382
0.9999999999997595,1.0159827698210388e-47,2.4037969496505073e-13
4.973863920575012e-16,0.9999406199647045,5.938003529515638e-05
5.582942761823468e-09,0.46219520182760176,0.5378047925894556
1.2977451557643962e-25,0.9999999972768283,2.723171582695705e-09
0.0015621461850618536,9.610264062179038e-12,0.998437853805328
0.0005787879058479134,4.473345263951585e-11,0.9994212120494187
7.985262440220489e-07,2.0059549817171876e-07,0.9999990008782577
0.9999955311240052,2.700142406639098e-29,4.468875994801124e-06
2.4594831104984796e-06,9.228947295583317e-08,0.9999974482274167
0.9999945632512397,1.6044511230418212e-28,5.436748760160464e-06
0.00021952930836626538,1.94481520804051e-10,0.9997804704971522
2.1904294888856494e-22,0.9999995145521755,4.854478245439131e-07
6.985478460879487e-05,6.821859032309966e-06,0.999923323356359
0.9993791295777248,1.5635816307491143e-24,0.0006208704222752909
0.00036178652466912646,3.7036883570746883e-10,0.999638213104962
1.8186181141650567e-05,2.3375160405125593e-05,0.9999584386584532
7.461145066483468e-09,0.6515711909275388,0.3484288016113162
8.545027480880721e-10,0.06400726680269707,0.9359927323428001
0.00029504771036094053,3.18408842444378e-06,0.9997017682012147
4.6446150445543604e-18,0.9999981965107388,1.8034892612912776e-06
2.5193683782492437e-34,0.9999999999999996,4.46491878059268e-16
0.9999999993309965,4.134280671626824e-38,6.690034322811407e-10
2.2544756805312154e-09,0.7425664513422987,0.2574335464032256
0.9999999999961582,4.904411332360514e-45,3.841721168547737e-12
6.598775535841249e-33,0.9999999999999969,3.0682443606985765e-15
2.630837597437255e-07,0.04459754222356314,0.9554021946926772
5.09243542841614e-26,0.9999999999452815,5.47184257448013e-11
0.9999999905579212,3.336407558468295e-36,9.44207883110745e-09
4.270899313776032e-10,0.8687691632248695,0.1312308363480405
0.9999408614390761,1.128642763268896e-26,5.9138560923890136e-05
5.778757594458402e-26,0.9999999984632619,1.5367381535757263e-09
0.0002611094690144953,7.858017077102113e-07,0.9997381047292777
1.6898196814288867e-11,0.9787568005103786,0.0212431994727232
2.948716366417349e-17,0.9999882744709189,1.1725529081088643e-05
8.189681364713496e-08,7.654567652166325e-05,0.9999233724266647
0.9999907946012273,1.6359061905733145e-28,9.20539877265272e-06
0.9987713900613495,1.547593346009582e-23,0.0012286099386505205
2.965686094850131e-07,1.5470592995875783e-06,0.9999981563720909
0.00407655211656647,2.86156140762081e-08,0.9959234192678195
1.927265946085466e-18,0.9999643392612314,3.566073876861943e-05
1.5698951145983288e-15,0.9982483771509538,0.0017516228490446924
0.9999999999999898,1.2538250708061632e-50,1.0186665500784572e-14
0.9999999999999798,5.317812320646628e-50,2.0237560378749278e-14
8.29447284491911e-10,0.013770594106291691,0.986229405064261
0.9999999999904323,1.7972534659742603e-42,9.567760365288237e-12
2.6338730659999806e-08,0.0001509288042782075,0.9998490448569912
0.9999999823621833,3.367152872236676e-34,1.763781662737812e-08
0.9999999999999913,1.481483580532551e-50,8.584868161938926e-15
8.249967609890367e-23,0.9999999964361233,3.5638768311698258e-09
0.9999972966330287,4.214385019806057e-30,2.7033669713447106e-06
1.8760185254092363e-16,0.9990660832008502,0.0009339167991495808
0.9999891024507479,1.6310511013031204e-27,1.0897549252070121e-05
0.0001327334886192734,1.3786786350943212e-09,0.9998672651327021
0.9999999999999887,7.798253775708348e-51,1.1300850003390335e-14
1.4424592925375892e-13,0.9728070866559614,0.027192913343894388
6.498326796546146e-09,0.36311338924667,0.6368866042550031
0.0001596081166752028,4.86031526191936e-10,0.9998403913972933
0.9999869313572334,4.671152412007462e-28,1.3068642766566415e-05
0.9971871421227138,6.919381040806357e-22,0.0028128578772862356
0.007218578663603609,6.676141300422896e-12,0.9927814213297202
3.792809667005467e-07,1.5307070874237661e-06,0.999998090011946
4.7904614464237825e-31,0.9999999999999494,5.057496878134251e-14
0.9999999999999742,4.192160765560343e-50,2.5805394158055617e-14
1.7152731647541766e-17,0.999997134381648,2.8656183520349687e-06
2.3319174063901325e-05,5.531279484909181e-09,0.9999766752946566
0.9999997545369063,2.0272779271495957e-33,2.454630937351655e-07
5.977290268957609e-08,3.879491751147555e-05,0.9999611453095858
2.3623374525138505e-25,0.9999999998934181,1.0658176769326396e-10
6.782653264279648e-21,0.9999999389519691,6.10480308507246e-08
7.585504859378006e-28,0.9999999999961886,3.8114198546617386e-12
0.9999999999963796,2.2901262154495632e-43,3.620401151732082e-12
1.5515844877723387e-16,0.9999857267748412,1.4273225158541968e-05
2.2968628661835377e-08,0.0001496380547369754,0.9998503389766343
0.9999998175907743,6.917918748688761e-33,1.8240922567807107e-07
5.356516776702389e-16,0.9991154805408181,0.0008845194591814567
9.549612134377325e-17,0.999982953941645,1.7046058355001037e-05
9.056540133520768e-18,0.9999938811702014,6.118829798532058e-06
5.020668984712344e-18,0.9999978868585236,2.1131414763564906e-06
8.730936577256699e-18,0.9999956259451916,4.374054808327008e-06
0.9999999999947553,2.1279888988253215e-43,5.244773033367317e-12
0.9999999999981621,1.9376597565929748e-45,1.8378254707940445e-12
0.9999999999705413,4.4125661305308444e-41,2.945867446025057e-11
0.9999999999967384,1.1850508433782258e-44,3.261503148193711e-12
4.140493730364034e-35,0.9999999999999998,1.819176389863327e-16
8.279142968260371e-15,0.9996067456386738,0.000393254361317958
4.231330701605379e-11,0.9516786187696249,0.048321381188061834
3.959435436971818e-07,2.544835199652758e-07,0.9999993495729363
0.00015695309231994353,4.658453624469063e-10,0.9998430464418346
0.9999999999871234,2.5622026964651854e-42,1.2876659902543491e-11
1.349977278269705e-08,0.00012261253235335386,0.9998773739678738
0.001127237931426493,2.284489430252182e-11,0.9988727620457286
0.9883687557218956,5.325958571609045e-21,0.011631244278104342
0.9999945168368494,1.2768042437137816e-29,5.483163150705673e-06
0.9986084650080232,1.6225363833703667e-22,0.0013915349919768343
5.986510588825173e-07,8.238245159272888e-07,0.9999985775244253
3.776170487175894e-16,0.9990428855637686,0.0009571144362308852
5.221896644404269e-17,0.9999926211434659,7.378856534196094e-06
0.9998965736913865,2.1100964135378549e-26,0.00010342630861350062
0.9999999999763196,7.280140754921838e-42,2.368045779872736e-11
7.464187727928542e-12,0.9840876396694352,0.015912360323100595
6.069125100318555e-17,0.9997746982547715,0.00022530174522856158
0.9999999999166036,9.91200788003803e-41,8.339644947428094e-11
1.0239119101318696e-24,0.9999999998198692,1.8013081457076873e-10
2.694963377362499e-07,3.7702704010571877e-06,0.9999959602332613
2.4540212943001557e-30,0.9999999999926801,7.319981586551468e-12
1.1295277288871738e-07,1.606784186505751e-05,0.9999838192053621
3.009554767554885e-14,0.9785243764379445,0.021475623562025346
0.00035175954789955146,4.4361218394895244e-11,0.9996482404077393
6.029876056574537e-06,1.6925150728607135e-07,0.9999938008724362
1.572112574790366e-14,0.9997944252848707,0.00020557471511357375
4.628465259529674e-18,0.9999984230569036,1.5769430964914264e-06
0.9999999999999607,1.2080118476841502e-49,3.9338614955568454e-14
2.047617746724366e-17,0.9999959292688989,4.070731101129885e-06
6.795981764388995e-17,0.9998230405717764,0.0001769594282236342
0.7203582707882666,3.3534174279040964e-12,0.27964172920838004
7.115251332251307e-10,0.04694891647860749,0.9530510828098673
4.165593996120823e-23,0.9999999951682195,4.8317804268005536e-09
0.0003305764855629752,7.254532227899808e-11,0.9996694234418918
0.9999999778597468,1.341760288579832e-34,2.2140253167086268e-08
1.1965124033393199e-34,0.9999999999999996,3.932414094632695e-16
2.2802985297502795e-24,0.99999999959991,4.000899924762926e-10
0.9999942967018864,5.432699045751677e-29,5.703298113622688e-06
0.9999928617486049,5.11514475559874e-29,7.13825139504522e-06
0.9999860408614217,1.686221546995533e-27,1.3959138578261985e-05
3.6221815034010804e-08,4.240677975840862e-05,0.9999575569984266
4.255096428228902e-05,2.5857722923922803e-09,0.9999574464499454
1.4216935142638881e-05,9.669503406313471e-05,0.9998890880307942
0.9999999821104474,1.80115471457906e-34,1.7889552565455303e-08
0.9999999999999885,1.3056160349941135e-50,1.1654241357101092e-14
9.234429009623326e-12,0.9879716561092248,0.01202834388154092
0.999989484698978,1.7717103289006856e-28,1.0515301022111617e-05
0.9999876506620664,1.0274738265352275e-28,1.2349337933678812e-05
8.173237333488285e-22,0.9999999903584981,9.641501951261026e-09
0.0011017740963841162,1.7701752534896474e-10,0.9988982257265983
0.003947774372806737,4.982167686901088e-13,0.996052225626695
0.9999996020979256,2.6036960179859607e-32,3.9790207437343665e-07
1.9211314677453045e-29,0.9999999999994909,5.092276471562038e-13
0.9999859173540454,1.5343015735472154e-27,1.4082645954476823e-05
6.190744939744185e-25,0.9999999964716952,3.5283046480914087e-09
0.006637771827717963,1.0413240119920991e-11,0.9933622281618688
2.4837722999862733e-33,0.9999999999999976,2.4645934959669666e-15
8.735779319026764e-07,8.719958184627815e-06,0.9999904064638834
0.0043609845260487706,7.021180303425444e-08,0.9956389452621481
1.2745039225841222e-16,0.9999827439299558,1.725607004395021e-05
5.128255324023469e-16,0.9999843530966411,1.5646903358276562e-05
1.5268916768721207e-26,0.9999999999584481,4.155193520140264e-11
1.5028419183691898e-21,0.9999999589927101,4.100728990836e-08
0.0013151833212945705,1.4236272231052917e-07,0.9986846743159832
1.9743777702377521e-32,0.9999999999999907,9.408234409699955e-15
0.9999894811737156,2.6418493867521258e-28,1.0518826284295537e-05
7.053677731237926e-10,0.009702054818069602,0.9902979444765626
0.9999999999999898,3.1169915526613985e-51,1.0190617886624219e-14
6.9563125236855475e-09,0.0014147826858968064,0.9985852103577907
2.4216943122885335e-19,0.9999997617580559,2.3824194411034548e-07
7.811943226866119e-05,3.6373554329760023e-09,0.9999218769303759
5.5578768897997e-06,3.3738369786375954e-08,0.9999944083847403
0.9999999789163834,4.0543570813979055e-35,2.1083616561742677e-08
4.306649705375118e-13,0.998967484529588,0.0010325154699813996
1.7991644833199894e-19,0.9999848274818975,1.5172518102490468e-05
5.237125700613117e-21,0.9999999716514937,2.8348506336356574e-08
1.5665211842986903e-10,0.9645255584487514,0.03547444139459637
0.9999999998630553,1.2442390731386854e-39,1.3694470412931425e-10
0.9869833026027823,6.075853604630188e-20,0.013016697397217522
0.9979417738079176,8.639493765274828e-23,0.0020582261920824426
1.8701947038843762e-05,6.1120554342971696e-09,0.9999812919409057
2.0406382856512048e-07,6.662295623805351e-06,0.9999931336405476
3.908954501835153e-14,0.9740071836894014,0.025992816310559407
5.053069617437643e-22,0.9999999798558574,2.0144142692971895e-08
4.4489799044951e-05,4.0010851193336176e-09,0.99995550619987
1.4850360185162608e-27,0.9999999999948106,5.1893394572223e-12
7.036181808939722e-15,0.9998034231813133,0.0001965768186797185
0.003071582959614861,2.6089179797154817e-11,0.9969284170142959
1.2338254833420422e-19,0.9999996531570969,3.4684290320759946e-07
3.3696787264440724e-18,0.999997615130243,2.38486975716981e-06
4.8703769371306416e-26,0.9999999983688712,1.6311288140189538e-09
4.4031842150347127e-08,0.00016149746508492966,0.999838458503073
0.9999999962659862,8.80017185831709e-37,3.734013785879993e-09
6.865069679786618e-11,0.9568390133933921,0.043160986537957274
0.9999995354048734,1.7167313334489587e-31,4.6459512660478514e-07
4.7655558591236145e-09,0.002816305266394821,0.9971836899680494
2.6076373690343485e-29,0.9999999999764158,2.358424294940014e-11
0.9999981983990928,1.375280932279544e-29,1.8016009072264926e-06
0.9999962470674497,1.7494003014025728e-29,3.7529325501839817e-06
0.999942927440491,8.255642689413254e-27,5.7072559509119095e-05
0.9999992239089835,2.8766721201039363e-30,7.760910165299408e-07
9.320082944333027e-08,0.05272182672226832,0.9472780800769022
3.0333170993916796e-07,5.641259185940475e-07,0.9999991325423714
2.1598047023275184e-29,0.9999999999995957,4.043925091531404e-13
8.681247314692279e-15,0.9998367698034688,0.00016323019652257143
8.678428803092233e-13,0.9447158477472222,0.05528415225190998
2.4266424173994296e-15,0.9998725345295162,0.00012746547048129384
5.187511200905026e-19,0.9999790687680951,2.0931231904923036e-05
0.000662668541316685,1.907502225061631e-11,0.9993373314396083
4.845237942891451e-28,0.9999999999968503,3.149798532258646e-12
0.9991037291791488,1.4846673432311533e-23,0.0008962708208511925
3.49418402726526e-07,3.3004493561851158e-06,0.9999963501322411
2.866010839868379e-27,0.9999999999934011,6.598990557626076e-12
0.00011685027268738197,6.732513393268621e-10,0.9998831490540612
0.9999500107860048,7.314450513980405e-27,4.998921399517658e-05
1.939774700327974e-20,0.9999999422053925,5.77946074934016e-08
6.600904766327511e-14,0.9885183711890982,0.011481628810835743
2.3998773566531164e-25,0.9999999998830549,1.1694516424881256e-10
0.999998982549319,4.2108194486553725e-31,1.017450681011125e-06
0.9999998266236058,8.072583613285238e-33,1.7337639416275704e-07
1.6546884760921496e-22,0.9999999923789277,7.621072316757009e-09
0.999737183298164,6.787240664325631e-25,0.00026281670183596367
0.999999999996011,1.5178446028118989e-43,3.989038367854834e-12
0.03500925347005637,1.7696780054812938e-13,0.9649907465297667
7.032862384098304e-05,1.7535781942992845e-09,0.9999296696225808
0.9996502742783535,2.7650229708358693e-24,0.00034972572164662094
0.9999999934943771,1.8575575093524715e-35,6.505622836133121e-09
0.999965073767776,1.5341404649987436e-27,3.492623222396848e-05
0.9999991947953277,4.638248507378096e-31,8.052046722011891e-07
5.40129477165472e-26,0.9999999999386451,6.13549387602304e-11
0.9999219951993283,3.972063581131604e-26,7.800480067163082e-05
1.3037998666100372e-11,0.9777234482810256,0.02227655170593627
6.218629199451836e-07,2.660739333086504e-07,0.9999991120631468
0.9999999587891416,9.79850296138936e-35,4.121085846345425e-08
2.4540525961696572e-06,5.995508010361265e-08,0.9999974859923237
0.9999999999999916,8.702785370286332e-51,8.459219257408776e-15
0.9999999999999618,1.3667592353689365e-49,3.826597373363561e-14
0.9999998600716549,6.867733616028622e-33,1.399283451502953e-07
0.9999991027318571,4.62535669161381e-31,8.972681429942498e-07
4.678487193743093e-05,4.859737849452874e-10,0.9999532146420889
4.474740062017967e-19,0.9999994965007518,5.034992481475691e-07
0.999999999988648,5.384181365009248e-43,1.1352046448290334e-11
1.897723210589042e-21,0.9999999860507858,1.3949214334997466e-08
3.371268760951744e-07,1.21661797088572e-05,0.9999874966934151
9.859952433589027e-08,0.09567080045964958,0.9043291009408261
1.0377495209501529e-27,0.999999999991273,8.727105581628801e-12
1.502114228677279e-11,0.9859286609404248,0.01407133904455394
5.9149556114395576e-36,1.0,5.267249893591199e-17
0.999999999999988,1.2506068849474747e-50,1.1946752540421449e-14
0.999999999832828,3.5753553235258288e-40,1.671719662425732e-10
3.954112259678324e-15,0.9937596935381219,0.006240306461874218
0.9999999999999776,4.446709210450851e-50,2.2412973575467935e-14
7.584231512756323e-21,0.9999978568984754,2.1431015245942985e-06
0.9998196266726636,1.249482902803771e-24,0.00018037332733638418
2.7802578325456232e-05,6.844760034705505e-10,0.9999721967371986
4.227594472408034e-15,0.9999162731081582,8.37268918375309e-05
6.7857783809741205e-31,0.9999999999999158,8.423948329220632e-14
1.1261498790308152e-05,0.00016049498744654498,0.9998282435137632
0.00048686382728506237,3.084267404604148e-09,0.9995131330884475
2.172889317655228e-07,0.04597840987183022,0.9540213728392382
0.999999999991636,9.605512097271245e-43,8.36394177003679e-12
9.879950349605243e-34,0.9999999999999971,2.9337206333376714e-15
0.9999999903862328,5.483141010665309e-35,9.613767224430299e-09
7.55398689595201e-08,8.898319782569883e-05,0.9999109412623053
2.895521033345892e-33,0.9999999999999947,5.272519829968793e-15
8.210364831760884e-15,0.9998041114823264,0.00019588851766546848
9.416652984410468e-16,0.9999540384085432,4.596159145580442e-05
8.611317382383467e-09,0.002709288638117124,0.9972907027505655
1.0744036085409913e-15,0.9999321869474513,6.781305254755073e-05
3.7579370215566693e-13,0.934195464577393,0.06580453542223101
9.653577991527207e-17,0.9999847772529269,1.5222747073101137e-05
0.9999999999999936,3.0862143043689726e-51,6.356833280316391e-15
6.08044992328287e-08,7.289517278337074e-06,0.9999926496782225
5.346896321576817e-33,0.9999999999999962,3.885189387233044e-15
1.1529045512843137e-08,0.002107643421683646,0.9978923450492708
1.149384127552645e-05,1.472126137226559e-08,0.999988491437463
0.00016690581274903722,8.706791372088248e-11,0.9998330941001831
5.007450916672128e-19,0.9999764296697196,2.3570330280531094e-05
1.1852668554365614e-16,0.99997437980298,2.5620197019723553e-05
0.9999763576256457,8.030746697765158e-28,2.364237435435127e-05
1.1457656303832535e-08,0.00045199945320642293,0.9995479890891373
1.0361833564758747e-13,0.9991846589533321,0.0008153410465643455
3.323103870407226e-09,0.0014424145139832066,0.9985575821629129
4.846859964514819e-07,0.006286740795772767,0.9937127745182308
0.9999999999517146,4.1557183134370225e-42,4.828545784706274e-11
0.9999999999978004,1.1897243427572586e-43,2.199495734462363e-12
2.5867782049432278e-05,2.741910637094156e-09,0.9999741294760398
0.9999971011606525,1.549338831833019e-29,2.89883934753609e-06
1.7361013830771852e-29,0.9999999999992695,7.304443085857686e-13
4.75537639103034e-24,0.9999999995358373,4.641626477165803e-10
0.0005437425277308274,1.6971416272263257e-10,0.9994562573025549
0.999283090367202,7.938046407721676e-24,0.0007169096327980738
1.1847521107706884e-08,8.327393967540694e-05,0.9999167142128035
3.44376105188625e-08,7.300326759558941e-05,0.9999269622947939
0.9998635785299482,6.953150701359751e-26,0.00013642147005169848
0.999986426472942,1.0246787489657931e-27,1.3573527058054297e-05
0.9999999999999685,1.6599146032999543e-49,3.148087262430273e-14
0.9999824466070867,3.371731288810222e-27,1.755339291324147e-05
0.999999999999291,7.406953646245225e-47,7.089326917919132e-13
1.2811778632271293e-22,0.9999999927377943,7.262205657364877e-09
4.3706016954347267e-05,9.008322612794829e-10,0.9999562930822133
1.4401159979063313e-13,0.9772991950916,0.022700804908255896
5.8663966820522625e-05,2.262188751901347e-09,0.9999413337709906
1.4483776123508703e-15,0.9999332376196515,6.676238034707925e-05
0.004089574000912523,1.0616453359797701e-11,0.995910425988471
8.140570006804786e-28,0.9999999999965572,3.4428219711502913e-12
6.475479458614104e-21,0.9999999474380922,5.256190791882884e-08
0.9995560249313142,2.768368335327519e-25,0.00044397506868567156
8.930998627545771e-20,0.9999998415119391,1.584880609691238e-07
5.047274367958101e-08,6.664418597635933e-05,0.9999333053412799
1.543993348280723e-32,0.9999999999999931,6.974877386170617e-15
4.8895781359671834e-27,0.9999999999824187,1.7581347626781444e-11
1.2957851814247701e-20,0.9999999354008013,6.459919873193819e-08
1.062428367180567e-20,0.9999977901428434,2.209857156650313e-06
8.528933242813746e-24,0.9999999986812274,1.3187725628773852e-09
2.3787793586941978e-09,0.5578624263587204,0.44213757126250014
1.3577617501351816e-24,0.9999999996279716,3.720282983621125e-10
0.9999786414769242,3.6889531045646745e-28,2.1358523075947473e-05
0.9999985668445124,1.6081461430625496e-29,1.4331554876422734e-06
0.9999999998179576,1.1653577435291333e-40,1.8204238776205122e-10
9.917276085039112e-05,2.552125611370499e-08,0.9999008017178935
1.7047775952271063e-05,7.910027187509702e-09,0.9999829443140206
9.020774563648641e-31,0.9999999999999409,5.91480970901988e-14
0.9999999999999745,1.5774060933916306e-49,2.5564547513438954e-14
1.3860489939001035e-16,0.9999786098330253,2.139016697434789e-05
5.08915969606616e-06,2.972059514166088e-08,0.9999948811197088
0.00014940125433654321,6.769744255150091e-10,0.999850598068689
0.0028803949403774023,1.3167476474108056e-11,0.997119605046455
1.0930773066000896e-08,0.46882869323852305,0.531171295830704
0.9999999995901698,6.006097673992118e-40,4.0983027344485573e-10
0.9999999537847447,2.3047574538436424e-34,4.621525524361663e-08
5.763961888601622e-16,0.9999593797477294,4.062025226989427e-05
0.999975077399481,4.7026187045638205e-28,2.4922600518878534e-05
0.9992152145652363,6.943329357349552e-24,0.0007847854347636522
0.9996523067972444,2.4246521578284586e-24,0.00034769320275554775
0.999999999993141,2.6876591533034368e-43,6.8588683380514226e-12
0.0005201735812103224,2.3735112735223724e-06,0.9994774529075162
0.9999999999615083,3.748765588365794e-42,3.849162193309174e-11
1.50951668281928e-07,1.126291038247711e-05,0.9999885861379494
0.9993242918782763,9.507507821465916e-24,0.0006757081217235497
8.594156747963648e-07,1.3941553730891732e-06,0.9999977464289522
1.0241899710828494e-18,0.9999993576304208,6.423695791857728e-07
2.012707342305491e-06,7.075699758543629e-08,0.9999979165356602
0.9999978228169212,4.039350273221603e-30,2.1771830787709244e-06
5.38204896171079e-08,0.45264045903893463,0.5473594871405758
5.797952538360006e-06,7.904116031685062e-08,0.9999941230063014
0.001195038228649104,3.781203213212103e-11,0.9988049617335388
0.9999999997613895,1.8154472351939215e-40,2.38610503970658e-10
2.199614850864108e-08,4.660860426198726e-05,0.9999533693995895
3.19315237446285e-06,7.815095339408476e-08,0.9999967286966722
8.416112153884482e-12,0.9893671629662826,0.010632837025301363
0.9999997881629252,3.481668473504984e-33,2.1183707485683227e-07
0.999999998069691,6.278324735279533e-37,1.930308968122639e-09
7.558958616935279e-13,0.9316731970948304,0.06832680290441373
0.9999999999998614,5.791607265853953e-48,1.3864780206891254e-13
4.931900202644986e-15,0.9999022087483169,9.779125167830032e-05
5.4073102627743535e-25,0.999999999851729,1.4827094939177943e-10
2.1579345484626917e-07,0.0669146429002919,0.9330851413062532
0.9999999999999833,3.956974360965384e-50,1.66934387425782e-14
0.9999999999999591,1.5147527973591813e-49,4.0811926568526197e-14
2.150297068555343e-25,0.999999999892474,1.0752604420098899e-10
4.208526906875287e-06,1.4006453568501207e-07,0.9999956514085574
2.2151346823367556e-09,0.0037923298674165645,0.9962076679174487
0.9999999999504217,1.974212115198065e-40,4.957823994616908e-11
1.0153608862872814e-06,2.646340681967624e-07,0.9999987200050454
9.125349034379954e-08,7.479567199379439e-06,0.9999924291793103
4.834554013008575e-07,0.014442295800189173,0.9855572207444095
0.0002636243358694979,7.971697085822033e-11,0.9997363755844135
0.9999999998645168,1.8848039995845506e-41,1.3548309175580898e-10
1.1460822797389385e-22,0.999999887411857,1.1258814297440119e-07
2.906216979516392e-08,0.23266916503605142,0.7673308059017787
7.641955964900089e-09,0.00032765040344980077,0.9996723419545943
3.514244407979778e-17,0.9999903548174509,9.64518254906847e-06
0.9999999998754492,2.207906247690965e-41,1.245507737191664e-10
0.9999998060373253,3.0206488931657628e-33,1.9396267461874291e-07
0.9999731954127872,8.533719144242809e-28,2.6804587212730002e-05
0.02318787675471632,1.3977956533266798e-13,0.9768121232451439
0.9993459560741498,1.1418911356450022e-23,0.0006540439258503279
4.918689389599882e-07,3.1873783629588746e-06,0.9999963207526981
0.002827787441914531,2.0577803258514345e-12,0.9971722125560276
5.68732863229605e-13,0.9975983869348829,0.0024016130645481857
2.603507940953646e-07,2.2659829924370962e-06,0.9999974736662135
1.1083951815948066e-10,0.07318137793572535,0.926818621953435
6.736913949486378e-26,0.9999999999486426,5.1357280978292194e-11
1.0886794742513919e-06,1.039770688951865e-06,0.9999978715498367
0.9999999999905793,4.582099932135439e-43,9.420608382443397e-12
2.384387783396081e-06,4.822522871140695e-07,0.9999971333599296
0.0020873868752411574,2.5419745087602826e-07,0.9979123589273079
1.1419461058474716e-17,0.999996833057395,3.166942604981505e-06
0.9977222459180455,7.769504302145743e-23,0.002277754081954459
9.814312379530755e-09,9.957792216922346e-05,0.9999004122635183
4.568282430340158e-08,3.9235759309287077e-05,0.9999607185578665
1.945804014130085e-27,0.9999999999951061,4.893880646656504e-12
0.9999999981156473,3.4382995308166763e-37,1.884352646526726e-09
0.9999999998803419,3.733096885862783e-41,1.1965813657646378e-10
1.869201696509228e-20,0.9999983515916749,1.6484083249803456e-06
2.4719100313947634e-05,3.131975756622195e-09,0.9999752777677103
0.9999999999756977,7.31632581372629e-43,2.4302441433329744e-11
1.255416790097016e-31,0.9999999999999432,5.694879042914224e-14
1.692218411012815e-14,0.9997731309327847,0.0002268690671983935
0.9985432958099166,9.92221626380535e-23,0.0014567041900833797
1.3355235201554656e-19,0.9999997843902372,2.1560976285094668e-07
4.607967643764484e-23,0.9999999398686262,6.013137378832652e-08
2.0538171855326258e-18,0.9999983418078704,1.658192129653449e-06
1.9575277947388782e-16,0.9999690039339888,3.099606601104869e-05
0.9999585395435824,1.1073037027533007e-27,4.146045641755459e-05
1.7166730972396415e-07,4.255492564873223e-06,0.9999955728401255
4.8047130475942005e-23,0.999999995362062,4.637938089448007e-09
5.304045468733115e-07,8.286580729801041e-06,0.9999911830147233
1.307798894151138e-06,3.411785398023507e-07,0.9999983510225661
1.2476868432667545e-05,2.253461801978377e-08,0.9999875005969494
2.897670348388879e-09,0.0018146123904980343,0.9981853847118317
1.729886010839831e-19,0.9999993340929341,6.659070658325564e-07
1.6016317298304142e-19,0.9999997060205732,2.939794267718319e-07
0.9881710948706406,8.668286066392525e-21,0.011828905129359442
1.1197503052848326e-12,0.9975452491552527,0.0024547508436276178
1.0167291929097269e-06,0.0009890563277222012,0.9990099269430848
0.9999999789365872,3.208702469959701e-35,2.106341270645266e-08
0.9999999951504643,6.650429988644927e-37,4.8495356992774996e-09
1.2080836820273798e-26,0.9999999999808866,1.9113294661785533e-11
0.1418054228963123,1.2720804860816454e-14,0.858194577103675
0.9999999999978815,1.0875689687862826e-43,2.118492394647926e-12
1.6133664312114188e-34,0.9999999999999996,4.349110914625699e-16
7.990045920721387e-05,6.4301219716458176e-06,0.9999136694188212
0.9999999999768336,1.9631890631797706e-43,2.316640586187364e-11
3.7274392534844545e-25,0.9999999998631375,1.3686248963724153e-10
0.9999798138317906,6.863967586571326e-28,2.0186168209428197e-05
1.7672674866525955e-27,0.9999999999900036,9.996371039803493e-12
0.9996518478522353,1.0931145865169251e-24,0.000348152147764703
0.012913412528255962,8.129389572006154e-13,0.9870865874709311
4.5534744151616864e-09,0.6652211585976646,0.33477883684886106
1.4126089322754181e-07,6.109257747948345e-06,0.9999937494813589
1.0942806266789738e-10,0.9140542748584102,0.08594572503216168
6.470836295351628e-12,0.992842584467684,0.007157415525845199
1.0631504306635659e-10,0.9612076889892726,0.038792310904412375
0.9999999999408022,4.641922959425873e-40,5.919783295865154e-11
9.70826748218208e-07,1.24266576337839e-07,0.9999989049066755
0.9999367248569027,4.828580100961179e-26,6.327514309747393e-05
0.0002677214738735044,1.0352121280864442e-10,0.9997322784226054
7.290546212043051e-15,0.9996901467024505,0.0003098532975421382
0.9999839388787924,1.051720221695271e-27,1.6061121207542837e-05
0.9948355730125041,5.412618942075932e-23,0.005164426987495744
6.213542613455126e-19,0.9999992812042728,7.187957272931997e-07
5.3895590420887044e-11,0.981257432329563,0.018742567616541535
0.9999999999724032,2.073965037819788e-42,2.7596886899858523e-11
2.701304223427513e-07,0.0035106689493610657,0.9964890609202166
4.002487001061826e-06,7.352685988008145e-08,0.999995923986139
3.9209708413806094e-26,0.999999999114588,8.854120167449782e-10
0.004374052270172242,1.1097348016109685e-11,0.9956259477187304
0.00047940398510287963,3.516422512406282e-11,0.9995205959797329
2.5595272554030205e-06,7.587455572090365e-08,0.9999973645981888
0.9999999999999303,4.928889326621588e-49,6.968135805934625e-14
1.7490984195933264e-31,0.9999999999999261,7.40026510648111e-14
0.9998784989012393,1.8788772674286355e-25,0.00012150109876082553
4.353282980346531e-09,0.00042369967591442126,0.9995762959708026
2.1687838749824293e-26,0.9999999993891446,6.108554099065408e-10
1.1426917914057117e-12,0.9978280600724473,0.0021719399264100167
0.9998262969903035,3.1797419983173745e-25,0.00017370300969657635
0.9999999294682963,2.786806133585231e-33,7.053170374646358e-08
1.8897619068693077e-16,0.9999802645555592,1.9735444440444103e-05
2.9686325495526454e-05,1.190208613653537e-09,0.9999703124842958
1.009109478899168e-11,0.992018152501815,0.007981847488093727
4.861196970468666e-14,0.9990024795271986,0.000997520472752773
1.2972318316683122e-20,0.9999999454943894,5.450561059892566e-08
8.828040108883774e-05,2.490161261150343e-09,0.9999117171087499
2.2736177235642047e-05,1.3276383469733733e-08,0.999977250546381
8.643309327466353e-29,0.9999999999994778,5.221686919291144e-13
0.029049824470153366,2.574495835778582e-14,0.9709501755298209
0.9999988232911377,2.6765833954985287e-31,1.1767088622965501e-06
8.168796598927154e-29,0.9999999999996172,3.828830687700303e-13
0.9999999999855433,1.573337043616878e-43,1.4456627197941077e-11
0.9998261846885661,8.804859517298719e-26,0.0001738153114339589
7.682672402656838e-16,0.999937517757989,6.248224201021172e-05
0.001851224954306603,3.902440509782365e-11,0.9981487750066691
3.5832126967478604e-21,0.9999999671761326,3.2823867482569914e-08
7.996783129532067e-32,0.9999999999999793,2.0623053980991236e-14
0.9950885167978616,1.946609254777973e-20,0.004911483202138454
0.999999999909061,1.638964330820414e-41,9.093912652069492e-11
6.3763454109983815e-25,0.9999999998074296,1.9257038874133455e-10
1.0011067225799129e-05,8.870589024070429e-05,0.9999012830425336
0.2815798983441519,1.813094501552892e-10,0.7184201014745386
0.9995576123164172,3.318218533260793e-25,0.00044238768358293264
4.0132028073078595e-13,0.9978100864596208,0.0021899135399780245
1.1528653897634436e-26,0.9999999999801295,1.987063741602668e-11
8.760569561207213e-32,0.9999999999999807,1.9211886453147978e-14
1.115127433831676e-15,0.9999328003899997,6.71996099991645e-05
1.1337064493654912e-36,1.0,3.019219192497221e-17
0.9999999998491544,4.415892126122029e-41,1.5084564806602276e-10
4.354205223128076e-15,0.9999176080290861,8.239197090946457e-05
1.3644717886792294e-09,0.7985304668451473,0.2014695317903809
6.675542866157939e-15,0.9945006956670517,0.005499304332941652
3.302577752910326e-20,0.9999998295165635,1.7048343658636234e-07
7.73269899644995e-07,2.846146214493374e-06,0.9999963805838858
0.9998863442324823,9.177563560918778e-27,0.00011365576751769825
1.426590120721174e-07,1.1392175725342401e-05,0.9999884651652625
2.436884697589656e-28,0.9999999999984002,1.5997294282387667e-12
0.9999999351533,2.1458393804033384e-34,6.484670010414514e-08
4.124864986675715e-07,1.310560088649077e-06,0.9999982769534127
6.449319643943142e-10,0.8443107705438612,0.1556892288112068
1.5638599069907185e-05,5.0438709844608976e-05,0.9999339226910854
3.520068987831949e-08,0.00018767099559877372,0.9998122938037113
0.9999210344689257,5.669335854143535e-26,7.896553107435982e-05
0.0015304825202294699,3.4122589690822586e-11,0.9984695174456478
2.990089741961192e-08,0.00016951331720469788,0.999830456781898
0.9999999998739015,2.199991366888233e-40,1.2609855314963666e-10
9.135394449505696e-05,1.683987358941951e-05,0.9998918061819154
1.796015039196327e-24,0.9999999991104112,8.895887719034457e-10
0.9999999974830422,4.40968465158917e-37,2.5169577214293397e-09
2.704773993843424e-28,0.9999999999543501,4.5649979141242924e-11
0.9999999999486291,7.698659678168377e-41,5.137083997388845e-11
8.526360998017162e-05,2.8556300036089577e-10,0.9999147361044568
1.2587208939442997e-30,0.9999999999998777,1.2235885128754316e-13
0.9999850923318306,1.331474135874774e-27,1.490766816938585e-05
0.9991760199565863,3.111931335405449e-24,0.0008239800434137594
0.9959440936799169,3.105252165371854e-22,0.004055906320083154
0.999999999999988,8.837334680681158e-51,1.1893077371001066e-14
1.2086732755339082e-26,0.9999999999579199,4.208016198733565e-11
0.9999997863980529,2.1076974457440203e-32,2.1360194716783222e-07
3.975931466450403e-34,0.9999999999999987,1.4382707645294956e-15
0.9999999999999842,2.5117936141715133e-50,1.573883082750485e-14
6.6601382718355165e-12,0.9917293757167951,0.008270624276544672
0.9999997424767914,2.007887846164333e-32,2.575232086369043e-07
0.00035391282856943616,2.4447001520168667e-06,0.9996436424712786
1.6691159167649239e-06,0.002695796024302914,0.9973025348597803
0.0007973271262613485,3.05620603774037e-11,0.9992026728431765
0.99999999999998,9.635979983004831e-51,1.992152746908736e-14
1.5331940170530335e-18,0.9999750281059466,2.497189405326904e-05
7.010173758777953e-18,0.9998690098705924,0.000130990129407642
0.9999999999887941,1.019296988907853e-42,1.1205890130100716e-11
0.999999999999992,6.100367997985655e-51,7.987436586001684e-15
1.587246230430267e-05,2.543514765102872e-09,0.9999841249941809
0.9942209136704159,2.286327781337254e-21,0.005779086329584085
0.9911518255681697,7.038051023336497e-22,0.008848174431830136
8.824122261259067e-13,0.8713709743936904,0.12862902560542713
0.9999999765033311,2.782015826883768e-35,2.3496669047212388e-08
4.221417970500663e-06,2.1132156505053907e-07,0.9999955672604645
0.9928448736391451,9.59651713838956e-22,0.007155126360854838
5.480264147586657e-07,0.0041589198624636505,0.9958405321111216
5.437876589855044e-05,3.6387639165003354e-09,0.9999456175953376
8.983311318926539e-07,0.0051449642739753105,0.9948541373948929
0.9999546655468873,2.0814294122290414e-26,4.533445311265901e-05
0.9912269365416135,7.252941755245061e-21,0.008773063458386583
2.618316818383273e-15,0.9981113381758747,0.0018886618241224927
2.013371449664154e-08,0.00022179892731780896,0.9997781809389676
1.1586925207381374e-34,0.9999999999999996,3.5075561431356174e-16
6.882364816616442e-09,0.0007653877350188244,0.9992346053826163
4.3480401068632266e-35,0.9999999999999998,1.896175130800901e-16
0.9999999999999776,5.199944051010167e-50,2.252054371926603e-14
8.072219851305891e-23,0.9999998092260372,1.9077396277501549e-07
0.9999977750496948,8.155186587771097e-30,2.2249503052407673e-06
2.5936586395183118e-14,0.9996646304747757,0.0003353695251982502
1.315931376872198e-05,2.12434945899512e-08,0.9999868194427367
0.9970209801472105,4.0450889645667168e-22,0.0029790198527894518
1.3056942580902041e-36,1.0,2.5057366765702524e-17
4.985684485546821e-15,0.9999242253103702,7.577468962487878e-05
6.36421115571373e-25,0.9999999998046334,1.9536665715903762e-10
0.999996957335075,8.216584457983731e-30,3.0426649249732056e-06
3.8875216654226294e-22,0.9999999943728404,5.627159633627885e-09
2.271850777756752e-09,0.004000194651628885,0.9959998030765204
0.9999999056595139,1.5280832976300793e-32,9.43404860003767e-08
1.6446813299748145e-09,0.0014318392215698617,0.9985681591337489
1.4812591573522646e-06,0.0036935662954928217,0.9963049524453499
6.034321939879877e-37,1.0,1.3860252167851052e-17
0.0001600690871017928,4.96775769603435e-10,0.9998399304161225
0.9928794949665244,3.538883169145777e-21,0.00712050503347563
0.0038002227205228716,2.1380329577643477e-11,0.9961997772580968
0.9999999999817628,6.860957035211798e-42,1.8237287225535118e-11
2.6528980416384824e-09,0.71394348162624,0.28605651572086205
3.203814167922816e-19,0.9999923944174971,7.605582502803085e-06
0.0034032874264253925,6.786040014456509e-12,0.9965967125667885
0.9999999994308066,2.4799992604944275e-39,5.691934247286413e-10
0.00026447464019201827,6.060819810284751e-10,0.999735524753726
0.999999993458446,6.264546041063226e-36,6.541553924759387e-09
3.7293238733253936e-34,0.9999999999999991,9.195733096263482e-16
4.654223516964105e-21,0.9999991450988185,8.549011814992822e-07
1.505498534725559e-15,0.9999567493308456,4.325066915275945e-05
5.414058817984794e-32,0.9999999999999738,2.6175397135399708e-14
0.9994312066395479,4.851608201215285e-24,0.0005687933604521639
8.589566419568228e-25,0.9999999997539344,2.46065674910789e-10
0.9999999999964486,1.3736136095625267e-43,3.551338967703012e-12
1.2854050026412642e-32,0.9999999999998401,1.5991049881802187e-13
8.341435209909635e-07,0.0012755766431301943,0.9987235892133488
6.359555844388307e-09,0.0041907405463509385,0.9958092530940933
1.7812952583968848e-14,0.9996582013862487,0.00034179861373364104
9.759437921525962e-24,0.999999999126594,8.73405936311962e-10
1.325800180311688e-36,1.0,3.3757865505327244e-17
0.9999999999867537,2.64758714812835e-42,1.3246208921192411e-11
1.251523346270854e-06,1.111460616507996e-07,0.9999986373305921
3.4503866411846396e-11,0.9830847067892545,0.016915293176241696
8.104004440106288e-17,0.9996956172827838,0.0003043827172161072
1.475200801156483e-07,8.703660234845624e-06,0.999991148819685
0.9977355536745326,3.2744834272463283e-22,0.002264446325467508
2.945983966789985e-18,0.999997019912729,2.980087270931893e-06
4.5847355730757025e-07,0.01853445498258211,0.9814650865438607
0.9999977988261305,1.487804954903907e-29,2.2011738694481556e-06
1.3316433106782184e-13,0.9599202481948443,0.04007975180502253
0.9996700854064932,1.6362612831453452e-24,0.00032991459350690465
0.9999998467493008,2.34984822289259e-33,1.5325069919495982e-07
0.9999997050430396,1.6169072431340363e-32,2.949569605642455e-07
1.0213816853837086e-11,0.9834608557628799,0.016539144226906145
1.6174271137057677e-29,0.9999999999995306,4.693040988868343e-13
1.447588349458867e-25,0.9999999998910314,1.0896869864287519e-10
0.9999999918306043,1.922151707157957e-36,8.169395824430307e-09
0.9786547626829181,2.0746437946466178e-20,0.021345237317081944
2.6823969821579707e-13,0.9606509319463827,0.039349068053348896
1.9612738319805368e-26,0.9999999999783957,2.1604359859533625e-11
1.897094858617668e-37,1.0,1.584994944767134e-17
1.4780098541382402e-15,0.9999383426291163,6.165737088214091e-05
0.9916335143978543,8.72168485901974e-21,0.008366485602145736
5.43545319125011e-29,0.999999999999146,8.539694090195988e-13
0.9999499566747145,2.0301712151361334e-27,5.004332528554409e-05
5.787642920647841e-19,0.9999987469391399,1.2530608601431831e-06
0.9999999999944273,3.781505152640365e-43,5.572654576047053e-12
0.9999996571749695,2.70476469129355e-32,3.428250305108914e-07
0.9992393866440968,4.0310466993300824e-23,0.0007606133559032643
3.4874490059843307e-06,0.0008033154635563895,0.9991931970874377
8.775801146915022e-23,0.9999997500128895,2.4998711052035026e-07
0.0011686467073843195,2.0530739203213622e-11,0.9988313532720849
0.999999999999883,2.2519201633857445e-48,1.1706447094725852e-13
1.8003604896436168e-26,0.9999999999778899,2.2110078491542216e-11
3.904158519816139e-08,0.15724945212022187,0.842750508838193
1.3108308183327444e-26,0.9999999999602449,3.9755102105730404e-11
1.1622858649162008e-10,0.955171927128666,0.04482807275510542
0.9999999999754505,1.289930420445565e-42,2.4549443738840783e-11
3.2827640038426264e-24,0.9999999890257015,1.0974298446244763e-08
1.2013031828276428e-09,0.021050785444371205,0.9789492133543257
4.389378175381409e-15,0.9998843679371089,0.00011563206288671051
9.142790178787426e-30,0.9999999999996045,3.9546823402516406e-13
0.031003329237655117,3.357062161406022e-13,0.9689966707620092
2.3773011089746232e-26,0.9999999999772717,2.2728153356559604e-11
7.314036925131346e-14,0.9850493311125565,0.014950668887370388
1.2274518510468956e-14,0.9950767588458682,0.004923241154119379
1.7957505038775636e-05,5.562955102177329e-09,0.9999820369320063
4.3596795136722905e-07,1.0526080890112519e-06,0.9999985114239597
0.0003873409162395917,3.6352679969591605e-10,0.9996126587202337
1.0242647753625918e-26,0.9999999999819629,1.803718387290328e-11
3.6644505215981826e-05,2.1033269429634857e-08,0.9999633344615146
4.510929778405553e-15,0.9978108232545108,0.002189176745484891
2.508495052457125e-09,0.7885238667044565,0.21147613078704852
5.644814806417455e-08,5.096772421672897e-05,0.9999489758276351
3.878595477867456e-16,0.9999592933970017,4.070660299795187e-05
1.3219906875990006e-28,0.9999999999957003,4.299566690440042e-12
0.9999998833695071,4.391586585505698e-33,1.1663049289068915e-07
1.3059826204308034e-14,0.9997866008453742,0.00021339915461267064
0.9999999997641673,5.5876559505678535e-40,2.3583277727913333e-10
2.660887123802289e-10,0.9495695987150761,0.0504304010188354
0.00026898406646381644,4.4632256848153895e-11,0.9997310158889039
0.9999999999840747,2.413552677194545e-43,1.592522241282694e-11
6.622733039985887e-19,0.999999091885599,9.081144009064759e-07
7.809695167002905e-10,0.004713458179884047,0.9952865410391464
9.156215897279247e-28,0.9999999999296783,7.032182271923207e-11
0.9999999999941933,7.234195100020554e-45,5.8067461512056265e-12
0.9999999999458304,1.5449358569215502e-40,5.416948323833615e-11
0.9999999999993883,7.913686128417066e-47,6.116418284597338e-13
0.99999999999997,4.456230811181591e-49,3.004413600933986e-14
6.298856309202252e-36,1.0,9.334838059164516e-17
8.212901862434935e-28,0.999999999996459,3.5410102860041576e-12
0.0028210328544815036,1.9744671394038315e-07,0.9971787696988046
5.687609228183294e-16,0.9984037980869489,0.001596201913050417
0.9999999990331601,2.2586656378070875e-38,9.668398900922059e-10
2.991650804399369e-09,0.00013879356982974934,0.9998612034385195
4.3562795935625515e-08,3.319807943251856e-05,0.9999667583577715
0.00018961488999034805,1.4554253732239522e-09,0.9998103836545843
0.9999998287302931,1.1385550841906558e-32,1.712697069441209e-07
1.0408119572992794e-08,0.2218255280424036,0.7781744615494769
1.2979427622563802e-21,0.9999999835560383,1.644396174140705e-08
0.9999999999998228,1.9449478494233675e-47,1.7714382314923826e-13
0.999999437420065,7.204884501465273e-32,5.625799350677107e-07
5.132910462229537e-16,0.9993216950734568,0.0006783049265427914
0.99946832559607,7.210383246150271e-25,0.0005316744039300081
2.714077334102566e-22,0.9999999944548208,5.545179106225808e-09
3.2422467466736788e-06,6.269666539981605e-08,0.9999966950565878
1.1961555363251494e-16,0.9999952487031506,4.7512968492835016e-06
0.999896150484642,3.4615253306283925e-26,0.00010384951535812476
3.7593758129949346e-07,5.121440761010533e-06,0.9999945026216577
1.6149087599384205e-05,1.8726960081787284e-09,0.9999838490397046
0.993833835021291,4.089743872640705e-21,0.0061661649787090045
1.4844000284386644e-10,0.15721420667759103,0.842785793173969
5.292676631959827e-05,1.326963737340331e-09,0.9999470719067166
5.768449269250698e-09,0.0021658384624737583,0.997834155769077
2.518905088946167e-06,1.9451542585227671e-07,0.9999972865794852
0.000861114338788662,1.6838033979142766e-11,0.9991388856443734
8.18393209993211e-08,3.305517560963582e-05,0.9999668629850694
3.753598494107996e-06,0.0021193457739843947,0.9978769006275214
1.1389335866655584e-10,0.9556253748537857,0.044374625032320994
9.494997216918517e-24,0.9999999988885473,1.1114527493072654e-09
3.0065475284583765e-11,0.19987277021290076,0.8001272297570338
0.9999438038893756,1.1481656003187048e-26,5.6196110624290356e-05
0.0005587270364176384,1.2391904917525213e-10,0.9994412728396632
6.218841110783045e-10,0.9036264685911375,0.0963735307869784
1.871576794937536e-20,0.9999999213027237,7.86972763467553e-08
0.00046679700224584026,6.204516534997006e-11,0.999533202935709
2.7529083444782938e-08,7.272037014790605e-05,0.9999272521007687
6.428609234163124e-20,0.9999999044770174,9.552298261144798e-08
0.9999999999999705,6.458205769308345e-50,2.953098172839515e-14
7.575202898148333e-09,0.00031216674524400524,0.9996878256795532
0.007958597175960636,1.589697586967258e-12,0.9920414028224498
7.671907167243875e-06,0.0006165232390970527,0.9993758048537357
0.9999999999983444,3.09885355297733e-45,1.6556446043583464e-12
2.4037432381256608e-08,0.0003216342391452777,0.9996783417234224
3.6244129737513523e-22,0.9999998695999456,1.304000544421866e-07
0.9999999999669087,1.0475014279795439e-42,3.3091203179139444e-11
0.000331643144784343,1.22361189146539e-10,0.9996683567328544
1.5808803568451394e-15,0.9999186381905726,8.136180942591626e-05
2.72369263648457e-25,0.9999999917388548,8.26114534382194e-09
0.9999996280463606,1.6305200043588018e-31,3.719536394979623e-07
4.18377632398896e-17,0.9999928666262797,7.133373720311062e-06
4.036717935408108e-21,0.9999984230090158,1.5769909842386348e-06
4.615618261357992e-05,1.185720631145073e-09,0.9999538426316659
1.065114697083384e-09,0.009806509718761555,0.9901934892161237
0.9999999999999813,8.758113128399825e-50,1.859216694122709e-14
1.689863989237227e-08,0.00014037049101146856,0.9998596126103486
0.005633978218136364,8.156932861866864e-13,0.9943660217810479
1.8317283109497807e-30,0.9999999999998701,1.299864012544516e-13
1.1821376927372641e-07,1.638226437399673e-05,0.9999834995218567
0.9999999995794244,2.806196309901622e-38,4.20575621399701e-10
0.9999893949725978,1.4809300547023392e-28,1.0605027402194379e-05
0.9999444896846792,1.104565849780945e-26,5.551031532066654e-05
6.804898550546731e-35,0.9999999999999996,4.91667664303735e-16
0.9999966996104421,2.1987227510181152e-29,3.300389557806974e-06
3.593293462685609e-11,0.9847478037935288,0.015252196170538343
0.9999999999999787,1.9958615761203196e-50,2.1331701957797644e-14
0.9999996004653757,3.016620033323173e-32,3.995346242565254e-07
0.007394712644928984,2.2610445041576073e-12,0.9926052873528101
2.4998854373345057e-19,0.9999907381692161,9.261830783866269e-06
0.9999999989936936,3.976919124715523e-38,1.006306354151398e-09
3.556866855332074e-24,0.999999998890897,1.1091031292618791e-09
1.5925424757099628e-05,1.994613725416846e-05,0.9999641284379888
0.9994552476554492,5.798598090297716e-24,0.0005447523445508154
1.3445422982074673e-06,0.0019068420133631064,0.9980918134443387
0.9999999999188931,3.7652763703417874e-41,8.110685283873763e-11
1.1181136480660204e-10,0.07357840398938394,0.9264215958988048
0.9999999999852607,1.918088108789816e-42,1.473930817710895e-11
5.141327950561506e-20,0.9999997562089126,2.4379108730767626e-07
9.322117677262488e-12,0.9909391102734385,0.009060889717239236
0.0005780164688399201,3.141786393119905e-10,0.9994219832169814
0.9999999999528417,2.1015838445695725e-42,4.715817406087847e-11
0.9999999258681144,3.1950846706108874e-34,7.41318855965659e-08
5.176430275274391e-08,1.682956374864201e-05,0.9999831186719486
3.794076169118349e-33,0.9999999999999949,5.051738324992568e-15
3.78210293473867e-16,0.9983499983971118,0.0016500016028878147
1.378261048853675e-19,0.9999996476274555,3.523725445416939e-07
8.151929785999931e-13,0.9969452394313447,0.0030547605678398993
9.405075908365709e-05,1.5257817458561682e-09,0.9999059477151346
0.4511103533480324,1.6559347465895098e-11,0.5488896466354083
4.694684915106495e-20,0.9999971576916541,2.8423083460199488e-06
0.9999999941499318,1.1916100495286201e-36,5.850068112849629e-09
0.9999999901887536,2.0372324738529595e-36,9.811246458826718e-09
0.9999999892916612,3.491244556604457e-35,1.0708338862147363e-08
0.9999986521293154,8.60414716744581e-30,1.3478706846003433e-06
0.9999975986269743,1.4004951320032587e-30,2.401373025554485e-06
0.9996737986221812,2.2204542607742077e-24,0.0003262013778188622
6.5706145374435184e-15,0.997094829733796,0.0029051702661973
0.9999990794877978,8.102865960248497e-31,9.205122022047292e-07
0.9999999999949352,5.939829177697863e-43,5.064777562698908e-12
3.5817601952241113e-09,0.0007671134152502171,0.9992328830029897
0.9999999999010221,4.032268999784138e-40,9.897794387478541e-11
4.501751457995527e-38,1.0,8.871533622968599e-18
3.936698394578283e-27,0.9999999999849871,1.5012937178215663e-11
0.9999999849083365,3.212282964715328e-35,1.5091663525869677e-08
0.9999999999708653,1.7414535349309676e-41,2.913466849049215e-11
0.9999533468347341,1.1786637143891746e-26,4.665316526585642e-05
5.988088176332853e-09,0.0006030481080783749,0.9993969459038334
0.9999638413036356,2.8425055501957554e-27,3.615869636430579e-05
0.000437585692732931,8.441789482885387e-11,0.9995624142228491
1.1472272891511793e-30,0.999999999999946,5.396120482948781e-14
0.9999974486532609,9.499071607256929e-29,2.551346739106276e-06
6.538981170639447e-16,0.999289056906898,0.0007109430931012316
1.0260436089953239e-08,0.0015764570694599006,0.998423532670104
1.6937632946726734e-07,1.4458988208594657e-05,0.9999853716354619
0.9999999999224072,3.0920120264321104e-40,7.759271912191469e-11
9.671333816075792e-16,0.9999579872671772,4.201273282196832e-05
0.0003307316920458722,5.62762212783842e-10,0.9996692677451919
0.00021911559633500748,2.9355907953711185e-10,0.9997808841101059
1.0594187954422577e-07,8.303347891969816e-06,0.9999915907102286
1.212190258196017e-22,0.9999999962234882,3.776511844469881e-09
0.9999936703627931,4.0423141692845014e-29,6.329637206783039e-06
0.9999999999999907,7.54668068237636e-51,9.320967902338824e-15
3.6182219193636066e-06,4.082544550522054e-08,0.9999963409526351
6.619228544718545e-08,1.751549652448589e-05,0.9999824183111901
1.8243126205446406e-31,0.9999999999999301,6.99413163516704e-14
3.3410439236212344e-22,0.9999999945194098,5.480590135782556e-09
0.9989671641180439,2.525283582481978e-23,0.0010328358819560806
3.252863549644884e-33,0.9999999999999971,2.9587216195350665e-15
0.9999985575680681,2.591970112613782e-30,1.4424319318519754e-06
4.567691792170013e-21,0.9999999688666342,3.1133365837980394e-08
0.9999999999853779,7.922239895253532e-42,1.462201671885263e-11
7.499093561758229e-08,1.259949731763331e-05,0.9999873255117467
1.2360574658212026e-05,0.00016558923685208046,0.9998220501884898
4.041865988536282e-07,3.060729472158198e-06,0.999996535083929
0.0001356846578042125,5.901011338983388e-10,0.9998643147520947
1.149994294242523e-05,1.1237541978655665e-08,0.9999884888195155
0.9999999999999796,2.8617019761717887e-50,2.036513700649089e-14
0.9999976544659598,9.849796440878973e-31,2.34553404008278e-06
1.1125452754083378e-07,7.187553609199152e-06,0.9999927011918632
0.9999999579963175,7.323199717205631e-35,4.2003682553295336e-08
6.984692882707743e-21,0.999999923232625,7.67673749783283e-08
3.951743284150741e-09,0.5732243709616369,0.42677562508661976
0.9999779751387358,7.936803573167911e-28,2.202486126422041e-05
3.28911311979266e-18,0.9999968103918664,3.1896081335407866e-06
4.418677933381321e-22,0.999999989748137,1.0251862977322955e-08
1.5298829888023263e-05,3.3878548208362214e-08,0.9999846672915638
1.5088048232501814e-08,5.8647902839103814e-05,0.9999413370091126
0.9879055135870787,2.767394423678523e-20,0.012094486412921357
6.083895225141572e-15,0.9927848924431862,0.007215107556807659
0.0009874119342966382,5.749431497752102e-11,0.999012588008209
1.0496755976520825e-15,0.999941472998992,5.852700100678437e-05
1.2136319993663047e-06,0.0056768724529406515,0.9943219139150601
0.0010135518029629838,2.0221282289590132e-11,0.9989864481768157
1.5143401847491048e-37,1.0,8.1312387034981e-18
0.9999997712688332,1.0155769564364281e-32,2.2873116665647386e-07
0.9999961045667719,1.8936088909178177e-30,3.895433228078146e-06
9.428417057547936e-16,0.9999615710021952,3.842899780385996e-05
0.9978899358254111,3.611930204810557e-22,0.0021100641745889414
2.686175139454393e-05,3.054980575274361e-09,0.9999731351936249
6.098393157579958e-13,0.9986024327583958,0.0013975672409944572
2.6891879520111927e-08,6.015600189679187e-05,0.9999398171062236
1.5848005503268407e-25,0.9999999978602765,2.139723503400088e-09
6.159660030008035e-06,2.1312421330908134e-07,0.9999936272157566
6.827810230018404e-21,0.999999881576529,1.184234709210623e-07
0.9999925841645937,4.488195991038506e-29,7.415835406248811e-06
0.00031793649885154585,5.293535905274355e-10,0.999682062971795
4.738751564774431e-19,0.9999993686049861,6.31395014069965e-07
0.13635092303317894,3.7319456876349885e-10,0.8636490765936264
7.144418619765704e-35,0.9999999999999998,2.4395810754753007e-16
0.9999999999654403,1.2029398702860016e-41,3.4559688424692307e-11
0.005702744584964669,5.8730052465518806e-08,0.994297196684983
0.9997053332951895,1.1124439700369406e-25,0.000294666704810521
3.293656123831513e-08,0.44336651423413265,0.5566334528293062
4.798503137302504e-11,0.9579560076570311,0.04204399229498385
1.2643084980744676e-06,1.0990550330077584e-06,0.9999976366364689
0.9999610801829166,1.9992921773910265e-26,3.891981708332531e-05
6.54499937185849e-33,0.9999999999999916,8.473622566062721e-15
0.999886327605635,2.860111888262761e-25,0.00011367239436493827
7.961510175430424e-17,0.999988533305814,1.1466694185991947e-05
1.3435564738595232e-14,0.9996606792894744,0.00033932071051194897
1.853410093904202e-11,0.9833666297248405,0.016633370256625424
0.9999982754318218,1.0158553844172171e-29,1.7245681782707197e-06
0.0029397312817225733,4.488574822908544e-12,0.9970602687137888
2.9606411719689723e-07,2.8471915885127236e-05,0.9999712320199977
0.9999999995279409,6.518873123762026e-40,4.720591144597394e-10
0.9999999999999916,3.986372920249964e-51,8.530398824899576e-15
7.900909524216369e-30,0.9999999999996905,3.0953361974430766e-13
0.9999999512018348,5.785345035465698e-34,4.879816521866009e-08
2.050820445647274e-07,1.8522147545653517e-06,0.999997942703201
9.038279922662793e-17,0.999572694186851,0.00042730581314902685
1.939691642724086e-36,1.0,3.4893292541262544e-17
1.794434177815719e-07,0.10606590048739929,0.8939339200691829
8.216614989074682e-08,0.09506268048714668,0.9049372373467033
4.527520292369576e-21,0.9999999111584909,8.884150922075129e-08
1.7371400707306615e-18,0.9999992024591443,7.97540855762173e-07
1.0266688051851236e-08,0.0001416866030775308,0.9998583031302344
3.0474125876900757e-18,0.9999972907326005,2.709267399585863e-06
0.9949299836649749,4.248420064950415e-22,0.005070016335025201
0.0009250097241202391,5.226078386583161e-11,0.999074990223619
0.9999999999655089,2.399141678742659e-40,3.449100629057269e-11
0.00012506245718198544,3.0009209273565963e-10,0.999874937242726
0.9999999999998745,2.4005643240673166e-48,1.2555601172321096e-13
0.9969289684419755,2.657527372497284e-22,0.0030710315580244544
6.482364081647582e-33,0.9999999999999964,3.5504309393407247e-15
1.9418139293273095e-15,0.9985478016760982,0.0014521983238998358
0.9900658927996797,7.92807960306279e-21,0.009934107200320199
4.415557544050592e-12,0.7978041362885332,0.20219586370705125
1.3891119385054011e-10,0.9586606240554431,0.04133937580564573
0.9999999803450955,1.3729591485098432e-34,1.9654904475482804e-08
1.3676730136201901e-21,0.9999999697646205,3.023537949272967e-08
2.334793428797797e-19,0.9999997514233613,2.485766387912177e-07
8.175013624964017e-15,0.9955212185130845,0.00447878148690742
7.5938303302016385e-06,3.925630583063879e-08,0.9999923669133639
0.0005762724886892108,1.7151383724000538e-06,0.9994220123729384
1.8249831849204075e-08,0.41693524152929434,0.5830647402208737
8.917191800747351e-21,0.9999999493651063,5.063489370840019e-08
0.9999914659497844,1.8758417715551633e-28,8.534050215711428e-06
0.9999999999985874,1.624887161950857e-45,1.4126788816707915e-12
0.999999999996986,7.597739512929232e-45,3.0141117584217166e-12
2.3916492362153317e-13,0.9982563074923793,0.0017436925073815786
0.9999959420505009,9.289461746300457e-29,4.05794949907404e-06
0.9999999999999336,4.994742616411309e-49,6.63585097919043e-14
0.9999999993887865,4.016528178406386e-39,6.112136304358418e-10
2.5888004859356265e-05,2.3506502019613476e-05,0.9999506054931211
0.9999688576389409,5.062210390500714e-28,3.1142361059144125e-05
2.9208649348366136e-05,8.383150128922404e-09,0.9999707829675014
1.5876535268028376e-05,1.2565207165508005e-08,0.9999841108995248
2.5305436649352207e-07,1.1123998729508957e-05,0.999988622946904
0.9964651274105066,5.310323788260986e-22,0.0035348725894932542
0.9999999997983431,1.868241420783029e-40,2.0165696058720979e-10
0.9990213882395965,7.599972110811344e-24,0.000978611760403417
0.99999999999994,7.513701427908553e-49,5.987790736707641e-14
1.592782654328456e-08,5.314774052262739e-05,0.9999468363316508
2.0493408497700742e-13,0.981959941419081,0.018040058580714086
1.7913419910369042e-12,0.9978830474274647,0.002116952570743777
9.325911725083976e-23,0.9999999937087167,6.291283321872788e-09
0.99957788557725,6.953282835649533e-24,0.0004221144227498631
0.9999999934140613,4.0845099041247267e-35,6.5859386689369035e-09
2.9933099849716947e-17,0.9998203878293751,0.00017961217062485973
0.9999992914415077,1.3623270356990267e-30,7.085584923694215e-07
4.273674188287657e-05,1.3903159614150336e-05,0.9999433600985028
3.0008072132198267e-05,2.3226512066747093e-08,0.9999699687013558
0.9999999999999618,1.0642492432251726e-49,3.814486961426243e-14
0.999935406283721,5.989559697221338e-27,6.459371627907823e-05
0.9999999539885113,2.1879016675493006e-34,4.601148862827664e-08
0.9999999999322187,3.4425694105996103e-41,6.778129492005629e-11
0.9997678633619119,1.0650939275165738e-24,0.00023213663808812718
3.629166114801707e-07,1.8339588108394546e-06,0.9999978031245776
0.9861602593364345,3.8274148094329095e-21,0.013839740663565414
1.6925524196292956e-22,0.9999999915566121,8.443387862555507e-09
4.936049646718943e-10,0.8748619264345827,0.1251380730718124
1.0135885175387767e-05,1.0438992500643817e-08,0.9999898536758323
0.9999999998549856,4.603152007105838e-41,1.4501452745795847e-10
0.9999999925350408,3.9912081827160395e-36,7.464959150818105e-09
7.528884108660494e-36,1.0,8.015248332168161e-17
0.9999763514266494,5.231163437062927e-28,2.364857335053461e-05
8.999792043660855e-06,3.472788411507169e-08,0.9999909654800722
4.15363459569264e-16,0.9999720425213438,2.795747865575161e-05
0.9997774102609692,8.501043749790552e-25,0.00022258973903086822
0.9983147084265098,1.1072003522188837e-22,0.0016852915734902223
0.9999999995764044,1.1745345943313435e-38,4.235956899338949e-10
0.9999999278009538,1.6421498105980592e-32,7.219904618912666e-08
1.4626921706920193e-14,0.99956280734893,0.000437192651055354
7.532571219807403e-10,0.002874796347594619,0.9971252028991483
4.207530773667948e-08,0.000138428538196754,0.9998615293864954
8.932309994306001e-07,3.4433631284767483e-07,0.9999987624326877
0.9999999625825923,3.2445965830628884e-34,3.741740769801773e-08
6.697135710868452e-05,3.347011583524366e-10,0.9999330283081901
0.9999999999999909,7.560036740105447e-51,9.044184488721589e-15
8.051625561338589e-07,1.516183045910476e-07,0.9999990432191391
1.1407515732090093e-09,0.006203396912281875,0.9937966019469666
0.9999999999998357,4.541382577573757e-48,1.6437041769702988e-13
2.735134714655106e-07,0.016397071044915026,0.9836026554416135
0.9999998624261648,2.9545117275288447e-33,1.3757383525337735e-07
5.990005350152478e-18,0.9999985615502661,1.4384497339690427e-06
1.3304101920009768e-05,1.3110286847286652e-08,0.9999866827877931
0.9999999999241396,4.608524025647541e-40,7.586050624936884e-11
4.5244738581479147e-20,0.9999972059989044,2.794001095501299e-06
2.1337628870163173e-35,0.9999999999999998,1.1845877196655636e-16
3.4774027997137855e-05,3.246346640451712e-08,0.9999651935085365
0.998843669924866,2.7437710717493603e-23,0.0011563300751341891
0.9999987958865751,6.5146571782796345e-31,1.20411342488494e-06
8.380469633498132e-09,0.37266756622093294,0.6273324253985973
0.9999999999997711,2.122309815103225e-47,2.288434518243505e-13
0.9999999999848883,1.7436240700590259e-43,1.511157888293608e-11
1.0618137418086879e-17,0.9999972278113628,2.772188637309325e-06
9.570776859357389e-08,9.589888731909464e-06,0.9999903144034995
2.7603545509456657e-05,4.366953681784248e-09,0.9999723920875367
0.9999999989002846,3.3355654460102044e-37,1.0997153204893998e-09
1.5175488924551395e-18,0.9999987695813939,1.2304186060107938e-06
0.9999553416812855,1.2173145556154347e-27,4.4658318714499445e-05
3.040956910731682e-23,0.9999999977970071,2.2029928352929307e-09
1.435233496537048e-19,0.9999996369404917,3.6305950839721333e-07
8.58375350133275e-31,0.9999999999999485,5.15247962098117e-14
1.0108229562311292e-13,0.9858576369092317,0.014142363090667217
0.17525106330340012,2.4594388810050203e-14,0.8247489366965753
5.370914341910728e-05,1.0769143571200638e-08,0.9999462800874374
1.7663123961398756e-06,2.6341178432990315e-07,0.9999979702758195
9.248109038244024e-16,0.9999286841140022,7.131588599690082e-05
1.8918154797433524e-26,0.9999999999751565,2.4843433953325342e-11
1.620272580925807e-36,1.0,4.504810356615913e-17
0.9999999217802676,1.9276812201268418e-33,7.821973230155848e-08
2.1963644836489958e-07,2.95839513090847e-06,0.9999968219684208
2.8659706444943825e-13,0.998622337765359,0.0013776622343545798
1.4529976413183306e-23,0.9999999680882105,3.191178955600612e-08
5.055067849628752e-08,0.1867711808735403,0.8132287685757812
5.925233091736274e-08,6.621249810655724e-05,0.9999337282495625
0.9999999999836393,4.5707956638094725e-43,1.636076051570606e-11
6.975437704154422e-07,0.010538154908961943,0.9894611475472677
3.491558764808427e-06,4.0494574414334334e-07,0.9999961034954911
2.180428916565758e-36,1.0,3.919851795513803e-17
2.579607873814439e-07,2.0811281136782016e-06,0.999997660911099
8.202407368288708e-35,0.9999999999999996,4.594456280499708e-16
3.050843386410589e-26,0.9999999994109381,5.890618088339695e-10
0.9999999999999705,1.0046474480733886e-49,2.959567711820425e-14
3.4593587823669196e-22,0.9999999923288553,7.671144666051275e-09
6.569120611252154e-24,0.9999999991215376,8.784625113283751e-10
0.9999999999803886,2.241798357588721e-42,1.961146169991316e-11
8.17408166868005e-36,1.0,8.685301925771456e-17
0.9999999999756244,3.934516769836062e-43,2.4375510608384594e-11
0.9999999867153406,1.4221536009073747e-35,1.3284659424955061e-08
0.9997674755449719,8.465101161009363e-26,0.00023252445502816132
0.9999999993625515,1.2605784871950647e-37,6.374486380986296e-10
0.998105363092784,4.893835247984124e-24,0.0018946369072159518
0.9999999993153801,2.2164117324831923e-39,6.8461989039919e-10
9.924617934360829e-37,1.0,4.1358038423394906e-17
1.2024920470824425e-05,2.1042423830743776e-08,0.9999879540371054
0.9999996618446676,6.248396808287447e-33,3.38155332319547e-07
3.4491022406574083e-10,0.8676076292239691,0.13239237043112065
1.2475149069279047e-19,0.9999997319695045,2.680304953535605e-07
7.191824703808291e-12,0.9788812795454259,0.021118720447382184
1.3388955743036954e-17,0.999905286746494,9.471325350603596e-05
5.746219224337011e-27,0.9999999999717222,2.8277735943785794e-11
0.9999999999999962,1.0548575942267892e-51,3.684919088400734e-15
0.00011838255926580373,4.0622154308371025e-10,0.9998816170345126
1.2970506707898441e-15,0.9974919119250361,0.00250808807496267
3.294109483082889e-16,0.9999788449733429,2.1155026656913686e-05
0.996159807938886,2.773795962241458e-22,0.003840192061114072
2.4451869758473036e-07,0.01165263817607627,0.9883471173052261
0.9999999749548885,7.529829971188556e-34,2.5045111649213368e-08
8.910264132548815e-06,1.1495354983838124e-08,0.9999910782405126
2.1810318453175915e-25,0.999999999896741,1.0325891693388971e-10
7.520804109751825e-10,0.009822799378633658,0.990177199869286
1.9479340209801867e-06,2.963608649885092e-07,0.9999977557051141
0.9999999999920504,4.439084987991698e-43,7.949578251901037e-12
0.9999999999903981,4.740801170118169e-43,9.60178752634517e-12
1.1366862947367099e-05,6.169880719562683e-09,0.999988626967172
0.0009515109432641635,1.2934198642201796e-07,0.9990483597147494
0.00032096472623407925,6.22071609931712e-11,0.9996790352115588
0.9999999916437671,5.408649280545051e-35,8.356233052755088e-09
2.4414211199769025e-07,1.9234314507227783e-06,0.9999978324264372
0.0009171275935158532,1.9884990355294865e-10,0.9990828722076341
3.795249696046091e-08,1.919623506604706e-05,0.999980765812437
2.877534104185791e-17,0.9999933139644301,6.686035569792072e-06
3.194309842429292e-35,0.9999999999999996,3.623381310784789e-16
5.2403602723513795e-21,0.9999979680723041,2.031927695730289e-06
1.6359573702997223e-08,0.2042626264292186,0.7957373572112076
2.0210242259433526e-09,0.8320935133344577,0.1679064846445181
0.9999999999711633,1.6839739927967688e-41,2.8836747476466095e-11
0.9999999999127673,7.048704880295576e-42,8.723262660613589e-11
4.198580659973292e-11,0.9546411219878566,0.04535887797015744
4.620555762126683e-06,4.880338947431653e-08,0.9999953306408484
1.879277529794129e-34,0.9999999999999993,6.161167580750438e-16
2.19784607034863e-24,0.9999999995834352,4.1656472144807933e-10
0.9999999999977423,4.566059093981701e-45,2.2577597872809007e-12
2.694444114287634e-05,1.911146741267909e-08,0.9999730364473897
0.999999947121874,2.962058796819197e-34,5.28781260489206e-08
2.5242324361901913e-17,0.9999943608666119,5.639133388041464e-06
3.7725277223852787e-22,0.9999998444494991,1.555505009508542e-07
0.9999999624173165,8.582170195654168e-34,3.7582683629270545e-08
3.1007693052114385e-19,0.9999990474059518,9.525940481621403e-07
1.525834614340359e-23,0.9999999982829768,1.7170231113683963e-09
3.630994344989027e-14,0.9993741453643309,0.0006258546356327851
0.9994783651797997,2.9935216678986346e-24,0.0005216348202002706
0.9999406093892853,6.599866797897953e-26,5.93906107146085e-05
0.9999999999999714,7.12805949197304e-50,2.870611176819241e-14
0.9999999999893978,2.749746233566424e-43,1.0602159620095368e-11
2.0029993057178165e-22,0.9999999925662209,7.4337790616422715e-09
0.9999907252726579,2.0671934394037774e-29,9.274727342104332e-06
0.9999999999987581,5.752148213220113e-46,1.2419954196693242e-12
6.212454570114026e-08,9.470627941195489e-05,0.9999052315960423
1.4427857710800748e-36,1.0,2.5700441199409707e-17
1.3152644790475897e-15,0.9985233673077107,0.0014766326922880067
3.040623268924634e-35,0.9999999999999998,1.498661542048388e-16
1.0581639250864497e-16,0.9999798799120428,2.0120087957144423e-05
0.999999999960645,1.3561727139163675e-42,3.935492466746764e-11
0.9996418080372577,2.8170820169378236e-24,0.000358191962742311
0.9999997327665017,3.8274026169610574e-32,2.67233498394292e-07
8.675551961918434e-22,0.9999999839079166,1.6092083446880927e-08
0.9999966232480081,1.754606964154887e-29,3.3767519918747576e-06
4.109882815722071e-32,0.9999999999999905,9.536340695381589e-15
3.7001063854598613e-34,0.9999999999999993,7.658124950651251e-16
3.140246207700325e-08,0.0004329425159430885,0.9995670260815948
1.037928978619664e-22,0.999999996298266,3.701734042897145e-09
1.9561600636596209e-07,7.647011825917634e-06,0.9999921573721677
4.909653381582352e-31,0.9999999999998925,1.075805981988249e-13
1.0803238889495265e-23,0.9999999988598527,1.1401472260764306e-09
0.0002485048133759026,9.553940226881832e-11,0.9997514950910847
1.617283774657522e-19,0.9999992541195205,7.458804794647344e-07
0.9999999999941089,2.1787864310991847e-43,5.891142006656845e-12
0.9999998681781973,1.7513801812940825e-32,1.3182180264141167e-07
0.9999028014050179,1.1647553748519587e-26,9.719859498207079e-05
0.9998534688022815,1.0341585114381666e-25,0.00014653119771851643
3.9639606740928415e-07,6.378131577121169e-07,0.9999989657907749
1.5605194939441314e-26,0.9999999999682632,3.173677213394266e-11
0.00033333620732056035,2.808511559275304e-06,0.9996638552811202
1.2895011127596236e-05,5.864395214605671e-09,0.9999870991244771
0.9999999871775526,1.568207343285018e-35,1.2822447343378416e-08
0.9999954730322812,7.971324286987537e-29,4.526967718660832e-06
0.027844909158984632,1.5969671413394204e-12,0.9721550908394184
4.569767525784316e-05,4.273153310459805e-06,0.9999500291714316
2.9860501329672236e-05,7.964146578801045e-09,0.9999701315345237
5.740547696784171e-21,0.9999999607432024,3.925679752953949e-08
1.8282249747119948e-09,0.8356721480058041,0.1643278501659709
0.9999999995716262,2.1696568648323412e-39,4.2837375994417264e-10
5.489585715840564e-13,0.9976680868301138,0.0023319131693372913
7.575059319679764e-18,0.9999963763339046,3.6236660953594262e-06
9.107047402265474e-32,0.9999999999999758,2.4196088646159966e-14
4.5369844278665375e-19,0.9999996175431713,3.824568287210964e-07
0.9995020194673784,8.1011448194561245e-25,0.0004979805326215318
0.0027352793290086504,1.645950247377225e-07,0.9972645560759666
6.634692932893333e-06,6.3991271803364154e-09,0.9999933589079398
6.239207934814406e-19,0.9999993011300036,6.988699963175904e-07
0.9999898775527676,4.77388472528524e-28,1.0122447232406471e-05
0.999999995670668,2.3978587120751755e-36,4.329331939256819e-09
1.2131196503029185e-14,0.9996848802493418,0.0003151197506461834
0.9999999999843567,2.1075450102689293e-42,1.5643189963500093e-11
0.9994460924178069,3.3134164838383906e-24,0.0005539075821930828
2.850079670526866e-06,5.8428304482445465e-08,0.9999970914920251
0.9999999994466142,4.500081003575727e-38,5.533858450704193e-10
2.742090599630979e-07,4.206623946263574e-06,0.9999955191669938
9.714591981734821e-08,9.714535560487362e-06,0.9999901883185197
0.9996190215412091,3.999845912346781e-25,0.00038097845879098846
9.56640417818929e-15,0.9913874944594852,0.008612505540505338
3.35640642093127e-05,7.0259972471818745e-09,0.9999664289097935
2.5306992402570075e-06,7.015822895912563e-08,0.9999973991425307
9.57656208189098e-06,5.959920764097545e-07,0.9999898274458416
0.9999999999998792,8.087309553103138e-49,1.207471688849856e-13
1.7219331214907933e-22,0.9999999927909544,7.209045475284981e-09
0.9997702579349192,4.590997636614483e-25,0.00022974206508077642
0.9999999999732603,4.0956282074800324e-42,2.6739818874484255e-11
0.9999999999999905,5.73976099477581e-51,9.527606040590641e-15
2.1613126656119847e-10,0.09179559130240089,0.9082044084814679
4.352648448663514e-09,0.0005350330104293427,0.9994649626369222
0.9999999999999156,6.548435009621842e-49,8.428459357930997e-14
1.8333554696942708e-05,9.577289450660327e-05,0.9998858935507966
5.162843018074678e-07,4.77623450295465e-06,0.9999947074811952
1.81930587896478e-09,0.0020834613492184194,0.9979165368314757
3.146470027307224e-27,0.9999999996137743,3.86225628641509e-10
2.8554326674335628e-08,8.435221538527328e-06,0.9999915362241348
2.5195718344643097e-31,0.999999999999976,2.3951880447982146e-14
0.9999999997547986,3.423054969789293e-39,2.45201362015536e-10
4.80042831409479e-21,0.9999999691646732,3.083532687427756e-08
0.9999999552662526,1.3757859167973853e-34,4.473374730275745e-08
0.9999999999999922,4.873083294117525e-51,7.840489506491448e-15
3.933856247954986e-22,0.9999999883843892,1.1615610782309306e-08
0.9999913851634096,3.0200631531360625e-28,8.614836590484826e-06
0.9999999563400249,1.5173368589384257e-34,4.365997515385534e-08
2.642558063919018e-15,0.9997777629298407,0.000222237070156785
0.999884158838166,7.6468919791312e-27,0.00011584116183410818
1.1344737848588956e-32,0.9999999999999887,1.1401388679900632e-14
0.9999770408740555,1.8835086672672958e-28,2.295912594443722e-05
2.478523749922554e-16,0.9999865647647782,1.3435235221644653e-05
0.9999999995256368,5.554597065866068e-39,4.743632227136066e-10
1.8118333625332814e-12,0.8701287310774071,0.129871268920781
2.6751420095458897e-25,0.999999999908183,9.181697042804474e-11
2.5382153982821846e-10,0.9063757939780428,0.09362420576813572
3.2200926146453857e-24,0.9999999996292417,3.7075840338053897e-10
1.9082632171556263e-18,0.9999993763401952,6.236598047069546e-07
2.7516142246675296e-29,0.9999999999991716,8.284172663523133e-13
3.6429944908670764e-05,4.217706647974456e-09,0.9999635658373847
0.9999999994554141,1.7101974222466685e-38,5.445858931510283e-10
0.00016913684712825796,1.0298320897826162e-06,0.9998298333207819
0.9999994226722617,3.008180655929905e-31,5.773277382820637e-07
0.99991997416426,5.077736196039329e-26,8.0025835739919e-05
7.351047483364176e-05,5.551819052638951e-09,0.9999264839733473
4.6164747668162805e-06,0.00022078808587550555,0.9997745954393576
0.9999999595609562,3.6919228148517253e-34,4.043904370485239e-08
1.7515961913595676e-07,0.033662645341238674,0.9663371794991421
1.1516836628547357e-23,0.9999999983242938,1.6757063308878578e-09
4.706161585232836e-09,0.7170021424474153,0.2829978528464232
0.9996218967030819,8.37275413050109e-25,0.0003781032969181486
4.38457082358927e-27,0.9999999999888938,1.1106296894026395e-11
0.9999997361173002,8.319745793425828e-32,2.638826996778364e-07
0.9994238424575227,4.673766754186005e-24,0.0005761575424773139
0.999993514799421,7.330464038105787e-29,6.485200579076546e-06
3.4754709893449267e-07,5.630470616101294e-06,0.9999940219822848
0.9999999869029352,2.021100095280576e-32,1.3097064754085458e-08
0.999999999979365,4.605414408272105e-42,2.0634944191862396e-11
0.9999695899045986,2.148852801487195e-27,3.0410095401470498e-05
5.63250320626834e-23,0.9999999972812215,2.7187785428155914e-09
4.877654247920712e-18,0.9999978036709278,2.1963290721908383e-06
0.9999972510952947,1.4209355672888333e-30,2.748904705239505e-06
0.00796271109790121,5.773691873077883e-12,0.9920372888963251
2.4738535568463258e-31,0.9999999999999736,2.641774630529455e-14
0.011091901719861238,2.813996465516423e-13,0.9889080982798574
7.085633999036254e-15,0.9975660806408886,0.002433919359104308
5.350170209100489e-16,0.9999591829114914,4.081708850808847e-05
0.9999999994839448,2.742406997653453e-38,5.160552116318622e-10
0.999999999994647,4.555915689981547e-43,5.352945108168279e-12
0.9999999999999751,4.418275886623303e-50,2.4828023469602276e-14
6.5927252384864585e-06,2.143870450080256e-08,0.999993385836057
1.1427949249410641e-07,2.0120941390653797e-06,0.9999978736263684
0.9986245373318399,2.4158710568014915e-23,0.0013754626681601924
1.207445357701399e-05,3.0916649067542978e-09,0.9999879224547581
0.9999999655615438,1.2260061700309223e-33,3.4438456311501204e-08
1.529986848640719e-10,0.05445363377151577,0.9455463660754855
0.9883998718341711,2.4647529678186678e-21,0.0116001281658288
0.9999247656022751,1.0741184780724476e-26,7.523439772507269e-05
4.445106068304069e-09,0.7749004511509648,0.22509954440392907
0.9999999999913776,2.9844039128368613e-43,8.622385039413373e-12
1.0023553116513314e-06,3.071536200928384e-07,0.9999986904910683
3.5179092170783864e-12,0.9943187578453843,0.005681242151097886
7.136187549139129e-10,0.7892460162007379,0.21075398308564333
7.987388992718136e-10,0.840474189820662,0.15952580938059915
0.9999999999999722,7.28957091288546e-50,2.7741406303409545e-14
4.89953198249969e-20,0.9999997820111193,2.1798888081335994e-07
4.100965236191087e-05,8.991472869201757e-05,0.9998690756189461
5.196390415362708e-25,0.9999999893745494,1.0625450607774833e-08
9.144105206534015e-22,0.999999983100662,1.689933818188898e-08
0.00010261575873298666,5.760440653070612e-06,0.9998916238006139
2.0097787234684467e-06,3.0380324597119117e-07,0.9999976864180306
6.842048584252748e-09,0.40717344129939526,0.5928265518585561
1.9112944489080772e-18,0.9999987864693688,1.2135306313459284e-06
1.840725093588842e-11,0.9737640369280169,0.026235963053575995
4.288700282808758e-05,9.73241087896941e-10,0.9999571120239309
0.9999917164273747,6.462210133589365e-28,8.283572625165899e-06
5.318666245256662e-09,0.0006283628802299778,0.9993716318011037
1.8693396018147948e-29,0.9999999999995071,4.928530547505611e-13
7.107522753555855e-07,0.007964316619600403,0.9920349726281243
2.308557844383652e-06,1.3078170294931463e-07,0.9999975606604525
7.15836436904353e-25,0.999999999822849,1.771509001240914e-10
4.754745233278485e-21,0.9999999209393586,7.906064132340266e-08
2.0565942714411532e-05,4.303439298577186e-09,0.9999794297538462
3.2125985461104947e-21,0.9999999758886463,2.4111353555263637e-08
1.937732220493473e-17,0.9999913702711962,8.629728803808698e-06
6.598388866426931e-11,0.9779707581964587,0.022029241737557322
0.0010512743738343702,2.8257478168460365e-11,0.9989487255979081
1.4589827492152392e-19,0.9999992887866649,7.112133351615833e-07
0.9999998771793648,2.152817715671075e-33,1.2282063517722358e-07
8.142540191718293e-05,2.9893330335278216e-09,0.9999185716087499
4.885375340317626e-33,0.9999999999998619,1.3807028962912637e-13
0.9999999999964329,2.5897644851504188e-43,3.5670731827394947e-12
0.9999998019357211,5.133519487501578e-32,1.980642789342059e-07
2.0120656134112268e-23,0.9999999982497263,1.750273640835404e-09
9.93744959793248e-35,0.9999999999999993,6.802325380765936e-16
0.9998095219433741,5.599087010338248e-25,0.00019047805662594243
3.2406995090393552e-15,0.9999038646628768,9.613533711971234e-05
4.3589110186811866e-15,0.9997439681050961,0.0002560318948994593
9.22694530844837e-27,0.9999999999857492,1.4250736884587946e-11
2.8593053815357524e-09,0.6601593619385075,0.33984063520218705
0.9999987584163476,4.443360272050155e-30,1.2415836524810672e-06
0.9999660804916737,3.99536783221268e-27,3.391950832621988e-05
0.9999999999943432,1.0254430245155961e-44,5.656812807904453e-12
0.0003218957802107448,1.578131394905825e-10,0.9996781040619761
3.0826073514325318e-19,0.9999992845822208,7.154177792438909e-07
1.5038282286375291e-06,9.27157694708485e-07,0.9999975690140768
8.602953029489975e-25,0.9999999998261762,1.7382375523412363e-10
1.478485867094948e-08,0.00023989694123263344,0.9997600882739087
2.8800052274096e-09,0.0015817408576327982,0.998418256262362
0.005444239956094475,5.561503131942412e-08,0.9945557044288742
1.2459767975169865e-09,0.7216283944679026,0.2783716042861204
0.004184765658893231,2.5961701425498655e-08,0.9958152083794054
7.306806488941795e-33,0.9999999999999953,4.6191412938350174e-15
1.877464348719743e-28,0.999999999998487,1.5130609268299315e-12
0.9999748103819734,3.252909865022113e-27,2.518961802665874e-05
1.9016748312838464e-07,0.012045050681760462,0.9879547591507565
7.826254089700033e-11,0.9395366477654354,0.060463352156301935
5.734557138922676e-12,0.9956744594721189,0.004325540522146587
0.9999219224136011,4.2215827655604115e-26,7.807758639874075e-05
1.5530097257846694e-08,0.547378070272646,0.4526219141972568
0.9999999999732347,4.9013896176821195e-42,2.6765216440305096e-11
5.066908591203114e-05,4.2239435099727365e-09,0.9999493266901444
0.9999964767495485,3.204598459802106e-30,3.5232504515274687e-06
2.1073234231109382e-05,2.327943546862006e-09,0.9999789244378254
3.659761517707803e-08,4.194626590965564e-05,0.9999580171364751
1.9642680105637375e-31,0.9999999999999731,2.6820727514875315e-14
0.9999999999956157,1.4507863304846424e-44,4.3843474359494295e-12
0.9999999983515664,6.318556606949319e-35,1.6484335275929008e-09
9.20678214059431e-11,0.9457414690280814,0.054258530879850636
0.9999999555258001,2.6184153537764045e-34,4.447419982777783e-08
9.777867589718159e-17,0.9999766586144495,2.3341385550462334e-05
0.9874228785289588,7.227132860875488e-21,0.012577121471041097
6.865502195723869e-05,1.2958484271955383e-09,0.9999313436821944
1.974663615945693e-13,0.9541294136806087,0.045870586319193954
9.398935908886244e-05,1.8583893853532387e-09,0.9999060087825217
4.2816926379518053e-19,0.9999995608257785,4.3917422162733615e-07
0.9999999999624118,1.5777503755797445e-41,3.758811855155316e-11
1.5108219097976036e-18,0.9999990193781474,9.806218526458326e-07
0.9999968724510272,2.0467929314240379e-29,3.127548972876461e-06
1.5769149248098333e-35,0.9999999999999998,1.832972425576125e-16
3.077218642441401e-37,1.0,1.1827452088398544e-17
0.99999999998912,2.06275581294659e-42,1.0880065876617405e-11
3.2260889545344936e-19,0.9999993057427529,6.942572471929754e-07
2.1558445124335814e-08,0.37404510676906916,0.6259548716724858
0.9999999972617857,5.753487111928891e-36,2.7382142873081046e-09
1.030679076043155e-06,3.559283366102415e-07,0.9999986133925873
0.9999999999821896,4.7842056264233206e-42,1.7810337258662394e-11
9.196501038234681e-06,4.837244159243292e-08,0.9999907551265201
0.9999057032879922,9.822457148212758e-27,9.429671200787137e-05
3.2581251077810302e-09,0.7518469336826983,0.24815306305917653
5.442362744750375e-28,0.9999999998297189,1.7028120056315544e-10
7.508957915644534e-15,0.9998783527988527,0.00012164720113963818
6.4151392323882835e-19,0.9999993054428898,6.94557110130139e-07
5.513175688677534e-09,0.0003553300043066053,0.9996446644825178
8.700250285058728e-23,0.9999999962906427,3.7093572104797282e-09
9.905033630541603e-05,1.9527442477970454e-06,0.9998989969194468
6.0429516573739374e-33,0.9999999999999905,9.439038406124639e-15
4.010738300685792e-07,3.311697349052815e-06,0.9999962872288208
3.818184144885997e-22,0.9999998069313736,1.9306862653117358e-07
0.9999999999999873,7.96947381198211e-51,1.257503446357979e-14
0.9999999976443386,1.121385228001756e-36,2.355661512319181e-09
3.0796172827264773e-18,0.9999977868199649,2.213180035084587e-06
4.541074743798848e-09,0.006020758854313018,0.9939792366046123
4.743575443514458e-10,0.8170776421393451,0.18292235738629734
6.711953102388273e-13,0.9974262897918178,0.0025737102075107593
6.745367949439025e-13,0.9422308101328286,0.05776918986649693
1.7981745041256663e-07,2.0250972389618002e-06,0.9999977950853107
1.7058526890405253e-05,1.7396711781215467e-08,0.9999829240763979
1.6403841691412579e-25,0.9999999999237978,7.620211121851976e-11
3.879451323315731e-16,0.9999505936341379,4.940636586181e-05
0.999999999976571,9.339446095608224e-42,2.3429088951247326e-11
4.481316162909347e-28,0.9999999999958291,4.1708156463542735e-12
3.975874030017952e-12,0.990783334195673,0.009216665800351225
1.227042974335877e-09,0.7166645707756237,0.28333542799733336
5.9604539989226145e-05,4.6274494706599287e-10,0.9999403949972658
0.9999999732828548,1.8225307307430063e-34,2.671714506328296e-08
3.189483635304938e-10,0.8506842429203954,0.14931575676065623
0.9999999868752778,7.80189229512918e-35,1.3124722155771654e-08
0.9999999999974776,5.468396397817986e-44,2.5223337279400087e-12
8.837476642719384e-37,1.0,1.768717352998412e-17
1.9026772093442614e-10,0.9382002614782345,0.06179973833149781
0.9999723290972061,6.854944348678684e-28,2.7670902793939267e-05
0.00025935491663722673,3.233486017306056e-10,0.9997406447600141
8.015872921820823e-29,0.9999999999989202,1.0797348738346755e-12
0.9999999999846911,3.703116849542501e-42,1.5308807396858077e-11
0.0005063256616951229,2.7919913778264003e-10,0.9994936740591057
1.976022250605509e-29,0.9999999999994065,5.935825522322514e-13
2.953723265990289e-18,0.9999988862108231,1.1137891769678945e-06
0.9998206307985525,8.36800730758446e-25,0.0001793692014475814
0.9999999863034565,1.6693551751582063e-34,1.3696543402041945e-08
1.9292292417210422e-19,0.9999996953014383,3.046985617734624e-07
3.703448099259473e-20,0.9999996841037088,3.1589629133258416e-07
6.945816339548935e-35,0.9999999999999993,6.257509267375778e-16
0.9999999999805858,5.223697449361839e-43,1.941419059459668e-11
0.999999999929321,1.1325661655341202e-41,7.067893200139814e-11
6.271059298373403e-29,0.999999999998546,1.4539873007445777e-12
4.873396430018893e-07,1.300313095148768e-06,0.9999982123472617
9.008144142118404e-10,0.1779438628863044,0.8220561362128812
3.5447305539926086e-33,0.9999999999999944,5.578064943367898e-15
0.9999999999996803,2.5077644327703903e-47,3.196408123186991e-13
0.999999999999265,2.080875433053307e-46,7.3496844714933e-13
0.9999999922564137,3.894114497736456e-36,7.743586362450083e-09
7.39093401436396e-06,2.767022757066664e-09,0.9999926062989629
0.9927214875723677,2.250176419496557e-21,0.0072785124276323705
1.0900935554327605e-08,7.817749497487946e-05,0.9999218116040894
0.9999999999022806,5.77278222009363e-41,9.771945903368585e-11
0.9999962927688527,1.3463802264087009e-30,3.707231147182782e-06
2.079425719982782e-18,0.9999991795144161,8.204855840209501e-07
4.4550768261071415e-32,0.9999999999999842,1.585720694172868e-14
4.87147823201481e-24,0.9999999992947524,7.052477194094419e-10
1.039121518004563e-06,0.005898636621638539,0.9941003242568436
0.9999999999985008,1.5108796960580528e-45,1.4992652706281348e-12
2.224351943083984e-30,0.9999999999998277,1.7237990051947597e-13
1.9117356842093936e-10,0.07259789436403034,0.927402105444796
0.002609754641083667,5.032562969524344e-11,0.9973902453085908
0.0002062409552354195,3.7623876692173926e-10,0.9997937586685259
9.553671139532487e-16,0.9999244258039914,7.557419600753917e-05
2.2590039119109603e-24,0.9999999997024629,2.9753718126000896e-10
0.999999999997341,6.169396322639047e-44,2.658996027051098e-12
8.945270884177863e-30,0.9999999999997666,2.3336197617375556e-13
1.7459004821746175e-17,0.9999345683835735,6.543161642637513e-05
0.9999991643917346,4.639888883499715e-31,8.35608265383262e-07
0.9854328403490532,1.3613698678338868e-20,0.014567159650946834
0.999999999999813,1.0104702930363609e-47,1.8701602298748767e-13
3.1656518085771207e-24,0.9999999553006371,4.4699362859079236e-08
0.9998813377023763,4.081639215777493e-25,0.0001186622976236909
0.001234725997378235,1.4302140536832743e-11,0.9987652739883196
0.9999999999763494,4.440856920185682e-42,2.365064044766272e-11
4.683477490718571e-10,0.8516083115985194,0.14839168793313287
4.601353447696408e-18,0.9999982835538507,1.7164461494366377e-06
5.850817907596082e-09,0.0005088590148674316,0.9994911351343148
0.993407581913958,1.5227005890232826e-21,0.006592418086042005
0.9999996755819154,5.334126604921656e-32,3.2441808467590866e-07
0.9999992133600062,5.032030982909083e-31,7.866399937394202e-07
6.40297730858341e-13,0.9966708267713298,0.0033291732280299564
2.929232770338588e-05,1.3290818159447732e-08,0.9999706943814785
0.0005129281658834178,5.031650203700653e-11,0.9994870717838
0.9999980776614014,2.8702930195792177e-30,1.922338598699379e-06
5.484619743250364e-27,0.9999999999784077,2.159228097121463e-11
2.889836490980856e-25,0.9999999945164706,5.483529282711259e-09
0.0005581491779335325,2.1707818811327308e-11,0.9994418508003586
0.9998627365008802,1.1221117603619384e-26,0.0001372634991197943
1.0695129180564408e-05,7.778383462904002e-08,0.9999892270869848
1.2446911191992056e-07,1.3968936374841452e-06,0.9999984786372507
1.740996051636212e-05,3.6372156962389676e-09,0.9999825864022679
0.9928752268281132,1.8881147615161925e-21,0.007124773171886785
7.098491486984017e-20,0.9999998410197355,1.5898026451797326e-07
0.9999928511802363,7.241389172637251e-29,7.1488197637202345e-06
0.9999724063532857,5.201788827609219e-27,2.759364671426542e-05
0.9999998357597132,6.883256492305013e-33,1.6424028682784786e-07
1.2782859713263191e-24,0.9999999995927895,4.072104788286606e-10
4.958661408985023e-31,0.9999999999999332,6.685485981472077e-14
0.0006286489263131838,5.463114423234024e-11,0.9993713510190556
7.450850230462256e-26,0.999999998232955,1.7670449806652418e-09
8.73981997374637e-05,4.6528317725168117e-10,0.9999126013349794
0.9999999999999072,1.3043942764196216e-48,9.27048479525906e-14
6.372629441761742e-07,3.3218630793288507e-06,0.9999960408739765
5.0750496750108625e-23,0.999999995955027,4.044973079744932e-09
0.9999999999999198,1.2932768354535205e-48,8.011082783441981e-14
0.9999999999999751,6.209877766684605e-50,2.4959703160638408e-14
6.133487235056241e-07,0.0025671795938215923,0.9974322070574548
0.9999999999753402,2.5392596409374202e-42,2.4659879986082797e-11
8.355816435559433e-13,0.9980796358337777,0.0019203641653868623
0.9999999999953044,1.5759983545848716e-43,4.695627761132857e-12
7.603569736991877e-18,0.9998484927063197,0.0001515072936803349
2.5119011456547802e-05,7.701430132667262e-10,0.9999748802184003
0.9999999999999367,5.732613259315641e-49,6.323543780083421e-14
0.9999996820956663,1.5455374138250942e-32,3.1790433376479156e-07
0.017183865641089875,2.3819885800799096e-09,0.9828161319769216
0.981809640969567,4.349534248344805e-21,0.018190359030433072
0.004130403805327518,2.1382526086085776e-08,0.9958695748121463
0.999934778602513,1.2642298136916387e-27,6.522139748703197e-05
0.9999999999999847,2.3541700614897665e-50,1.5261950739772097e-14
0.9999827814814323,5.551829759143985e-28,1.7218518567735926e-05
1.831693802178693e-08,0.0003008878330437273,0.9996990938500182
1.6407246908497997e-24,0.9999999996435225,3.564775739075069e-10
0.999999088424313,6.419978412449445e-32,9.115756871005407e-07
0.004980596268142213,1.0294909271111852e-11,0.995019403721563
3.412931109876651e-22,0.9999999910366003,8.963399627941715e-09
4.9386657676941304e-08,1.6581390570826765e-05,0.9999833692227714
0.9999999707509333,8.430540806204539e-35,2.9249066723541765e-08
3.2855365863799226e-14,0.9997209913835279,0.0002790086164393237
4.167221489730526e-16,0.999981600623807,1.8399376192521475e-05
0.999999999999982,2.166449795030472e-50,1.8015022750574237e-14
1.175111175059364e-36,1.0,3.450643554738648e-17
0.0024209535523442146,1.1803385132990477e-11,0.9975790464358525
0.9999999917453871,1.632262884880884e-35,8.254612963294116e-09
0.9999999768890698,4.942290664072725e-35,2.311093028990348e-08
0.9999950100362593,1.8375622570845083e-29,4.989963740679097e-06
5.3668957295911976e-05,8.845477939313518e-09,0.9999463221972261
0.9999985634448743,1.864240028633159e-30,1.4365551257136376e-06
0.9999999999999896,7.468109631779698e-51,1.0354007091519106e-14
9.055099218695244e-07,1.2011818663171831e-07,0.9999989743718914
1.1882157579103626e-07,0.07551809134772486,0.9244817898306993
3.7380836230596194e-15,0.99514173094026,0.004858269059736116
1.1842162277500934e-36,1.0,4.0188090899779394e-17
0.00677122503696692,5.011382498622508e-12,0.9932287749580216
3.7094767503800946e-09,0.0016084732591134865,0.9983915230314098
1.529345433854594e-08,0.00020206810093760164,0.9997979166056081
5.581069018469231e-11,0.9524940975536075,0.04750590239058191
0.002747345021733741,2.1055162228269872e-11,0.9972526549572112
0.9999960489492032,1.8129861885698363e-29,3.951050796814804e-06
0.9999953798239053,1.7905205928394177e-29,4.620176094788583e-06
2.0515042416105906e-07,0.04024653492851463,0.9597532599210611
1.6444282904355507e-11,0.9771257652067571,0.022874234776798622
3.243149644565504e-28,0.9999999999957399,4.2602176926607856e-12
3.2169160385923583e-37,1.0,1.5308825054427648e-17
8.96748580384552e-06,2.7186153407043286e-08,0.9999910053280427
0.9999993494326602,1.0104777014762463e-30,6.505673397396021e-07
1.7282295405683411e-07,0.047600070300481696,0.9523997568765642
3.1797750304671274e-09,0.8195233262645156,0.18047667055570932
7.869384784592517e-05,5.827354701191189e-06,0.9999154787974529
7.024870820089032e-11,0.9682194410435989,0.03178055888615226
0.0009709043686554003,1.342210309079831e-11,0.9990290956179224
4.899083985091604e-08,0.22279429365959985,0.7772056573495603
7.635596936894812e-32,0.9999999999999807,1.9302783876600408e-14
0.9999916017613374,7.378564227538085e-29,8.398238662581725e-06
2.778823861315489e-06,0.0008081240316072063,0.9991890971445315
1.1576500336919427e-07,8.012002125782108e-06,0.9999918722328709
4.125165354449613e-08,3.976267922616517e-05,0.9999601960691202
6.698944185625554e-09,0.0008191929407301658,0.9991808003603257
0.011276948247996119,9.571956509025893e-13,0.9887230517510467
0.0001551396229827374,1.4838118359236593e-09,0.9998448588932055
2.5131157412851657e-11,0.9847226098245565,0.015277390150312186
0.9999558596331205,1.1548173478016047e-27,4.4140366879526075e-05
4.776305756162572e-06,0.0005009888930563779,0.9994942348011875
8.699320919133938e-24,0.9999999991915389,8.084611444359135e-10
5.660082041750319e-05,2.3735067318262437e-09,0.9999433968060757
0.9998823944949972,2.3750044026952946e-25,0.00011760550500284394
0.9999999999999856,9.037515414699414e-51,1.4517514710841824e-14
0.9999999999999898,2.0309628549797648e-50,1.0197140233452021e-14
0.9999995736424633,7.276772686007307e-32,4.2635753676181156e-07
3.5035325045148745e-35,0.9999999999999996,4.085425575284654e-16
7.64716057792082e-37,1.0,2.9511234793617425e-17
2.4363846526481012e-11,0.9668299350097325,0.03317006496590381
3.221448871635142e-07,0.012579031742634996,0.9874206461124779
4.462106429064001e-30,0.9999999999996072,3.927256180656246e-13
3.141051304039737e-08,4.526879332365636e-05,0.9999546997961634
0.9982237371031542,2.06434250840865e-22,0.0017762628968457862
0.000869776051989798,3.8411926471559834e-11,0.9991302239095982
0.9999999999999409,4.693208294780342e-49,5.903523631807227e-14
0.9999670714300117,1.3337700158687485e-26,3.292856998831003e-05
5.5523919496035515e-05,2.594896944364275e-09,0.999944473485607
1.5497590734225587e-11,0.9789390488169852,0.02106095116751692
0.9999999983975296,3.0918890852876464e-37,1.6024703656768157e-09
0.030904092354594768,1.6199571176322418e-13,0.9690959076452431
1.6915191351049006e-28,0.9999999999966784,3.321650187757729e-12
0.029627521016175,2.5339218209667897e-13,0.9703724789835716
0.9999999941985342,8.35354787850545e-37,5.80146564148445e-09
6.019245476262956e-08,1.5942033578479096e-05,0.9999839977739668
0.9998100315327908,4.171341184602162e-25,0.0001899684672091588
1.39400853064887e-23,0.9999999989091197,1.0908802179175588e-09
1.9956766271250272e-17,0.9999941927123759,5.807287624071279e-06
8.74619955956475e-12,0.9934932575874038,0.0065067424038499685
0.9999999999999489,1.9976605636005574e-49,5.100833418845476e-14
9.800931289947352e-08,6.597928715753426e-05,0.9999339227035295
4.6979818916932737e-07,0.015472128510218439,0.9845274016915924
2.5907658726400657e-27,0.999999999986634,1.3365914283034367e-11
3.1275200354120935e-06,1.183532797840464e-07,0.9999967541266847
0.00016377000087755827,6.912917219419978e-10,0.9998362293078308
0.9906302886718357,3.5792817975142596e-20,0.009369711328164339
0.9999999999766904,9.548510136134638e-42,2.3309621916610423e-11
5.210457212638304e-07,4.678066628927818e-06,0.9999948008876499
9.68270551351451e-16,0.9999592843483457,4.0715651653411454e-05
0.9393463782567297,9.121694473282368e-19,0.06065362174327023
0.9999995517228393,1.416629077604749e-32,4.4827716074904114e-07
1.8264119392307144e-22,0.9999999962870529,3.712946959949806e-09
0.9999989505209322,8.325846208528583e-32,1.0494790677838266e-06
0.9998399187068412,1.1891443933587955e-24,0.00016008129315883094
0.00010254916187927848,2.5165938858732766e-09,0.9998974483215268
1.7700021443585188e-24,0.9999999994872093,5.127906090542038e-10
8.799845024751506e-16,0.9999459587489137,5.4041251085426945e-05
8.940942809713429e-33,0.9999999999999925,7.471631852173339e-15
7.50188466904825e-05,4.503112495527378e-10,0.9999249807029982
5.843827819374561e-15,0.9969330723142616,0.0030669276857325897
3.465533004284499e-16,0.9999732481762921,2.6751823707397513e-05
1.3754064952487905e-07,0.07715813455345069,0.9228417279058998
1.0679995427288622e-05,1.491845188707084e-08,0.9999893050861207
2.591164960020758e-08,0.00022987840575106508,0.9997700956825993
3.7151091657557704e-08,6.197301595675954e-05,0.9999379898329515
5.237259770835444e-06,0.0002317743923061388,0.9997629883479231
0.9999999999999725,8.83358357906988e-50,2.7472141071221885e-14
5.640309855454942e-11,0.5196949099452162,0.48030508999838073
4.8046308065957274e-06,2.158069349125136e-08,0.9999951737885
0.0006589549638765242,4.657805364490816e-11,0.9993410449895453
3.777613358255202e-13,0.9379771143867054,0.0620228856129168
1.9385318159430998e-07,1.1351486790110776e-05,0.9999884546600283
0.0009696593361621092,2.5207142102808893e-11,0.9990303406386307
0.999999966516981,7.197349333288332e-35,3.348301898045551e-08
0.9999371972953339,1.2536682056235935e-26,6.280270466607038e-05
0.0002409486922120312,6.649227195697334e-06,0.9997524020805922
8.501415999892129e-37,1.0,2.2642915861644268e-17
4.169223963440081e-13,0.9985824949475482,0.0014175050520348655
0.9989751152023221,1.3293135127378506e-22,0.0010248847976778686
0.9999999793667207,4.993468350180136e-35,2.063327925275331e-08
0.9999999946596134,5.4843316809311436e-36,5.340386528340422e-09
0.9999989077359226,7.715003931514732e-30,1.0922640774441597e-06
1.144721477564831e-07,4.497054964645831e-06,0.9999953884728876
2.486618109811262e-18,0.9999978648855187,2.1351144813531107e-06
3.098811912356142e-09,0.0014619273546315806,0.9985380695465564
1.6689065080270686e-21,0.9999993878267743,6.12173225643901e-07
1.8407041514306567e-07,0.029509437278617566,0.9704903786509673
1.1371892493383775e-06,9.963298160202823e-07,0.9999978664809346
7.951963746764358e-10,0.01170706347046293,0.9882929357343407
0.9999670881828572,3.657079805292421e-27,3.291181714286067e-05
3.166504286074915e-06,1.5347266998916775e-07,0.999996680023044
6.242895540774639e-25,0.999999999715137,2.8486310077958996e-10
1.8456827447829346e-17,0.9999959878079037,4.01219209644818e-06
3.519854803429393e-16,0.9984595425925334,0.0015404574074661618
3.0681883819385004e-06,3.144861491216298e-07,0.999996617325469
4.935302844415239e-33,0.999999999999996,4.103055912298655e-15
0.9999999999550266,3.720359589674405e-41,4.49734104307161e-11
0.001033183536242715,2.630294137852821e-11,0.9989668164374543
5.039326566154467e-07,0.012266454675163392,0.98773304139218
0.9779043699555905,2.7513666846562453e-20,0.02209563004440951
8.584557565645464e-08,6.301227872731593e-05,0.9999369018756971
0.00014895906871680072,4.068584457357482e-10,0.9998510405244246
4.5401453551497013e-29,0.9999999999979488,2.0511586512493965e-12
0.9999356087376113,6.475467184189054e-27,6.439126238879109e-05
0.9999679135039173,4.632922867775252e-28,3.208649608280398e-05
8.160378295282219e-18,0.9999969873709135,3.0126290865301876e-06
1.4256258741207437e-07,9.12157346928138e-06,0.9999907358639434
0.0002992369741710989,2.572172827014772e-10,0.9997007627686116
0.9999999999311986,3.199576095891593e-42,6.88014408910197e-11
0.00044642214324348557,6.592856085072186e-11,0.999553577790828
2.209108015550397e-21,0.9999986879443195,1.3120556805159043e-06
6.2025578405182535e-37,1.0,2.858587294631238e-17
0.9999999997388616,3.945383652464461e-39,2.6113853261962057e-10
8.156923939059669e-10,0.03347450764658273,0.9665254915377249
0.9999996159441827,2.435239415806671e-31,3.840558173954221e-07
0.013934725386491044,2.0077702557620456e-13,0.9860652746133081
0.9999846096751087,2.2461542983023844e-28,1.5390324891281345e-05
1.6794874628668519e-12,0.9074418227285778,0.09255817726974273
0.9999999999980398,6.635885968258017e-44,1.9602665425432177e-12
1.631500824908145e-06,2.9297090340141575e-07,0.9999980755282717
1.1841870760227297e-05,0.00010897962094014387,0.9998791785082995
7.338708094127182e-18,0.9998795667426712,0.00012043325732877617
0.0036097931608478242,1.667432926844633e-11,0.9963902068224779
2.1335489173307358e-27,0.9999999999893112,1.068871519910255e-11
6.922674189523423e-37,1.0,2.7295272747163013e-17
6.955942065973503e-33,0.9999999999999953,4.625574279426568e-15
1.3432090972138776e-05,1.0675017614718354e-08,0.9999865572340101
0.9999999948883647,5.560427777929205e-36,5.111635250313437e-09
2.333055519883301e-33,0.999999999999998,2.10173015632348e-15
0.9999967581267213,3.711259938011183e-30,3.2418732787968103e-06
0.9999999992618078,4.418644644747384e-38,7.381921768377428e-10
3.1496839783170596e-11,0.9790256122228089,0.02097438774569431
0.9999999999907618,6.504159333838398e-44,9.238258801508438e-12
4.211513592259123e-05,2.6454284849213647e-09,0.9999578822186489
5.467640867415696e-23,0.999999996951813,3.048186960350252e-09
0.9999999644792682,6.72881199962048e-35,3.5520731719469085e-08
5.9996381355184495e-06,6.703880483297393e-08,0.9999939333230596
4.043727691033811e-15,0.9998542502038509,0.00014574979614510276
0.9999999863218572,2.222804688987328e-35,1.3678142953978444e-08
1.0558082695718687e-06,0.005375078465659779,0.9946238657260708
1.4402363389836399e-34,0.9999999999999996,3.9771479920601183e-16
2.845744004034596e-07,4.083046473568248e-06,0.999995632379126
3.742421652196508e-07,1.4693907157616302e-06,0.9999981563671191
0.9999987420037681,7.367360580906647e-30,1.2579962317056647e-06
0.9999555487184348,5.26280123003515e-27,4.445128156518475e-05
3.1914103819485043e-16,0.9997027825457959,0.000297217454203783
2.3647968167838598e-07,1.2580432391820704e-05,0.9999871830879264
0.9986570678666763,1.3189341557962554e-18,0.0013429321333236553
1.8077890189871718e-06,0.00026241119758325677,0.9997357810133979
6.781316285602888e-05,3.931161509413104e-06,0.9999282556756346
3.1899406274112e-05,5.875577646757389e-09,0.9999680947181482
2.8637257180122877e-33,0.9999999999999936,6.348184314899765e-15
0.9999832361875853,7.465074869904907e-28,1.676381241457229e-05
9.795888753428413e-07,2.5610548738487353e-07,0.9999987643056373
4.8840955383862444e-15,0.9998887831898863,0.00011121681010888312
6.0869808554472565e-05,2.808381820012507e-09,0.9999391273830638
0.0008259747280839747,2.65371211533977e-11,0.9991740252453788
0.9999999989770998,5.034727773556028e-38,1.0229001830565232e-09
3.432340238437409e-06,1.8662248726683908e-07,0.9999963810372744
4.3655502361262e-25,0.999999999679114,3.208860139930992e-10
0.9999999761506401,2.0550462242976886e-34,2.3849359856606295e-08
1.0318744674624825e-10,0.9547799307938006,0.04522006910301187
2.4483645000773942e-14,0.9842920788849067,0.01570792111506886
8.172743795598073e-22,0.9999999728961041,2.7103895837250483e-08
0.9999999999999958,9.581146492769997e-52,4.130416219883386e-15
1.7608259063288158e-16,0.9991512478958406,0.0008487521041591634
0.9998015998749568,8.083233231854942e-26,0.00019840012504331844
1.8586390447739764e-05,4.301662694457833e-05,0.9999383969826077
1.8840231232293173e-05,1.2989644616270156e-08,0.9999811467791232
0.12359266335026345,4.562806415413208e-14,0.876407336649691
0.9999999999999933,4.263826496435606e-51,6.6593248638004954e-15
0.9998040314550785,1.8723722704881397e-25,0.0001959685449216672
1.4565478016844985e-07,0.05862308676562005,0.9413767675795998
0.9999322333659751,4.6092617229829204e-26,6.776663402497437e-05
0.0006484575821208437,1.1998898557712582e-11,0.9993515424058803
0.9999996769467789,1.8487168067791988e-32,3.230532210410628e-07
0.9999999999999867,5.26238137333289e-50,1.3401492041125168e-14
0.9999999999814442,4.3679243923423146e-42,1.8555754740093784e-11
1.7710412203036546e-11,0.9818133633849925,0.018186636597297214
0.9999999999999505,5.5432527652231275e-49,4.9622862522678583e-14
0.999999907690858,4.1844138498290846e-33,9.230914201723119e-08
1.6328241962372303e-16,0.9999851914603002,1.4808539699709014e-05
2.63758589046955e-24,0.9999999996574729,3.4252708969337456e-10
1.207795906857226e-16,0.9999893801824359,1.061981756377297e-05
8.212281123273144e-22,0.999999749364155,2.506358449625952e-07
8.411829633645794e-24,0.9999999992292739,7.707262396849139e-10
5.924897946287302e-21,0.9999999077670806,9.223291938457485e-08
5.688398903315888e-22,0.9999997459253568,2.540746430885291e-07
5.814699379083218e-19,0.9999987272226621,1.2727773378751241e-06
0.007992100893823139,7.389437955816626e-12,0.9920078990987874
4.334223500995471e-14,0.9994335695855209,0.0005664304144358813
2.1686510878078367e-06,1.362781376325065e-07,0.9999976950707746
3.978070572917346e-06,2.009947674888687e-08,0.9999960018299503
0.9999999999939739,4.29009137756349e-43,6.02601246911005e-12
0.9946709332822146,6.874087907429538e-22,0.0053290667177854235
7.756686109221596e-08,0.14373020087498167,0.8562697215581572
0.9999999999115627,1.3124440921448753e-41,8.843730310627033e-11
5.734548903412793e-07,1.6536505780447217e-06,0.9999977728945317
5.948816315819498e-14,0.9995396838711549,0.00046031612878551047
2.9884867865500416e-06,7.387645401308552e-08,0.9999969376367595
0.999999999999625,5.276607402502411e-47,3.750744432080017e-13
2.8353155355482457e-05,6.0048880708670096e-09,0.9999716408397564
4.968799042597626e-28,0.9999999998361975,1.6380260015043936e-10
1.1173297869505198e-07,3.2212528642431502e-06,0.999996667014157
1.2933450955786297e-17,0.9999982937716099,1.7062283901151996e-06
0.9999999999955622,2.0487773077436744e-44,4.437849251647196e-12
0.9999999999999889,6.978736314415188e-51,1.1028334195776962e-14
0.9999992669811557,2.325160088407557e-31,7.330188444311518e-07
2.63221920322029e-08,4.3431328838332884e-05,0.9999565423489696
4.206273995588921e-25,0.9999999944041886,5.595811432412101e-09
0.0010062994939989281,1.2589944719902743e-11,0.9989937004934112
9.776783872916066e-05,6.681309925974996e-10,0.9999022314931398
0.9999302468257744,1.463880456889815e-26,6.975317422555875e-05
3.7878429712902987e-23,0.9999999963507309,3.649269110857902e-09
0.9999999480672119,1.1715030576109521e-34,5.193278813511054e-08
0.00033646027388055107,7.292907100378962e-10,0.9996635389968288
0.9999999999928797,1.26527981985466e-42,7.120215491812143e-12
5.955995439602483e-08,6.142880662203992e-05,0.9999385116334236
0.0004605968359428665,3.8033009549985645e-11,0.9995394031260242
0.999981643604089,3.838042430356023e-28,1.8356395910908914e-05
0.00055171445209886,5.943864265885694e-11,0.9994482854884624
4.493927331092032e-08,0.00013215700388131567,0.9998677980568453
0.9978297011068998,2.747881821144146e-23,0.0021702988931000928
0.999966136697771,1.9570864447242314e-27,3.3863302228989134e-05
9.372443675976972e-05,6.462543748479433e-10,0.9999062749169858
0.9999999999999558,2.510646861795263e-49,4.425568379819842e-14
2.343069363007004e-27,0.9999999999862033,1.379681823202244e-11
0.00020971845213712775,2.2818338318112928e-09,0.9997902792660289
1.2063192491517559e-29,0.9999999999891969,1.080313298598175e-11
1.702758790912953e-08,0.4577104909658628,0.5422894920065493
5.064680447398018e-08,1.5980656637536624e-05,0.9999839686965581
0.0012338325564946158,1.1673347884998639e-11,0.998766167431832
1.0065216555411133e-08,0.00019440353575567596,0.9998055863990277
0.9999999502292412,2.685857360985968e-34,4.977075890871371e-08
0.9999996640949971,5.298023437073758e-32,3.359050028536379e-07
6.444336672001996e-25,0.9999999998543379,1.4566208862867196e-10
0.9837921529882052,2.317242497014807e-20,0.016207847011794747
0.0001311027119881532,1.1210378035566924e-10,0.999868897175908
3.3725642164267464e-25,0.9999999998679678,1.3203224658499738e-10
1.3840089399784657e-11,0.9886139592493911,0.011386040736768905
0.999999999956801,5.381864624517572e-41,4.319907789619916e-11
1.1964623438555318e-06,0.001057316711455463,0.9989414868262007
0.9998015122227458,3.1148266426889594e-25,0.000198487777254293
0.9998887388118206,1.6616697497563863e-25,0.00011126118817948067
3.454164283860572e-11,0.9742891390968292,0.025710860868628987
7.312015896175877e-06,1.252968167021369e-08,0.9999926754544222
0.9999999990152268,1.6419407172565197e-38,9.84773224737448e-10
5.539707363602036e-08,1.0695302000765212e-05,0.9999892493009256
2.1481564974414713e-15,0.9999430570468177,5.694295318002803e-05
1.5191048684506193e-22,0.999999994600026,5.399973884664919e-09
0.9999991627243152,6.2046734583413295e-31,8.372756847026766e-07
8.083997231770547e-09,0.4814231889580283,0.5185768029579745
1.030504508645335e-30,0.9999999999999423,5.774118262977658e-14
2.4331779370315336e-07,4.7396400335821685e-06,0.9999950170421726
2.9394948913436283e-08,0.2917580364209151,0.708241934184136
2.2084672478271665e-15,0.9999385275023737,6.147249762415778e-05
4.7394966008121973e-07,1.3482896189531705e-06,0.9999981777607209
4.803009779940198e-14,0.9883392517114796,0.011660748288472302
5.811925710238949e-08,7.152666020835132e-06,0.9999927892147221
0.0005543412307122471,2.8362377282245772e-11,0.9994456587409254
0.9999999997886715,1.1722995153695207e-39,2.1132859771792995e-10
0.9987923061023161,3.773027151413248e-23,0.0012076938976838482
7.382995732648451e-25,0.9999999995896283,4.1037176354889717e-10
2.8454164562357194e-06,2.956960544497498e-08,0.9999971250139383
0.9999999999239613,9.699010639843867e-41,7.603876756381461e-11
5.0696962038333484e-18,0.9999978101199437,2.189880056354395e-06
7.128271008129503e-05,3.770776498207316e-05,0.9998910095249366
0.9976549040713412,2.0055976890653726e-22,0.0023450959286589047
1.1165962526403295e-24,0.9999999993952198,6.047802025582493e-10
6.453925475436159e-23,0.9999999975155409,2.4844590637585125e-09
5.658643545558516e-27,0.9999999999842495,1.5750540160763717e-11
0.0002912423643880686,2.5700578239312775e-10,0.9997087573786062
1.8340982125664733e-17,0.9998043844491001,0.00019561555089980147
0.9999999999414313,2.2726577264578563e-40,5.856863112189606e-11
0.9999999859224489,1.4840828337886525e-34,1.4077551181799131e-08
5.16315043100312e-06,7.283951803153485e-08,0.9999947640100509
0.9999999976671317,7.578562919739242e-37,2.332868316597265e-09
0.999999999598816,2.6565817159946044e-38,4.0118398085041493e-10
5.666294615941569e-09,0.00036642397402217834,0.9996335703596833
0.9948709380276319,1.0770848706604259e-21,0.005129061972368092
0.9999623368655467,1.0011733785391233e-26,3.7663134453387634e-05
8.892819782582246e-24,0.9999999992273734,7.726265573612474e-10
6.2055367682086746e-09,0.6792710964480121,0.32072889734645116
6.531082446967124e-33,0.9999999999999951,4.936418721000903e-15
0.0018670969292899583,8.148813565411912e-12,0.9981329030625613
0.9999016878714508,2.45781979359835e-26,9.831212854916014e-05
6.353419982594682e-16,0.9999821500880198,1.7849911979456262e-05
4.744462710583302e-05,1.6377398475578093e-09,0.9999525537351542
5.361422815906039e-07,0.020114802394410707,0.9798846614633078
9.374081108461576e-07,3.7181187684688177e-07,0.9999986907800124
7.949087141201765e-07,1.9461275677376408e-07,0.9999990104785291
7.320125450800988e-25,0.9999999947862535,5.213746594725926e-09
4.130385457369987e-08,0.00015994804556077052,0.9998400106505847
5.556210813896918e-14,0.9898788789864879,0.010121121013456554
7.424496714445439e-17,0.9999867372477645,1.3262752235547723e-05
0.9999999999694393,2.8456102406016552e-42,3.056066708856952e-11
0.00017906751015073973,4.151304775352964e-06,0.9998167811850739
0.00016943715349055114,1.0461820460253182e-06,0.9998295166644634
0.9991653957593362,5.1828584836551797e-23,0.0008346042406637811
0.9999158837246991,3.257352667126762e-26,8.411627530097332e-05
2.436958679519264e-13,0.9983954160660999,0.0016045839336564008
3.1551804645100427e-06,5.0272044919276066e-08,0.9999967945474907
7.220227998834581e-28,0.9999999999958766,4.1234301094315e-12
0.9975431174518021,1.8899917865030898e-22,0.002456882548197898
0.9999999975582547,1.0351827949847762e-36,2.441745166508078e-09
0.9968600921631119,8.523025252282562e-22,0.003139907836888145
0.028887096179598306,3.8248871821495655e-13,0.9711129038200192
1.3114303235527229e-08,0.000914314920731162,0.9990856719649657
0.9995709454162983,2.495700323511087e-24,0.0004290545837016334
1.1685178322429798e-07,0.11575981572220638,0.8842400674260104
1.1446713588882251e-13,0.9988623554832935,0.0011376445165920956
1.0159429510819605e-16,0.9999893433277571,1.0656672242795073e-05
0.9999952664740973,1.666387157247983e-29,4.733525902644551e-06
0.999999997195925,8.623067828145343e-37,2.8040750109612906e-09
1.1781491014324317e-08,0.0006119665617728622,0.9993880216567361
0.9999999774116831,6.884477919351529e-35,2.258831699252846e-08
4.3087843628493485e-25,0.9999999997233411,2.766589161710279e-10
0.9998153069356662,3.319259369549882e-26,0.00018469306433381558
0.003370376818336629,2.299632208939651e-08,0.9966296001853413
2.462693647595858e-18,0.9999970317687666,2.9682312333851577e-06
0.9999999999970237,1.2173204193148873e-43,2.976339658130015e-12
0.9965528984078473,9.362135033429229e-22,0.003447101592152595
0.9999992120503216,4.1838863230761e-31,7.879496783411686e-07
2.0111355908883523e-08,0.38255530569334806,0.617444674195296
9.263926403258809e-20,0.9999996568233763,3.431766237361287e-07
3.3994871807949995e-07,1.1600415633737384e-05,0.9999880596356481
0.9999999730420589,3.2386906291930053e-34,2.6957941067968958e-08
0.0025203149155151555,2.1929231762125854e-11,0.9974796850625556
2.1213068257363118e-06,1.1550170220167812e-07,0.999997763191472
0.0010422890696706025,2.33019812152311e-11,0.9989577109070275
0.99999999999439,6.216950471248733e-43,5.609861572325572e-12
1.9501100283851722e-23,0.999999998980921,1.0190791390676269e-09
0.999999999999974,4.91539272683119e-50,2.5945990317469756e-14
1.0289218494790959e-13,0.9987550547120159,0.0012449452878811182
0.9999999999995421,2.056444820305671e-47,4.579310681582541e-13
0.9999999999999645,1.0384955403089372e-49,3.552506985736731e-14
4.395398919193548e-10,0.8805743395666429,0.1194256599938173
0.000538337501572642,8.58639680413216e-11,0.9994616624125633
1.0436617699067492e-05,1.3297749839433825e-08,0.9999895500845511
3.3752040139218155e-12,0.9954106821290237,0.0045893178676010594
7.360638549686381e-06,1.9573989736030286e-07,0.9999924436215529
0.9999999582300989,2.0310976191286243e-33,4.1769901021480604e-08
0.9999995892681537,2.4437283964714883e-32,4.107318463312103e-07
0.01690822854936389,8.683738596167202e-09,0.9830917627668976
4.747168300214226e-05,2.9848091046914945e-09,0.9999525253321887
9.931192270429209e-12,0.9901301072297196,0.009869892760349202
0.9999999999093703,1.786344354174199e-41,9.062962283143389e-11
0.9956916096756909,9.32513894232331e-22,0.004308390324308986
6.269814858630776e-16,0.9999657365278469,3.4263472152406894e-05
0.999671944274459,3.609230528086454e-25,0.00032805572554093305
0.9888750669111542,1.381514968831769e-20,0.01112493308884571
4.9846052672477955e-06,4.222038574922036e-08,0.9999949731743469
0.9999712457249181,1.1608735046462927e-27,2.875427508183478e-05
2.54422113548909e-29,0.9999999999985953,1.4047454665348152e-12
0.9999972478185993,3.3643736242074254e-29,2.752181400682849e-06
4.6356564145753324e-07,0.008957148614387166,0.9910423878199714
3.311403264585579e-07,1.078330754427318e-06,0.999998590528919
1.0135717672722101e-29,0.9999999999996736,3.2648564287004044e-13
1.406704792348223e-10,0.9467480522358892,0.053251947623440286
7.815774658702532e-06,0.000802714291833965,0.9991894699335074
2.1900058175486947e-13,0.9977800514183724,0.0022199485814087846
1.5592120674671356e-18,0.9999988355061156,1.1644938844514417e-06
0.00020948893568846442,2.8087861819465435e-10,0.999790510783433
0.08918375421285456,1.0399199222912922e-14,0.9108162457871352
1.0657383671766306e-16,0.999498527309151,0.0005014726908489678
0.03986835159250252,1.7994461561902632e-13,0.9601316484073176
3.387066280717968e-20,0.999999889740937,1.1025906296942083e-07
2.918454383225496e-07,3.6565708989302484e-06,0.9999960515836627
1.8119770622638013e-36,1.0,3.654924451442791e-17
2.615124587481037e-29,0.9999999999997351,2.6486139433231707e-13
5.6508085504050065e-27,0.9999999999883391,1.1660868099075453e-11
5.919098115613852e-07,1.4812521767859562e-06,0.9999979268380116
0.998894165127041,1.2117352188984726e-23,0.0011058348729589948
3.7768678013792676e-08,1.7657816719506278e-05,0.9999823044146026
0.00019826840583170093,1.1797003762764459e-10,0.9998017314761982
3.040899523676619e-08,0.0006197805338503291,0.9993801890571544
0.9999425536716604,4.747738560483362e-26,5.7446328339710135e-05
8.494465206393086e-19,0.9999986382021957,1.361797804330119e-06
0.0008431011168617725,1.489616806456317e-11,0.999156898868242
1.5962515303863552e-20,0.9999999394731137,6.052688627418767e-08
1.106177640317854e-17,0.9999960687224081,3.931277591966906e-06
0.999999436278574,1.3149934543295584e-31,5.637214260010088e-07
1.0112772612013695e-21,0.9999994543500097,5.456499904371992e-07
0.9999999999740559,9.347323097973913e-42,2.5944133367242463e-11
6.950166656461467e-09,0.4864781510507547,0.5135218419990787
0.999999999522019,8.895359698764745e-40,4.779808889961505e-10
3.014369949685011e-10,0.016956019214468605,0.9830439804840944
3.105889318169192e-36,1.0,4.191794028833916e-17
0.9999999440140113,2.544893832929903e-33,5.5985988706523375e-08
0.0009542724361163958,2.112099444430746e-11,0.9990457275427626
4.790039639283078e-07,1.005068880416228e-05,0.999989470307232
1.1750523351419396e-34,0.9999999999999996,4.1399491874594456e-16
1.7098934002405413e-26,0.9999999999866296,1.3370417928422097e-11
0.9998924674096512,3.498562613366529e-26,0.00010753259034882759
1.9365205645487703e-07,0.08042905282295924,0.9195707535249843
9.086619531165303e-08,0.1070791649602249,0.8929207441735798
8.058024852641913e-05,1.7390794711583153e-06,0.9999176806720025
0.0018176006524598302,1.5027096167707414e-11,0.998182399332513
5.951264540311037e-26,0.9999999999487832,5.121686160356043e-11
1.8942621155121667e-09,0.8009296155342094,0.19907038257152848
6.478830177505895e-08,0.03789735050839984,0.9621025847032985
2.2636174562881044e-24,0.9999999995905278,4.094721924235141e-10
0.9999967893494942,2.9079177171126394e-29,3.210650505721247e-06
1.709005168021109e-36,1.0,3.9836087634380236e-17
0.9999999999990481,3.564071292725091e-46,9.51938237573576e-13
9.652121802264104e-17,0.9999847723024295,1.5227697570481367e-05
0.999485030382645,2.217862886326563e-25,0.0005149696173551171
0.0023003793212447972,2.138271814802634e-11,0.9976996206573725
3.0389785372068248e-09,0.005912109512653494,0.9940878874483678
0.9790006929247285,7.102018980882348e-21,0.02099930707527154
0.9999995952489684,1.4196681085760043e-32,4.047510315227188e-07
3.863830977613981e-31,0.9999999999999354,6.461882935375156e-14
9.85102895425425e-29,0.9999999999989531,1.0469094563767484e-12
3.6086465146953187e-16,0.9999671058796628,3.289412033689915e-05
1.9468824142649494e-07,0.01292426207732768,0.987075543234431
4.0499421409681067e-08,0.06709643293145098,0.9329035265691276
0.001579607109676759,4.041155417795123e-11,0.9984203928499117
0.9975313785033479,2.1691838450016687e-22,0.002468621496651954
1.1302995301268335e-05,7.276768978323286e-09,0.9999886897279298
0.9999999999999336,5.074096038399963e-49,6.640210391559e-14
5.927914334728406e-08,0.2214858710232539,0.7785140696976027
3.5711040116168425e-13,0.9469727420541634,0.05302725794547967
1.6542442272363548e-19,0.9999994989049465,5.010950535313221e-07
0.9990320373108537,1.1130048749606939e-24,0.0009679626891464
0.9999999999999862,1.9104251361363513e-50,1.3767541909587331e-14
2.0842961741250953e-22,0.9999999944705562,5.529443850728602e-09
4.2076216223751874e-12,0.9929517629189994,0.007048237076792792
1.0454849923944376e-21,0.999999960464653,3.9535347074228506e-08
1.561964132424034e-06,2.467039559623532e-07,0.9999981913319117
7.184992911063837e-10,0.009703786328734459,0.9902962129527663
4.51608783692138e-32,0.9999999999999809,1.908585441547506e-14
2.747879868493413e-22,0.9999999939360018,6.063998091424783e-09
0.9999992485494928,1.375957940418242e-31,7.514505070541171e-07
5.268329995698873e-25,0.9999999996312843,3.6871571984847303e-10
0.00011786869299894584,2.349296058431219e-09,0.999882128957705
3.21179582767433e-19,0.9999994187917497,5.812082504126236e-07
2.1632977120823577e-08,0.3007498120320744,0.6992501663349485
2.2015491410459507e-08,6.603205768131276e-05,0.9999339459268274
0.9999998561631871,9.167464117342916e-34,1.4383681284652248e-07
0.9999999999999787,5.360714656446289e-50,2.1401143054519397e-14
4.129437557828109e-26,0.9999999999349296,6.50703980138738e-11
0.9999999999999869,1.320082625236779e-50,1.3007488258984257e-14
2.688005932786882e-26,0.9999999999702125,2.97874135909351e-11
7.3553078370619e-20,0.9999997747566117,2.2524338829912072e-07
3.1121482200790356e-10,0.9267861622038479,0.07321383748493716
6.667414068873845e-08,3.091491747700585e-05,0.9999690184083824
0.9719062524016224,1.557750079594801e-19,0.02809374759837761
4.073277430228092e-06,7.637685437207763e-08,0.9999958503457155
0.9999866569517781,1.3931182763641139e-28,1.3343048221816416e-05
0.9999999880913434,2.936485872052197e-35,1.1908656479546732e-08
1.966488629081294e-34,0.9999999999999996,4.1294383149191496e-16
6.661669073204919e-37,1.0,1.9525627756832734e-17
0.006780956075025366,7.325790540184834e-09,0.993219036599184
7.772782922270908e-14,0.9995989775999161,0.0004010224000061439
4.695419489243642e-06,1.5530603082444772e-08,0.9999952890499078
0.9900029728608276,2.3367207835160444e-21,0.009997027139172316
2.9944753908371615e-35,0.9999999999999967,3.428556494212363e-15
3.219305559218346e-21,0.9999999680059656,3.1994034481938724e-08
6.583499294622036e-07,7.13876089127926e-07,0.9999986277739815
1.3065183337171305e-08,7.045547443153754e-05,0.9999295314603851
0.9999982846636392,2.578570646272766e-31,1.7153363609153143e-06
1.3677676521755657e-08,0.4784073158931059,0.5215926704292175
5.232528722008061e-20,0.9999998445446519,1.5545534827698044e-07
9.493287387609576e-05,2.2647618911181024e-09,0.999905064861362
3.527777122576252e-05,4.536519535361394e-09,0.9999647176922547
3.007330987362811e-08,2.8875937921991115e-05,0.999971093988768
0.9999999983693209,7.573114132550315e-37,1.6306790495678557e-09
1.7783454758518577e-08,0.00018136825677515033,0.9998186139597701
0.9999999202061433,6.186590196095558e-34,7.979385666140413e-08
0.9999999999961144,2.0093149852736143e-43,3.885566402410603e-12
4.262306087280755e-27,0.9999999999816642,1.8335777207867686e-11
0.9999999999696796,4.537129726408908e-40,3.0320422123449685e-11
8.635695053645423e-05,4.312759808337605e-10,0.9999136426181875
0.9999999999999465,1.7775735563667905e-49,5.354264178664371e-14
0.00023703023663066192,1.4092227981953552e-10,0.999762969622447
7.494479046317708e-06,3.13940247234748e-08,0.9999924741269288
1.0291421878216033e-08,0.41484678527259855,0.5851532044359795
1.4818365907412107e-19,0.9999996961912213,3.0380877865736674e-07
0.0012587853586310319,1.8530399700546603e-07,0.998741029337372
9.874715370663524e-05,1.8063400132262724e-09,0.9999012510399533
4.108025057363462e-20,0.9999959454592954,4.054540704755386e-06
0.9998846514687878,3.1205092353220335e-26,0.00011534853121215545
5.516713290936082e-18,0.9999564654512558,4.353454874423101e-05
2.2364624056666346e-09,0.0076082640309880906,0.9923917337325494
3.093201948412969e-13,0.9544507312894929,0.045549268710197766
3.8434487714314066e-08,9.755591565772771e-05,0.9999024056498546
0.001688079213629505,7.668600749245578e-12,0.9983119207787019
1.1033408076618367e-10,0.9158530987559582,0.08414690113370771
0.9996444208953804,1.1583251157743343e-23,0.00035557910461967004
2.9148476611839623e-13,0.9978461565230095,0.002153843476698851
9.80742113270008e-10,0.7630561993079257,0.2369437997113322
0.9832785141696139,4.456398617795846e-20,0.016721485830386174
7.34564573783314e-06,1.012850046064186e-08,0.9999926442257616
3.711742943261856e-18,0.9999987015300995,1.2984699005285736e-06
0.9999999999857248,3.8737862920585284e-42,1.427526303869909e-11
1.241854498886208e-05,4.40486870658771e-08,0.9999875374063241
3.388205758466497e-07,1.8651567339473858e-06,0.9999977960226903
0.00047414682215800183,3.393290813585366e-06,0.9995224598870284
2.98603912423678e-12,0.9925822717476566,0.007417728249357634
0.9999999999999429,3.159556478603548e-49,5.699798549930244e-14
0.9999998387657589,3.2617075213152377e-32,1.6123424113365285e-07
0.9998516747240337,3.6446378995536794e-26,0.0001483252759664413
1.97423562643757e-06,0.0012832693844217083,0.9987147563799518
0.9999993696539317,1.1416008889382116e-31,6.303460684608292e-07
2.3736572261638464e-15,0.995500453141616,0.00449954685838171
1.766047184280272e-27,0.9999999999941982,5.8017812046045455e-12
7.550279334385495e-26,0.9999999999164126,8.358741783312028e-11
1.1785689153302002e-06,0.006533072418473185,0.9934657490126115
0.9997138649999887,2.5566522397473158e-24,0.0002861350000112392
0.9999936900505022,2.8073823594216995e-29,6.309949497759925e-06
0.999999992249157,2.8611036640932065e-36,7.750843080822414e-09
1.6136795309699624e-06,2.76404053919285e-07,0.9999981099164152
0.0007848048648922776,1.0616904070419148e-11,0.9992151951244909
0.9999999759648218,3.990706564295102e-35,2.4035178212479843e-08
6.26259685462671e-20,0.9999997059187468,2.9408125333529126e-07
1.7016169982997815e-08,9.36893958361999e-05,0.9999062935879938
5.929302422317365e-08,0.12610096561893058,0.8738989750880453
3.9887069677836163e-13,0.9979546353625274,0.002045364637073747
6.1797617428589265e-28,0.9999999999967006,3.299447301366239e-12
0.9999999995517335,8.069955051586534e-40,4.482664850168822e-10
5.359746757278533e-30,0.9999999999998954,1.046271867208632e-13
2.2103795126530287e-07,9.899742715205e-06,0.9999898792193337
8.497022388972446e-32,0.999999999999966,3.391093109053683e-14
2.201872527221817e-12,0.7579951711412524,0.2420048288565459
0.9981924613620495,1.1652959746825192e-22,0.0018075386379505765
1.6369865502536646e-34,0.9999999999999996,4.058676367259918e-16
1.3774516813298899e-12,0.9955227045645749,0.004477295434047715
2.943810480838432e-32,0.9999999999999889,1.103547149851259e-14
0.9999999061291346,1.3330683410516196e-33,9.387086536112229e-08
5.164084275449907e-05,5.897177950747857e-10,0.9999483585675277
0.9999937742419724,9.595922107858728e-30,6.225758027589499e-06
0.004757772252110384,7.76346329721165e-12,0.9952422277401262
0.0004602278161395897,2.8137074347058906e-11,0.9995397721557233
0.9999999987408204,1.3719726671167937e-38,1.259179619967799e-09
6.470421625019886e-17,0.9999837289737347,1.6271026265358026e-05
0.99943162825583,8.533177044029252e-24,0.0005683717441700044
6.060880010028316e-19,0.9999991533322116,8.466677885495628e-07
3.0760726815246116e-22,0.9999999927122594,7.287740531478115e-09
0.9994183043258806,6.3458489153918496e-24,0.0005816956741193473
5.1886751425375744e-12,0.7092243647590774,0.29077563523573396
7.623479705738227e-34,0.9999999999999989,1.1596358878153103e-15
0.9999997136928849,2.9460732161457446e-32,2.863071151225941e-07
0.9999999999999831,1.4360543873511646e-50,1.6778319835348357e-14
8.762201329958382e-29,0.9999999999516116,4.838845684228639e-11
0.999999618355718,5.1054812819115e-32,3.8164428206191063e-07
1.0037580850613207e-19,0.9999998289219043,1.7107809570524235e-07
3.295340285696153e-14,0.9995162428510621,0.0004837571489049049
1.7230813284169463e-23,0.9999999987673915,1.2326084200300998e-09
2.869584108391584e-18,0.9999665985823911,3.340141760880611e-05
6.811720163637827e-06,0.0001859866460130689,0.9998072016338233
2.788938626308912e-37,1.0,1.2768413057185355e-17
5.433641203362378e-31,0.9999999999999389,6.099966914375753e-14
8.326288023117717e-06,4.079402897193993e-05,0.999950879683005
0.004670415591029142,1.230278141064128e-12,0.9953295844077407
0.9999999999978697,3.086037063713047e-45,2.1303376965262028e-12
4.210703991019806e-31,0.9999999999999081,9.197290788771661e-14
2.5520608753784587e-07,1.7637222366023303e-06,0.9999979810716759
0.999848499424488,6.373707319791488e-25,0.00015150057551208533
1.1777466716475683e-08,0.5584084797770209,0.44159150844551237
0.00066337477092467,3.070810655693842e-11,0.9993366251983672
0.00010009614879389794,4.890393904339032e-10,0.9998999033621667
0.00030577766906414135,8.372577429316859e-07,0.9996933850731928
0.996113111047324,5.88308212770824e-22,0.00388688895267602
0.999749324275257,9.140311729523545e-26,0.0002506757247428983
0.999999999955377,3.756136867731846e-41,4.462295185776519e-11
1.8210927986155756e-26,0.9999999999673657,3.263427418321061e-11
4.549349203383127e-07,2.2703192674757303e-07,0.9999993180331529
2.3122718502025442e-18,0.9999653397658892,3.4660234110806374e-05
0.9999999997871152,2.992883636402664e-39,2.1288488677166838e-10
5.200158824540767e-25,0.9999999996198348,3.801652397226229e-10
2.179756162751164e-06,5.298334927719164e-07,0.9999972904103445
3.427143057172325e-09,0.7544465081395395,0.24555348843331748
0.9999999999997582,1.296058827339196e-47,2.417586631138289e-13
0.999999924457973,4.094603399481569e-34,7.554202697083402e-08
0.9999999999999645,1.5361782095818468e-49,3.5548110494667016e-14
5.5751896154095746e-18,0.9999973754701509,2.624529849141564e-06
9.306863913103903e-10,0.004396401348884572,0.995603597720429
3.231986983791712e-06,0.0013195956095293229,0.9986771724034869
6.980802835227655e-10,0.027332207032479457,0.9726677922694403
2.443844612879682e-10,0.9536180015370225,0.046381998218593026
8.995790080761004e-28,0.999999999993002,6.998044899003653e-12
2.1269609685724524e-07,5.3670915815529e-06,0.9999944202123217
0.011700190422993889,3.779479999357543e-08,0.9882997717822061
0.9999999999604638,4.4183600093357887e-41,3.953605229431467e-11
2.4825404288808066e-22,0.9999998511365995,1.488634005966944e-07
0.00016243373635014234,5.532232510383789e-10,0.9998375657104267
0.9999999921311779,1.7311458341452857e-36,7.868822234894282e-09
1.1461690057969624e-30,0.9999999999998177,1.8219614257142781e-13
5.117294206408759e-17,0.9998620072102302,0.00013799278976972548
0.005256636362278564,1.1246693098244741e-12,0.9947433636365969
1.3203744460460067e-24,0.9999999996109787,3.8902122841393775e-10
0.9955646449502753,1.1631135438263871e-21,0.004435355049724783
3.048600696974605e-22,0.9999999928721008,7.1278992074063936e-09
6.982471487307649e-15,0.9998037356647699,0.00019626433522323885
0.001785548126205659,2.9028351237955047e-11,0.998214451844766
0.9999999999999831,1.142778414110996e-50,1.685065683867656e-14
2.73887870639155e-12,0.9929304086289209,0.007069591368340198
0.00037803704901496484,1.188399716169012e-07,0.9996218441110135
2.4435182199890656e-16,0.9999878740270078,1.2125972991988859e-05
2.806060003056338e-13,0.9438141426484861,0.05618585735123326
0.9999904544831684,1.8497069842163696e-29,9.545516831640879e-06
1.06236657588777e-11,0.9885251056669129,0.011474894322463496
3.977006565094178e-09,0.004967796724800299,0.9950321992981931
0.0005334843181690273,2.075873721327176e-10,0.9994665154742437
0.0013079567218359422,2.010994582530757e-11,0.9986920432580542
1.0442891098974101e-06,2.550422054609253e-07,0.9999987006686847
1.481010147416772e-07,1.6475012274626926e-05,0.9999833768867106
0.9999998843069978,7.485089126130883e-34,1.1569300217727915e-07
0.9999999999870632,2.2277382200515034e-43,1.2936857578000438e-11
0.00015921029200917133,1.3511698554104152e-10,0.9998407895728739
0.9999999999995448,2.8045644130283593e-47,4.551660942232832e-13
5.285346252774783e-26,0.9999999988464987,1.1535012970262576e-09
0.0002676303064723545,2.8675838408866425e-07,0.9997320829351437
7.12101060695855e-22,0.9999999905184812,9.481518887515906e-09
0.0007283009974509018,8.83561220878424e-07,0.9992708154413282
0.9999996726621806,7.854751491068844e-33,3.2733781945469295e-07
8.333115194526707e-24,0.9999999980628473,1.9371526081564976e-09
6.6552589903984865e-19,0.9999988940383452,1.1059616547736266e-06
0.9999999999999662,2.9652575898874266e-49,3.365111158799257e-14
4.2983328812672216e-07,0.04383804184579363,0.9561615283209182
0.9999999999999634,1.0546197371598473e-49,3.667845670494643e-14
3.4820335878900037e-22,0.9999999919905865,8.009413600662402e-09
5.705562153937153e-17,0.9999914520705229,8.547929477201807e-06
2.692296015594981e-19,0.9999993120284761,6.879715238579096e-07
0.9999996988756085,4.829938175344202e-32,3.01124391530954e-07
4.941438122524407e-05,6.786877809429716e-10,0.9999505849400869
0.9999820147356587,1.2826966078464916e-28,1.7985264341376945e-05
3.6117413513963896e-31,0.9999999999999747,2.5378389873480653e-14
4.246699048765195e-05,9.036967066274579e-10,0.9999575321058156
0.9944052323987909,3.103601155834452e-21,0.00559476760120914
0.0006729526647727469,1.5670141803371195e-09,0.9993270457682131
3.851527562014429e-21,0.9999999772754468,2.2724553312275114e-08
0.9999999999964453,8.915010380934503e-45,3.5546915921419108e-12
5.282471065185166e-19,0.999983714321069,1.6285678931002497e-05
0.9999999999964104,8.509980392170898e-45,3.589569853757875e-12
8.247138548026418e-35,0.9999999999999996,3.719709858284948e-16
1.798182148920907e-07,2.0032895108499603e-05,0.9999797872866767
0.9999998462411893,1.04009213843704e-32,1.537588107196473e-07
0.9999999999999714,1.2464341778234969e-49,2.862618114349499e-14
4.119035954053141e-17,0.9995493963224752,0.0004506036775248926
5.15041579369884e-29,0.9999999999993574,6.426105023460928e-13
0.9993294095488285,6.73934539043194e-24,0.0006705904511714947
1.1613755026050428e-24,0.9999999998513254,1.4867457034898585e-10
0.9999282502336173,3.832411157627679e-26,7.174976638270028e-05
0.9999999999999936,1.7489250766605154e-51,6.405821829066655e-15
6.587108712986078e-06,4.389422042261189e-08,0.9999933689970667
1.8289568170748974e-12,0.9968150155632813,0.0031849844348898356
0.9999999985026369,8.643931692230692e-38,1.497363222818327e-09
0.9999999999789173,1.6616900270977194e-41,2.1082581929387492e-11
1.4511018662171986e-16,0.9998159381531893,0.00018406184681053986
6.358156367686249e-07,1.4331491996192397e-07,0.9999992208694433
1.2440248535708886e-24,0.9999999995329933,4.670065622899198e-10
0.999999999966644,1.808515317401775e-42,3.335592539935433e-11
0.012570437906842136,1.1515013547759781e-12,0.9874295620920064
0.9999964025884378,3.365784540312939e-29,3.597411562310106e-06
1.2159343713883954e-05,0.00023553208774956748,0.9997523085685366
0.9999999935644006,6.99536706232017e-36,6.435599281008627e-09
1.4025624496004762e-27,0.9999999999948332,5.166662346241551e-12
0.01517444762954177,2.850335079495383e-12,0.9848255523676079
9.174641998182953e-09,0.0013971733444882977,0.9986028174808698
2.3822368361507838e-05,0.0001255252565261981,0.9998506523751123
1.8356212517442978e-08,0.4208247722500303,0.5791752093937572
0.9999973819756862,1.6472213422931314e-29,2.618024313852222e-06
0.9999257280566545,2.2185005603035783e-26,7.427194334557506e-05
5.227711889774781e-08,0.1266182775515625,0.8733816701713186
6.482760137073751e-27,0.9999999999789873,2.1012855193445906e-11
0.00029140851202795107,1.8587850222695686e-10,0.9997085913020934
3.9152683748942155e-06,1.5097751555282845e-08,0.9999960696338737
7.991932303762793e-12,0.9918668638893396,0.008133136102668437
5.624449190090436e-16,0.9999745735818811,2.5426418118284397e-05
4.281188137173802e-17,0.9995995823599958,0.0004004176400041572
0.9999999999977569,3.217114136725911e-44,2.2431979426073326e-12
6.1165514003617594e-18,0.9999975198965799,2.4801034200983777e-06
0.9999999999999811,1.3789418255648404e-50,1.8766644875390563e-14
1.4098322776807262e-05,1.3080400090550736e-08,0.9999858885968231
0.9999999999999765,2.085629516059643e-50,2.3443834128892974e-14
4.042940878118144e-06,6.709616466433855e-08,0.9999958899629573
1.8541960365067982e-07,0.03984977829082672,0.9601500362895696
2.3168672289061055e-13,0.9539511220290912,0.046048877970677186
0.9999999998303948,2.2887626216639136e-39,1.6960528805647797e-10
1.7559789863991128e-08,0.00033989320413107816,0.999660089236079
0.004453806981430878,2.5051038765308368e-12,0.9955461930160641
2.397773981505218e-18,0.9999407537602525,5.924623974764223e-05
1.3092190037975675e-16,0.9996485318643318,0.000351468135667959
2.8323126680279214e-08,0.00016424519154486256,0.9998357264853284
0.9999999998773381,4.553287058363447e-41,1.2266180539301475e-10
0.9999597834978663,6.0466386322927974e-27,4.0216502133723005e-05
0.999998426527777,5.0092964633151814e-29,1.5734722229146991e-06
0.999999951097178,2.4009352566283764e-34,4.89028219687048e-08
0.9999998894854607,1.9023751670751447e-33,1.1051453937059943e-07
0.9995746805345146,4.44456536511508e-25,0.00042531946548529534
1.3397783505816119e-06,1.685021389222724e-07,0.9999984917195105
3.380116659956046e-07,3.4035847072444148e-06,0.9999962584036267
0.9999999999999949,1.6645395426499787e-51,5.142305375538858e-15
1.7964395955477525e-26,0.9999999999720994,2.790051422448413e-11
1.1414025692769549e-35,0.9999999999999998,2.626270242187536e-16
0.0017965450582703311,1.801873954714979e-11,0.9982034549237109
5.84769581343723e-07,3.301399311136746e-07,0.9999990850904876
1.6396930819734841e-19,0.9999994551261777,5.448738223682625e-07
0.00035246064718310325,2.944430093268462e-11,0.9996475393233725
2.4980514382293152e-29,0.9999999999995715,4.285129242115684e-13
5.681352797450273e-33,0.9999999999999964,3.472233408382648e-15
3.6093750520735804e-08,0.0001741190146904054,0.999825844891559
9.006284426754443e-05,5.5316426159832416e-06,0.9999044055131164
0.9999999999999907,1.2950040229584954e-50,9.280966791188393e-15
0.9999999999999896,4.9366749945019056e-51,1.0514746355228807e-14
2.4476615692132328e-20,0.9999998989349599,1.0106504013511823e-07
6.172577944229852e-09,0.0006958896228396361,0.9993041042045825
4.01720244001721e-24,0.9999999994762838,5.237161888218044e-10
0.9999999999858002,1.7385407046483342e-43,1.4199813598596954e-11
0.9999907305416921,5.787814475951994e-28,9.269458307914134e-06
0.999999932466186,3.299357233757687e-34,6.753381398286119e-08
6.982110019167882e-23,0.9999997650257694,2.349742305464243e-07
8.106920206492122e-21,0.9999999671806605,3.281933941159595e-08
4.0700758601261205e-09,0.7711587074356574,0.22884128849426677
0.9999999999057942,2.366606360053024e-41,9.420574675072881e-11
4.108364058593557e-06,7.55042349092664e-07,0.9999951365935924
6.87755787730399e-14,0.9994146324743652,0.0005853675255660493
6.037765465226696e-17,0.9993043429479778,0.0006956570520223162
0.9953751925699266,5.947193251015261e-23,0.004624807430073309
3.732759394720895e-20,0.9999998690992131,1.309007867998671e-07
2.2896653145097207e-05,2.4026742693450344e-08,0.9999770793201123
2.2263623624260565e-09,0.0018289125955772397,0.9981710851780605
7.58734614205733e-19,0.9999995088460975,4.911539025768047e-07
0.9999999723469603,5.415675102104477e-34,2.7653039828849802e-08
1.0735172488859643e-31,0.9999999999999731,2.678842573144847e-14
6.074481753994691e-29,0.9999999999989668,1.0331283766330766e-12
0.000515626934200425,4.2733807515728784e-07,0.9994839457277244
1.4680255246068244e-30,0.999999999999782,2.1795844739046724e-13
0.0008905104398647781,1.6873681632488237e-11,0.9991094895432616
1.1247490804985674e-06,0.00521799521739213,0.9947808800335275
8.017056358027194e-18,0.9999979971292792,2.0028707207506296e-06
0.9996647499399894,8.5864328771551e-25,0.0003352500600106048
0.004560209206277724,3.5238334727104048e-12,0.9954397907901984
1.1768867076825963e-05,3.1053019118709705e-08,0.9999882000799041
0.9999999992492752,7.597477374673977e-38,7.507249216730491e-10
1.469286912830006e-13,0.9990174317433858,0.0009825682564674192
0.9998387341272743,1.4300961879314157e-25,0.00016126587272563482
1.1974747003005706e-14,0.9860827214402922,0.013917278559695745
0.999942573809547,7.854018480118265e-26,5.742619045285068e-05
1.6273130102519748e-19,0.9999994158611937,5.841388063395729e-07
9.644264725320103e-06,1.4435226949364383e-08,0.9999903413000477
0.9999999999603826,1.0580990790721023e-40,3.9617425529417694e-11
3.036662895729116e-11,0.9721302628452506,0.027869737124382763
2.986115098896285e-23,0.9999999968070288,3.1929712602667867e-09
0.9999999996609765,4.8717550939898387e-39,3.3902349301272447e-10
0.9999999999999694,1.2979112646244372e-49,3.0748820963293014e-14
3.748705692805283e-14,0.9876124416353869,0.012387558364575538
2.53758255944825e-08,5.552405572416086e-05,0.9999444505684502
4.416287746719857e-09,0.7793312690070123,0.22066872657670006
3.940874032714485e-30,0.9999999999997577,2.4234349529098927e-13
0.9999942521202224,1.077592068236359e-29,5.7478797775794996e-06
9.906416911931007e-12,0.9881621825064162,0.011837817483677304
0.999826531944314,4.059146457687047e-26,0.0001734680556859963
2.3354423072311925e-24,0.9999999995599724,4.4002759986192617e-10
7.548691112083008e-15,0.9932944083749591,0.006705591625033414
0.9999999746833179,2.1782855763270633e-34,2.531668210726104e-08
1.9309052126272254e-07,3.114494749586579e-06,0.9999966924147292
0.9999540929935492,9.756266733842379e-28,4.590700645091445e-05
5.31534214424869e-09,0.6772536595005411,0.3227463351841169
2.087475681064367e-09,0.0007349620089617719,0.9992650359035626
0.9999999999969762,2.7151098366827172e-45,3.0237380007694e-12
0.9999011212989618,2.0159243768419297e-26,9.887870103810625e-05
1.8082248865473443e-28,0.9999999999973115,2.68861201324051e-12
0.00013180089489085866,7.377841659298751e-10,0.999868198367325
3.1694686017054033e-06,2.4985226831029125e-07,0.99999658067913
0.999999999999978,4.967965523717451e-50,2.189308211808665e-14
0.26869081844640175,8.07504192275537e-11,0.7313091814728478
0.9997535310116394,1.8998339699538642e-25,0.00024646898836059845
0.9973357550981521,1.3189812217043144e-22,0.0026642449018477957
5.193727065947331e-12,0.8298068105005417,0.17019318949426449
0.0015940137410647406,1.3471068787720179e-11,0.9984059862454641
0.9898632761573909,2.856449001177809e-21,0.010136723842609002
8.928330811334939e-22,0.9999999885129759,1.1487024108021323e-08
8.027922342675484e-08,0.11572173293191151,0.8842781867888649
7.989023829884883e-08,0.3123280306689458,0.6876718894408159
2.536474171107677e-05,2.4611573067134303e-05,0.9999500236852219
0.999999999995981,4.5733086807967435e-43,4.018935070259847e-12
9.484095902084175e-05,1.6616651810876037e-09,0.999905157379314
1.5760446389278924e-26,0.999999999245953,7.540470609580563e-10
2.5070157647005965e-18,0.9999961468650317,3.853134968274192e-06
4.912044123560346e-08,0.00010979663855602768,0.9998901542410027
2.853156184980027e-35,0.9999999999999998,2.306251558965963e-16
9.777232223271238e-18,0.9999968766412178,3.1233587821297356e-06
0.9999999999999858,9.52298386176774e-51,1.428621784971125e-14
0.9993497236585349,3.991014717198993e-24,0.0006502763414650528
0.0007676011654307436,1.308921512377857e-11,0.9992323988214801
2.735899160953216e-08,0.28450666649385165,0.7154933061471567
1.6075736488012652e-21,0.9999996467934886,3.5320651131486615e-07
1.9787413278355526e-06,4.3194359631294475e-07,0.999997589315076
0.9999999999999869,1.0754834492930603e-50,1.3211095161186316e-14
2.7266439266841532e-25,0.9999999998970126,1.029874645037181e-10
5.402074861572955e-06,5.3300995159210586e-08,0.9999945446241434
8.305745588480401e-07,0.014094637713952812,0.9859045317114883
0.9999999999967746,9.077100749400001e-44,3.2254309221728114e-12
1.1241035189670245e-06,0.004166294133551829,0.9958325817629292
0.9999964756773697,7.709556324747409e-29,3.5243226302249914e-06
3.938217293457706e-27,0.9999999999918283,8.171592809525165e-12
0.999999999972097,9.22858143650019e-43,2.7903051617807185e-11
0.9999999999786686,7.627447906015405e-42,2.13313651042895e-11
1.4990265772733497e-14,0.9924067708729573,0.007593229127027843
2.9718750203182107e-10,0.04346794323921208,0.9565320564636004
0.9999999999078004,3.079103405529386e-39,9.219950056502151e-11
3.3700678622480685e-21,0.9999999710647982,2.893520191688534e-08
0.10370736238227916,4.787888865363167e-14,0.896292637617673
6.035132969456343e-18,0.999997750731389,2.2492686108866314e-06
3.285632983818179e-08,0.12265436318713574,0.8773456039565344
0.9999999999930067,2.327899871336026e-43,6.993199944290778e-12
0.9999999271425699,2.485000791087212e-34,7.285742999968206e-08
0.0005636469064069998,4.0097037933097566e-11,0.999436353053496
0.9989407029846681,5.534120380504415e-23,0.0010592970153318084
0.9999999999999807,2.2088021897294075e-50,1.9299646979170656e-14
1.673667380048516e-21,0.99999998080544,1.919455995297731e-08
1.4754180978457796e-07,0.02518076875658131,0.9748190837016089
2.7119498692401645e-24,0.9999999993022357,6.97764220475759e-10
1.702418012982326e-25,0.9999999999521354,4.786455423810965e-11
0.9999405244843418,1.3184833837394094e-26,5.947551565822742e-05
6.69719528970332e-17,0.9997009693915269,0.0002990306084731368
0.00025548069142814135,1.0226637871100748e-10,0.9997445192063056
0.9999999999999969,1.0747934702309552e-51,3.136569946002941e-15
0.9999999999999827,3.842188573647238e-50,1.7313481129809345e-14
9.501190521863016e-19,0.9999805049677978,1.9495032202132178e-05
1.894978058861863e-12,0.7717395274230586,0.22826047257504645
4.059930728293494e-08,0.21684934124599803,0.7831506181546947
0.999999999993338,7.454202226958427e-43,6.662058691302467e-12
4.927036898597035e-07,2.676309823646136e-06,0.9999968309864864
4.5279293246552474e-17,0.9999902195800795,9.780419920525186e-06
0.9999999688198683,7.995405727273422e-35,3.118013179801904e-08
0.9998497348322126,2.382311524706126e-25,0.00015026516778752263
0.9999016258429297,1.2473738176925516e-26,9.837415707022486e-05
3.964144219301507e-23,0.9999999967318125,3.268187384628476e-09
5.354489444988473e-06,0.00026810745182445276,0.9997265380587305
1.1824883143678493e-09,0.0072788180011086785,0.9927211808164029
9.127964575351812e-23,0.9999999948999283,5.100071691717662e-09
4.1760721053437715e-27,0.9999999999884583,1.154164629651562e-11
0.9999999994325217,9.727117485373468e-40,5.674783668015238e-10
0.9999942860756802,9.350612902020237e-29,5.7139243197424806e-06
4.094521792651302e-09,0.0006266081914974001,0.9993733877139808
0.9999998708488163,1.3968766616272836e-31,1.291511836617728e-07
0.00012870601888997647,8.504231779332222e-11,0.9998712938960678
1.4149909359937423e-06,3.328501505284712e-07,0.9999982521589136
8.377752859141905e-06,0.0003185353205093683,0.9996730869266314
9.412521704622056e-22,0.9999999847147631,1.5285236850970363e-08
4.551692486077751e-08,0.24278662328229722,0.7572133312007779
0.9999999999808025,1.3783293362760377e-41,1.919745176642583e-11
8.232921153656783e-14,0.9995710981895234,0.00042890181039419086
0.9999999999773934,6.292617534110349e-42,2.2606664474135843e-11
7.892295291938713e-13,0.9972534574176355,0.002746542581575252
1.3255069886834942e-06,2.162409972498392e-07,0.999998458252014
1.3003053431606096e-18,0.9999849873405481,1.5012659452066204e-05
0.9999999868185796,1.068156953853886e-35,1.3181420381003106e-08
0.9999999999998994,3.83748547882246e-49,1.0048705488195185e-13
2.539502397921755e-06,8.182301097636754e-07,0.9999966422674923
9.103442072742694e-16,0.9999377144975545,6.228550244457796e-05
2.9433442193077524e-07,0.028807174287216797,0.9711925313783614
0.9999999999997735,1.3315490864454385e-47,2.2657566905327277e-13
0.9999999995554962,3.052318104590086e-38,4.445037668063839e-10
4.156568988869695e-15,0.9977526669065196,0.0022473330934761077
0.9999999796636732,1.2493075505612696e-34,2.033632678016249e-08
0.9999999642734142,6.718698362239935e-34,3.572658567511593e-08
0.9999998671898459,4.672441586462853e-33,1.3281015419708293e-07
7.541240764257382e-25,0.9999999996977682,3.022318515610212e-10
0.9999993101107655,3.5283002442051814e-31,6.898892344834472e-07
1.7147688188285385e-16,0.9999764789255429,2.352107445684611e-05
1.3220691797736162e-07,2.813130156506111e-05,0.999971736491517
0.9915514514228232,3.815709125682451e-21,0.008448548577176753
0.998233618880499,1.5359991848359596e-23,0.0017663811195009584
3.3158986338331097e-18,0.9999985744708044,1.4255291955169165e-06
0.9935410388945107,2.943523615752131e-21,0.006458961105489288
0.9999999843394398,5.512221805575487e-35,1.5660560189149233e-08
7.424941481770328e-19,0.9999991943623148,8.056376852501857e-07
0.9999285134856782,9.329084541688341e-27,7.148651432179593e-05
0.999999964610972,2.9971268970980967e-34,3.5389028074535084e-08
0.00035644893453418874,1.167216627282001e-10,0.9996435509487441
1.3795534145257773e-35,0.9999999999999996,3.720166616983866e-16
0.0001287919262930485,1.2025535620214585e-09,0.9998712068711533
1.250879772822415e-05,2.734817685069855e-09,0.9999874884674541
0.0014083650253632614,7.33490119999234e-11,0.9985916349012878
1.1150002136282382e-18,0.9999811599511231,1.8840048876816917e-05
3.5864139292012247e-25,0.9999999998961386,1.03861272637237e-10
5.1841976413873405e-09,0.0007980002388917673,0.9992019945769106
0.9998163216602123,2.790977935854232e-25,0.0001836783397876511
0.9999999996185986,1.4150768751721566e-38,3.814014476407798e-10
0.9951260131266009,1.7922554044929465e-21,0.004873986873399087
0.9999999999999905,2.8444599371734284e-51,9.528135106104183e-15
0.999999999999994,2.5024473446734633e-51,5.9062244488280406e-15
0.00010475769791162847,1.554411057492427e-09,0.9998952407476772
0.9999999999999152,6.805510954046501e-49,8.48669684847018e-14
1.671227556803746e-30,0.9999999999999023,9.760957652969887e-14
5.356674931301498e-14,0.9991208026033456,0.0008791973966010101
7.917413566797415e-06,1.0166344143589328e-08,0.999992072420089
0.9999999999604914,1.2817327073585466e-41,3.950857319128132e-11
0.9999260582856982,4.3349684961613386e-26,7.394171430179483e-05
0.999999999891096,2.68735971701361e-41,1.0890402291580211e-10
0.002130247908755786,2.119366488027867e-12,0.9978697520891249
2.805310204477357e-08,2.9862807752924596e-05,0.999970109139145
1.1618311061556313e-08,0.48360769873985177,0.5163922896418373
2.626631671151354e-08,4.63981245153263e-05,0.999953575609168
0.0004917002143617031,6.827094772995827e-11,0.9995082997173674
0.9999769181496855,1.6147474050949202e-27,2.3081850314544208e-05
1.7455425912450508e-07,1.0293194765586625e-05,0.9999895322509752
0.9999940325621425,9.204214469406118e-29,5.967437857548408e-06
0.9971610784943297,8.046871115346459e-24,0.0028389215056703766
0.9999999996381521,1.3837625748209803e-38,3.6184782061330656e-10
1.0921873162910411e-13,0.9988599979604664,0.0011400020394245279
1.7692161355431725e-17,0.9999951777437328,4.822256267300283e-06
0.011569733730857191,2.262901210484046e-12,0.98843026626688
0.9999972543066051,3.7355569365001914e-30,2.7456933948292548e-06
1.7943933845067144e-18,0.9999984310965183,1.5689034816082308e-06
0.000159976617245196,3.231257143802608e-06,0.9998367921256109
5.059356311025654e-06,1.4673593980805814e-07,0.9999947939077493
0.9999999999999838,4.457849616952377e-50,1.6239293928557695e-14
5.040455919428974e-28,0.9999999999947984,5.201635234691812e-12
0.9986339601419039,1.095610267145604e-22,0.0013660398580960468
5.1252268938280666e-05,3.0595736360324643e-09,0.9999487446714881
1.011409569832792e-24,0.9999999997506097,2.4939022630501584e-10
0.9999996798318277,4.24079783621859e-32,3.2016817231002457e-07
0.9999990554325702,2.4644458742697353e-31,9.445674297780957e-07
0.0006050128356643343,1.1222596929720255e-10,0.9993949870521097
3.5446455645317445e-25,0.9999999998066624,1.9333754295093373e-10
5.0215702751321956e-36,1.0,6.090043390193822e-17
0.9994004303006092,4.981754457506586e-24,0.0005995696993907494
1.92272599250849e-14,0.9996750685205776,0.00032493147940306204
1.0255033800126288e-20,0.9999999515920858,4.840791432780108e-08
2.394913217831955e-15,0.9987702981709079,0.0012297018290896241
0.9999988839525483,1.5063047948705125e-31,1.1160474515723258e-06
4.80557083354242e-06,7.870007322258042e-08,0.9999951157290932
0.9999999999962119,4.047625268832355e-45,3.787981788836417e-12
0.9999999959166472,1.9494110402857882e-36,4.083352787756836e-09
0.9999999999830969,1.1172100476549635e-42,1.6903073580775642e-11
2.269926016750111e-12,0.7816978328358184,0.21830216716191153
0.9999999999999787,3.3080296860679845e-50,2.1243022548453873e-14
3.342650948946925e-19,0.9999832315730317,1.6768426968212647e-05
0.9999980215076871,2.7539287841666997e-30,1.9784923128155016e-06
1.709135487736022e-13,0.9984951219630579,0.0015048780367710821
0.9833090258411218,3.854198649472534e-21,0.016690974158878186
0.9972160571823596,1.306964007499721e-22,0.002783942817640441
1.1004696415723854e-34,0.9999999999999998,2.8322003602403054e-16
0.9999858317841992,4.9244848172268855e-28,1.4168215800816762e-05
0.9999701301079961,8.482111069268222e-27,2.9869892003967084e-05
2.1859351856234887e-25,0.9999999999082678,9.173209194548366e-11
0.9999999999939388,1.3986770546692834e-43,6.061167307857471e-12
1.6331669243019535e-27,0.9999999999964071,3.59292553780335e-12
0.004666649234746455,2.7520457014684056e-12,0.9953333507625016
4.1538003754198625e-06,0.0003735932422706319,0.999622252957354
0.017178009401750072,1.6435740318625828e-13,0.9828219905980856
5.186256634660365e-20,0.9999998678921301,1.3210786984005973e-07
1.0380557829191397e-20,0.9999971051489271,2.8948510729277255e-06
1.997766025516276e-17,0.9999955070095391,4.4929904609894e-06
2.6625264937753352e-17,0.9999959200624814,4.079937518462399e-06
5.369836972655346e-18,0.9999217798979056,7.822010209435622e-05
1.7445292330537825e-09,0.002114811379485565,0.9978851868759853
2.317401780809076e-07,3.1274281868607315e-06,0.9999966408316352
3.152727322224004e-28,0.9999999999958931,4.106932259146269e-12
0.004752098529501563,3.2468771220302963e-12,0.9952479014672515
0.0003330341036097122,1.1483030189760039e-10,0.99966696578156
6.047684695526369e-23,0.9999998596175392,1.40382460888821e-07
6.777243392041619e-09,0.0013053398423996834,0.998694653380357
0.9999999999999907,5.382575994331254e-51,9.42422493276147e-15
4.751598780889993e-24,0.9999999994115834,5.884166497733244e-10
0.999999897332864,7.958284308583923e-33,1.026671360930379e-07
8.056418694238125e-17,0.9999894109456336,1.0589054366448165e-05
1.376296863986991e-37,1.0,1.5465795147808452e-17
2.847282320949175e-18,0.9999985078414438,1.4921585561439432e-06
0.9999987709848285,3.402417317682281e-30,1.229015171492952e-06
4.422174572671066e-32,0.9999999999999885,1.1568875933302259e-14
0.9999399419319758,1.795064965765349e-27,6.005806802416143e-05
1.3275122123421332e-35,0.9999999999999931,6.8233094735001775e-15
1.973325015978025e-07,1.755997141193266e-06,0.9999980466703572
8.749050041563925e-34,0.9999999999999991,9.0562723886862e-16
0.999999999999817,5.800390984833622e-48,1.8305450600075851e-13
1.3177545486785646e-14,0.9942805658644854,0.005719434135501416
6.758506235665691e-23,0.999999997221813,2.7781869348862838e-09
5.412815078394093e-16,0.9989046336214729,0.0010953663785266653
1.4235611053546524e-10,0.9693544223137105,0.030645577543933503
1.1387176375551731e-18,0.9999816433225244,1.8356677475613883e-05
0.9999978397255166,2.1112691300027196e-29,2.1602744834575297e-06
3.9273888400983164e-09,0.0003926516630933405,0.9996073444095178
0.9999999852850019,3.6646607208720625e-35,1.4714998062067467e-08
0.9999999997482127,8.72278160505764e-40,2.5178717374300517e-10
5.894945807695162e-07,4.040217963010414e-06,0.9999953702874561
0.9999999999999185,7.482992833011263e-49,8.156158550726474e-14
9.292984469588034e-35,0.9999999999999996,4.867688055641523e-16
0.1694431496015476,1.881265104035424e-10,0.8305568502103259
1.1959606618932758e-14,0.996338808058288,0.0036611919417001222
9.948643728630981e-06,5.345266478445616e-09,0.9999900460110048
4.7619833278060636e-08,0.04161969923884799,0.9583802531413186
3.3478943131215287e-09,0.6553867463586897,0.344613250293416
0.03830342154639154,2.859284095899502e-13,0.9616965784533225
1.0311859818894958e-05,0.0002946427006733764,0.9996950454395077
0.9976692434728015,1.1968355754490173e-21,0.002330756527198482
3.8749896597899574e-22,0.9999999911927887,8.807211326513331e-09
9.224748798155086e-08,6.650075440637103e-06,0.9999932576770714
1.752673390389274e-09,0.006029657516330723,0.993970340730996
0.9999999634802175,6.31650561580081e-35,3.65197825163245e-08
6.533142836278719e-26,0.9999999999498745,5.0125376457450504e-11
5.555855197824961e-13,0.9979266118207119,0.0020733881787327025
0.999999999987657,1.1014250547026758e-42,1.2343009431784176e-11
2.925041997359301e-09,0.001604372254865348,0.9983956248200926
0.9999763660891505,8.373036154140126e-28,2.3633910849597615e-05
3.2951162341408146e-28,0.9999999999979561,2.043827546116333e-12
0.9999224576505693,6.0918596297823306e-27,7.75423494307014e-05
2.6601632470283957e-06,1.0924887542870353e-07,0.9999972305878775
1.5047570000487624e-05,4.551963742023418e-09,0.9999849478780357
0.0006322288134524523,1.971386557718046e-10,0.9993677709894089
2.021760402578429e-07,0.027939057732357706,0.9720607400916021
1.4184127538002252e-31,0.9999999999999805,1.950733529841005e-14
1.618611125223875e-05,3.1642021278663134e-07,0.999983497468535
8.636763129872331e-23,0.9999999970674609,2.9325390986448126e-09
0.9999997824971019,5.3888074529715384e-33,2.1750289814446418e-07
0.9999999999999503,1.0670347027664713e-48,4.9676129379322964e-14
0.9914828111418219,1.9357713563314474e-21,0.00851718885817799
4.298640676975986e-10,0.7909037395153985,0.20909626005473744
1.1212875144003468e-28,0.9999999999987133,1.2866656372018742e-12
0.9999997912276101,6.299140102508928e-32,2.0877239000322693e-07
0.00045163801980114513,9.195740715233734e-11,0.9995483618882415
0.999999996125926,1.1674489650173844e-36,3.874073986441836e-09
3.065778548018155e-28,0.9999999999965659,3.4341923972110625e-12
0.99999907944934,9.92086180169622e-31,9.205506601002416e-07
0.008375426495615443,1.644437857188528e-13,0.9916245735042202
1.0334559143789849e-07,4.318146514676815e-06,0.999995578507894
9.943982927565821e-10,0.7408896343899255,0.25911036461567627
0.007374879014494658,1.9292132037961252e-11,0.9926251209662134
3.670144370147714e-10,0.014447975562135562,0.98555202407085
4.790082920604289e-12,0.9882511336046529,0.011748866390557151
1.2341120148509016e-36,1.0,2.530895832745795e-17
1.0949504894366661e-10,0.944544970950127,0.05545502894037814
1.2843195135697615e-09,0.7937634877147204,0.20623651100096013
0.9999999999999343,4.313726238684052e-49,6.575116959834053e-14
6.670785255126641e-20,0.9999997914583296,2.0854167049865418e-07
3.6699754139364454e-06,0.00026005095532267324,0.9997362790692634
0.9999999997036555,9.706580611108814e-40,2.9634439445203164e-10
0.9999999999980094,7.152537066001782e-44,1.990558390733722e-12
5.183078421017389e-05,1.818067188046941e-05,0.9999299885439094
4.952848220361494e-06,0.00029104733560936507,0.9997039998161702
0.000294588439196428,3.025790332207971e-10,0.9997054112582245
7.35335046586989e-22,0.9999999920134913,7.98650878778552e-09
6.42112392177993e-08,1.3791391778324064e-05,0.9999861443969824
0.999999990120014,9.959507625374212e-36,9.87998601416601e-09
0.9999999872344462,1.1588848434658609e-34,1.2765553791464775e-08
0.9999024931423521,3.406939171358412e-25,9.750685764795497e-05
0.9999999974683307,7.481113131636361e-37,2.5316692275811195e-09
1.2150529901522284e-28,0.9999999999980982,1.9018826263166828e-12
2.7943161489034573e-12,0.748343304820657,0.25165669517654876
0.00042704230246493904,1.044206577174898e-06,0.9995719134909579
4.168989139078077e-16,0.999945243033283,5.4756966716398774e-05
8.806435427617496e-10,0.0021688729135899325,0.9978311262057665
0.9999999845768841,2.657389245443687e-35,1.5423115868618826e-08
3.321060473774638e-05,8.284601821018601e-09,0.9999667811106605
9.538896403822895e-23,0.9999999957010761,4.29892384135528e-09
2.62700050394398e-05,4.4279625017500996e-09,0.999973725566998
2.9481332715762035e-09,0.007212905950874409,0.9927870911009924
0.9999999981509693,1.0489828712848778e-37,1.8490306290908225e-09
1.7449712442071945e-17,0.9999975851623212,2.414837678758543e-06
0.999999999999982,1.9806175391337445e-50,1.8017572231975152e-14
0.9999999999999856,7.67598446228195e-51,1.4541043045179827e-14
0.9999999999999749,6.112168576842483e-50,2.5193801925893818e-14
0.0021800062082240473,1.113475570510413e-11,0.9978199937806412
3.1166609140095247e-09,0.010261404331993393,0.9897385925513457
0.9999999999999898,7.083829444498746e-51,1.0161168899570374e-14
0.006649141805123214,1.334054461240119e-12,0.9933508581935427
1.3283994618490675e-17,0.9999954478716163,4.552128383662253e-06
2.510481344909522e-08,0.0003586256805116274,0.9996413492146748
0.9998890353700123,7.112710310217265e-26,0.00011096462998770666
1.0851703444722407e-28,0.9999999999983975,1.6024116358036036e-12
0.9994394204822984,1.278839743746593e-23,0.000560579517701561
0.0014199641598526015,5.934400758837447e-11,0.9985800357808035
0.9999999961450279,5.600862903620689e-36,3.854972136608707e-09
1.2307969831338772e-07,2.5296276379771804e-05,0.9999745806439219
2.371999061715426e-20,0.9999998940932712,1.0590672885415975e-07
1.7683454286344423e-23,0.9999999882602374,1.1739762649246539e-08
1.1521190052611598e-05,2.859666317221681e-05,0.9999598821467752
0.9999999849225651,7.858820424456774e-35,1.507743485800174e-08
0.9994108687886404,2.3012717223737655e-23,0.0005891312113596598
6.927872535533789e-06,5.173445566583658e-09,0.9999930669540188
4.324616105889568e-20,0.9999979294162215,2.0705837785983724e-06
8.530774198051205e-26,0.9999999951852494,4.81475063206344e-09
2.900154540469365e-24,0.9999999991809116,8.190884293395279e-10
0.9987156681195642,4.2067543232466684e-23,0.0012843318804358047
0.999999767643206,1.3109518188851842e-32,2.323567939202766e-07
4.152984751756203e-08,0.33289501069729394,0.6671049477728586
4.833136268221713e-16,0.9974300524485443,0.0025699475514552117
1.5491976018618536e-18,0.9999987421114014,1.2578885986785102e-06
1.0747209575553461e-25,0.9999999971734035,2.8265966111338005e-09
0.9999999927439915,2.3755897756726546e-35,7.256008299607143e-09
0.0016640815726842702,2.8688620324767355e-08,0.9983358897386954
9.860013696143148e-05,1.2021007944677845e-09,0.9999013986609379
0.9999459861112435,1.4952972183212155e-26,5.401388875648467e-05
3.355556663649858e-06,3.3948362016098e-07,0.9999963049597161
4.608264846702113e-09,0.000683981672555584,0.9993160137191796
0.9999999999999754,5.1293871950820985e-50,2.4753373933202812e-14
1.1028216441250467e-17,0.9999952500383659,4.749961634145512e-06
1.1014305327214973e-23,0.9999999473910329,5.2608967072844745e-08
7.623002604664704e-22,0.9999996345597012,3.654402988314973e-07
2.79937593015454e-28,0.9999999999968936,3.1064719965314905e-12
5.135685026174518e-30,0.9999999999998093,1.9066535950757935e-13
0.9999999999720015,2.3590614781726325e-42,2.799859309791571e-11
1.162181134426154e-09,0.014766178064005873,0.985233820773813
3.0673440955189494e-13,0.9991580396311096,0.0008419603685836699
3.006316205503418e-15,0.9998145400050469,0.00018545999494990918
1.2763425757405386e-09,0.006583238500382359,0.9934167602232751
6.633500831602996e-07,3.205742798275569e-06,0.9999961309071185
2.4331684458139814e-20,0.999999897451927,1.0254807295909131e-07
1.6090148020711204e-08,0.0005406082974175022,0.9994593756124345
9.240238439768288e-09,0.0003164181541228358,0.9996835726056387
3.941079468493183e-21,0.9999999665017982,3.349820177206428e-08
0.9999999998847786,2.2107408525855364e-41,1.152213777226054e-10
0.9999999565001597,9.964048824077495e-34,4.349984036348168e-08
2.977203387597703e-32,0.9999999999999847,1.5411194559039155e-14
1.5778393627894257e-16,0.99998594505391,1.4054946089840142e-05
2.57168226254554e-35,0.9999999999999998,2.3313888792655354e-16
0.9999999389978775,2.2795726860114507e-33,6.10021225174249e-08
0.9999999893719206,1.7202388875167484e-35,1.0628079356175339e-08
1.5938748821312484e-12,0.992713188314995,0.007286811683411041
0.9998327213589651,2.809075805519504e-25,0.0001672786410349151
0.0035916839829177524,9.770649612353253e-12,0.9964083160073116
0.9914461377697453,9.305503955974097e-20,0.008553862230254667
4.9419184279621524e-06,2.105263329074619e-07,0.9999948475552392
0.9991757266938556,6.4074951156333055e-24,0.0008242733061443902
1.187878770493236e-29,0.9999999999996878,3.121803422309701e-13
0.9999999989716788,2.1746580121441402e-38,1.0283212119940481e-09
0.999999999928566,3.00947633729137e-41,7.143397902601731e-11
0.9999984595331048,5.938669815682874e-30,1.5404668952054777e-06
0.9999999997895004,2.072814434647638e-40,2.104996949106643e-10
4.716735888165638e-06,0.00010043698138484483,0.999894846282727
1.0984875016260625e-13,0.9986241567806289,0.0013758432192612542
1.5300890557408894e-08,0.4718913301036621,0.5281086545954474
1.3181246364980422e-08,0.00028064466940234815,0.9997193421493513
1.2630335934359843e-05,2.877832806895527e-08,0.9999873408857377
1.1963132503536012e-27,0.9999999999869562,1.3043810980067917e-11
3.698643694308832e-05,5.237337812174042e-10,0.9999630130393231
0.0013501332873664847,2.8205321159431766e-11,0.9986498666844282
0.9999998672401885,2.1563822678502886e-33,1.327598114175511e-07
0.9999999999657281,1.5394245214042267e-42,3.4271832947019864e-11
3.0666417000622584e-05,2.126908668036823e-09,0.9999693314560906
0.99999999999996,1.4368924447754822e-49,3.9915771318820185e-14
1.7692373095946207e-12,0.995379905183821,0.004620094814409759
1.4242793161725216e-12,0.9948559466207914,0.005144053377784263
0.0012120472238202594,2.485089216280139e-07,0.9987877042672582
0.9999751370848822,2.063185351382977e-28,2.4862915117850462e-05
2.9791616110757957e-21,0.999999970647852,2.935214802690516e-08
0.999999999994966,3.609819038095913e-43,5.034036402847595e-12
0.9999999910518714,1.5939096444477138e-36,8.948128660491399e-09
4.573064772980426e-10,0.002451536280284057,0.9975484632624095
5.327401199395325e-06,9.207550519824817e-08,0.9999945805232954
3.963405570497101e-35,0.9999999999999998,2.041526461080656e-16
1.89748316280841e-27,0.9999999999902485,9.751564041134466e-12
6.762465722748496e-24,0.9999999993778506,6.221493398115442e-10
5.240019284941848e-15,0.9999145569206269,8.544307936770803e-05
0.9999999989840982,7.036221644534073e-38,1.0159017444192202e-09
0.9999999999954083,6.748033098608406e-43,4.591571138222695e-12
2.979477843737538e-17,0.9998616201696693,0.00013837983033076706
4.2458467051727776e-26,0.9999999999436364,5.636353077692272e-11
0.9999999570353891,6.946036339394746e-35,4.296461094619564e-08
2.5954078396578252e-23,0.9999999969083755,3.0916244874861465e-09
0.9997594518597146,3.0293161255306105e-24,0.0002405481402853431
9.505820995019838e-09,0.0009486041889248219,0.9990513863052543
0.9999999999778111,1.3287824127829164e-41,2.2188970984905392e-11
3.894595790201049e-36,1.0,6.657514691184476e-17
0.9999999992761062,1.5377958361064054e-39,7.238939124745497e-10
0.9999869664907719,4.182959485590272e-28,1.3033509228157111e-05
5.229633267624342e-06,1.0630875578343e-08,0.9999947597358567
6.931886212574176e-05,1.2712737935639464e-10,0.9999306810107469
0.00028011380955922697,6.518624347657993e-10,0.9997198855385784
0.9999925866194753,1.2046723241953905e-28,7.413380524701649e-06
0.054855170982015304,4.387881896623456e-14,0.9451448290179407
9.474873663418558e-07,1.12153343582559e-07,0.9999989403592902
6.390494602399847e-08,0.11123957771370786,0.8887603583813461
1.2958797680401385e-08,0.39386060790286254,0.6061393791383398
0.999994708904582,7.300301918186708e-29,5.291095418013369e-06
4.297265814221831e-06,0.00037341951286387913,0.999622283221322
0.999999999984257,5.926669713645716e-42,1.5742921537741814e-11
4.836017203548763e-07,1.926409117481e-06,0.9999975899891621
0.9997576247622525,3.1741087628257796e-25,0.00024237523774762798
0.9973980766805923,1.1324500084161997e-22,0.002601923319407699
0.9999999894027541,3.9883652273955777e-35,1.0597245931997543e-08
7.679189377164361e-34,0.9999999999999991,8.655024507598907e-16
0.9998460383969138,6.510191964317952e-25,0.00015396160308636339
7.913123815094376e-21,0.9999999266872228,7.331277712768027e-08
0.002765158445641909,2.090502251388519e-08,0.9972348206493357
1.6858584402333275e-09,0.005698914088529969,0.9943010842256115
0.9992949458588666,1.1338391771570486e-23,0.0007050541411333168
0.08851915946654866,5.475821767407049e-14,0.9114808405333965
7.379596289970275e-25,0.9999999999376485,6.235149149692101e-11
0.999990982364934,3.183035284744471e-29,9.017635066026846e-06
2.4130608889823162e-36,1.0,4.8476688359402887e-17
1.7977684964765467e-07,2.9918045824788364e-06,0.999996828418568
0.008106668228033046,7.219778498478311e-13,0.9918933317712448
0.9999999998752753,8.86307228347481e-40,1.2472468596013208e-10
2.4595769160431634e-13,0.997552999718148,0.0024470002816062196
0.9999999826243956,3.904744815325115e-35,1.7375604433692356e-08
0.00013188200616535796,2.1004236824915974e-09,0.9998681158934108
0.9998833621640363,3.9607577476603666e-26,0.00011663783596387279
2.2176568217894236e-09,0.014593125200181951,0.9854068725821613
3.000917945377571e-15,0.9942109823141487,0.005789017685848173
1.5643086898234288e-05,4.838897030088644e-09,0.9999843520742049
0.9999889172181863,8.407580821088193e-29,1.1082781813799455e-05
0.9999384883668144,3.300316858107961e-27,6.151163318557547e-05
2.647580129212403e-09,0.0009884803205521546,0.9990115170318677
3.731010644104399e-07,1.1300713689361986e-05,0.9999883261852461
0.9999999999968383,2.2181434080558707e-43,3.1617248035734896e-12
0.9973511444454558,1.1452532574129394e-22,0.002648855554544257
0.9994691418745613,7.03131320535518e-24,0.0005308581254386686
8.110539585694216e-15,0.9999054932721747,9.4506727816982e-05
3.381856283735145e-26,0.9999999999229816,7.701835109359167e-11
1.2461127483399268e-14,0.9997569033121648,0.00024309668782268926
0.9999873059284663,3.6823691214363486e-28,1.269407153385768e-05
2.368398858404034e-15,0.9974868792922573,0.002513120707740246
3.35044800259063e-22,0.999999994834905,5.165094951088994e-09
3.2159003413270975e-36,1.0,7.928325857440988e-17
1.7778788575678922e-30,0.99999999999862,1.3800907234394384e-12
0.9998089851985701,4.8255242944362795e-25,0.00019101480142987996
0.9999663098955647,1.719556960809389e-26,3.369010443533194e-05
1.161443895259777e-14,0.9998564808220459,0.0001435191779424509
8.208948850178768e-06,1.2031368582198362e-08,0.9999917790197812
0.9999999879614235,7.168981877518764e-36,1.203857638580071e-08
0.9999999554123917,1.4364778106158989e-34,4.4587608264274474e-08
1.3378869657332132e-20,0.9999999109177756,8.908222438892588e-08
0.999999996441435,2.5426701473561273e-36,3.5585650760146108e-09
0.9999999975441092,2.241969580785447e-37,2.4558908712220905e-09
0.9785881815231109,1.0001645467020304e-20,0.02141181847688922
0.00013383850009911482,5.005495495353464e-06,0.9998611560044056
2.573337308659528e-10,0.9424838752356794,0.05751612450698693
7.162189391834485e-18,0.9999950229212146,4.977078785514428e-06
3.1776368298815067e-06,1.2911561934434255e-07,0.9999966932475509
0.0001727319713764962,5.537011984903332e-09,0.9998272624916115
3.1864846268567786e-29,0.9999999999993798,6.202289892052981e-13
0.0003341948640725957,3.502937825434427e-10,0.9996658047856337
3.5311016706493154e-06,0.0009126804188271768,0.9990837884795022
0.99999999997329,3.401450323828675e-41,2.6709962391055055e-11
2.325014340400865e-21,0.9999999724869754,2.751302462178603e-08
1.754977039866497e-26,0.9999999992952289,7.047712272715719e-10
3.441404487226503e-07,0.017590688611068557,0.9824089672484827
1.0691209581416319e-14,0.9996106027351584,0.0003893972648307918
0.999999979604342,2.4382810803554907e-34,2.0395658150399957e-08
0.0004986698400796036,9.558498767950017e-11,0.9995013300643354
4.272695096520659e-06,8.573233981212391e-05,0.9999099949650913
3.785810199043896e-15,0.9963539146688198,0.003646085331176377
9.857763248694571e-09,0.5020848908374617,0.4979150993047751
0.9999999759883403,2.485945718415613e-35,2.4011659599887137e-08
1.2450159674417325e-37,1.0,1.4200266841850382e-17
3.267453981861459e-09,0.010689086446205465,0.9893109102863407
7.333472162016954e-18,0.9998923915005129,0.00010760849948713659
0.9999992802817894,4.081268293304864e-31,7.197182105819516e-07
1.6232945488321365e-32,0.9999999999999938,6.247142093676005e-15
0.9999760268120271,1.2137271413708139e-27,2.3973187972775965e-05
1.623181261208174e-08,0.0001007589577067777,0.9998992248104805
0.999999997580054,2.8560288631957976e-38,2.4199460596379235e-09
1.2580278994344246e-35,0.9999999999999998,1.7595876632376478e-16
0.9999999999990208,1.66978468639133e-46,9.79324879207831e-13
0.9971840841302725,7.011768811308897e-22,0.002815915869727525
3.9567644926142874e-27,0.9999999999878453,1.2154713948307417e-11
7.610458380631748e-37,1.0,2.3852171899949475e-17
1.6767614338355977e-15,0.9999254295949875,7.457040501061086e-05
0.002209073343348962,1.1690789004998674e-07,0.9977908097487611
0.9999999999847451,2.756020398129132e-42,1.5254921427457443e-11
9.469329759256182e-15,0.9957751429161047,0.004224857083885749
7.393666677860776e-09,0.6015274637065267,0.3984725288998066
8.757107189459944e-20,0.9999964780390944,3.5219609057381497e-06
1.4315332297555735e-18,0.9999670233506585,3.297664934168535e-05
6.898450465132788e-06,1.8641224984086762e-08,0.9999930829083098
1.0387644870799692e-06,1.1111253281098555e-06,0.9999978501101849
1.447381770249724e-08,0.00027516408024393037,0.9997248214459383
5.952887878717994e-05,1.515180642796322e-09,0.9999404696060321
1.054885610109097e-05,6.284459890351706e-09,0.9999894448594391
0.9999999999893525,1.1881580538429107e-42,1.0647420347067468e-11
2.638388915370586e-05,1.3301432126902552e-08,0.999973602809414
1.7013570727219403e-37,1.0,1.6704946661791416e-17
1.994096542470613e-15,0.9999036942922659,9.630570773211973e-05
0.002618353032910286,2.4287279420472168e-11,0.9973816469428025
4.4050937911006444e-20,0.9999999273457401,7.26542599227821e-08
5.315313004575085e-24,0.9999999994665587,5.334413211535331e-10
3.2069406683472625e-25,0.9999999998974805,1.0251950651112537e-10
0.9999839993763344,1.0128460811220946e-28,1.6000623665688946e-05
0.999999939888872,5.537566710083755e-34,6.011112798736518e-08
0.9999999243005577,3.704809034345027e-33,7.569944238748193e-08
0.99999961847233,2.344916969602328e-31,3.8152766989186425e-07
0.004639414944361222,2.1572870818906486e-08,0.9953605634827679
0.0008999583694463093,1.3937555358657554e-10,0.999100041491178
0.00024091490588515834,9.269543999239834e-11,0.9997590850014194
4.662027103184343e-08,0.10627401926000371,0.8937259341197251
2.5342073970334868e-17,0.9999885600013629,1.1439998637105657e-05
0.9999955196205228,1.0286454745654714e-29,4.480379477258943e-06
0.0384819281143626,4.762936830110032e-13,0.9615180718851611
0.9999999936117818,4.705284821588432e-36,6.388218219254054e-09
1.1678466173712502e-06,7.522042829815596e-07,0.9999980799490997
2.224344109311074e-08,9.676503029467896e-05,0.9999032127262644
0.9999999995173019,1.4582685800328991e-39,4.826981249468307e-10
0.0008512372248939456,3.895899827380519e-11,0.999148762736147
9.960706972241901e-05,3.0350614290929315e-10,0.9999003926267716
0.00032077739494765505,6.890229130628797e-11,0.9996792225361502
2.173661490602231e-25,0.9999999998872215,1.1277852005370896e-10
0.0001471764172343662,1.4748974446806858e-09,0.9998528221078683
5.267622950616926e-07,9.833115487547484e-07,0.9999984899261561
2.5879068849918424e-12,0.9880525894337734,0.01194741056363869
2.0132134658277153e-13,0.9510650472009866,0.04893495279881208
2.8711384008466288e-05,4.7812816084310035e-05,0.9999234757999071
9.775480112955613e-14,0.9924347811947096,0.007565218805192486
3.43138840923463e-13,0.9987713752997909,0.0012286246998661778
0.9999986201126602,3.1443843461376085e-30,1.379887339971058e-06
3.454054272014339e-15,0.9998572005557453,0.00014279944425112434
0.00036319691934629954,5.457225004024542e-11,0.9996368030260815
4.609639113933447e-20,0.9999998176879245,1.8231207559276515e-07
0.00013768054154164795,1.3446611223815655e-10,0.9998623193239923
1.5752484872044935e-18,0.999972806929716,2.7193070283896225e-05
2.1770353162914274e-07,0.06464556964386192,0.9353542126526065
0.9997790265172308,8.166223927509534e-26,0.00022097348276926457
0.9999999999612261,5.76662784492503e-42,3.877391162017879e-11
0.9999999999999645,3.5259408756058805e-49,3.5595964926177616e-14
0.9999999848961361,7.006697697936554e-36,1.5103863846170615e-08
0.9927370185121828,2.3681424529212924e-21,0.007262981487817116
1.0788191148341024e-21,0.999999983148511,1.6851488968238895e-08
6.18421376073201e-07,1.1144157033374043e-06,0.9999982671629206
2.956529284781852e-17,0.9999925096508135,7.490349186482521e-06
2.332493307354786e-21,0.999999239515562,7.604844379559841e-07
9.44342345273061e-05,2.3879640300631503e-09,0.9999055633775088
0.9999999996942641,2.2069976899355924e-39,3.0573582883020914e-10
1.4563910130188866e-17,0.9999055393237495,9.446067625041671e-05
6.911316193049951e-18,0.9998725761689472,0.00012742383105264572
1.5309580645185128e-18,0.9999980396961555,1.9603038445168964e-06
1.9964053361188306e-07,0.00010489323595836594,0.9998949071235079
1.3478510355391564e-05,1.366844381351013e-08,0.9999865078212008
0.9999999999843734,2.040051218072358e-42,1.5626683462955834e-11
7.984833631636937e-37,1.0,1.9955423990615062e-17
0.999999999999569,6.326953021352456e-47,4.3100682546068127e-13
8.820998223969988e-23,0.999999996168947,3.831052982098308e-09
6.298366127506866e-14,0.9721998587489779,0.027800141250959146
0.999952556263187,5.967527886308291e-26,4.74437368128464e-05
0.0007391684069207717,7.613812613867327e-11,0.9992608315169411
3.881938986008974e-25,0.9999999998290361,1.7096396998297368e-10
2.563435068410173e-06,0.002103615049566936,0.9978938215153647
6.830782759325815e-10,0.03831206453519388,0.9616879347817278
0.9998015187148211,3.0529337147437073e-25,0.00019848128517896128
0.9999995778423915,9.127395452931968e-32,4.2215760848603144e-07
0.9999502238490615,1.4134451739268345e-25,4.9776150938541416e-05
0.9999999999905802,3.696734472441068e-43,9.419802940475992e-12
0.9999999999961768,1.7835812767274973e-43,3.823160847550788e-12
0.9998981527502444,2.4099266640991596e-25,0.00010184724975554559
1.9499715880817543e-15,0.9998862019455437,0.000113798054454324
4.933425503157184e-28,0.9999999999969462,3.05368346231398e-12
0.0018512938756964118,7.23489007642629e-08,0.9981486337754027
3.8744074975206404e-14,0.9996889902731269,0.0003110097268342121
0.9999966605938814,6.940597713973481e-29,3.339406118617812e-06
7.8901242234364e-18,0.9999974407637741,2.5592362259563184e-06
1.4764758122027559e-08,0.00011289269041381853,0.999887092544828
0.9999999999999944,1.3639884373285175e-51,5.468664717103964e-15
4.82103001871699e-05,1.0261389536355725e-09,0.9999517886736738
1.399423737038168e-19,0.999999320162768,6.79837232035772e-07
8.784777313663135e-16,0.9985027316661473,0.001497268333851696
1.9708537955084244e-13,0.9770601983883411,0.022939801611461856
0.002404265966334194,1.1465139746685262e-08,0.9975957225685261
0.06768638528079353,1.1881019530420527e-09,0.9323136135311045
9.687592860109312e-24,0.9999999989734358,1.0265640695783699e-09
1.7744750463797597e-19,0.9999936250132743,6.3749867256961865e-06
0.999999969694505,2.0843197769721584e-34,3.0305495017837225e-08
0.9999963745933261,3.405240439329213e-30,3.6254066739052237e-06
5.659040525065717e-05,2.0629775906218306e-09,0.9999434075317718
6.915249267040898e-08,0.11715510367349531,0.8828448271740119
0.00012863869739446006,1.2183563609199566e-09,0.9998713600842492
3.5256577081688817e-06,4.884310822077062e-08,0.9999964254991835
3.310299794646654e-14,0.9994656137257456,0.0005343862742212461
0.9999999967155464,1.680650475984685e-36,3.2844535162072687e-09
2.7951444225553163e-33,0.9999999999999969,3.1221463315053706e-15
0.992853156194476,5.039116119854019e-21,0.0071468438055241265
0.999997647109729,1.4768653839379475e-29,2.3528902709028897e-06
0.9999999999832605,8.673662133827042e-42,1.673958675008789e-11
0.9999999999994094,2.478889024274715e-46,5.906730317244763e-13
5.718387338938205e-09,0.0003549699179127479,0.9996450243637
2.1839351493246613e-10,0.11940530852191136,0.8805946912596953
3.1592245147561744e-16,0.9993809273114486,0.0006190726885511749
0.9999999999914737,2.1341998143174514e-42,8.526268389390256e-12
1.97217172212494e-34,0.9999999999999996,4.4327285761382344e-16
8.78079671569972e-07,9.15014173009703e-07,0.9999982069061555
1.6530115161431884e-34,0.9999999999999996,4.3057817429475625e-16
1.7376770451190153e-09,0.009890116679030109,0.9901098815832928
1.5178943667808162e-26,0.9999999999847422,1.5257897961886764e-11
0.9999876159538356,1.1807449599924438e-27,1.2384046164388842e-05
2.19715240474818e-05,5.348181939003382e-09,0.9999780231277705
7.584070967072852e-07,0.0025311764780969535,0.9974680651148065
0.9999999999969758,1.0007556454496934e-45,3.024182998468692e-12
0.9999999999786129,1.0890806612444559e-41,2.13870566138336e-11
0.9999988044846344,8.256992170820455e-31,1.1955153656700981e-06
0.9999744957094381,8.551173494440714e-27,2.550429056201083e-05
5.227938735237859e-12,0.983632544088427,0.01636745590634509
0.001532030470733845,1.4134998590625383e-11,0.9984679695151311
0.0009624971317501332,1.1779162300952501e-11,0.9990375028564706
4.000164068133449e-06,1.0137970339825503e-07,0.9999958984562285
0.999999977254841,3.1568740348278466e-35,2.274515896294946e-08
1.6412255758827994e-36,1.0,3.408447505959809e-17
4.0681257958778266e-06,4.10029947880187e-08,0.9999958908712093
0.9999988423420753,8.070981652294196e-31,1.157657924730855e-06
2.9955919809387333e-10,0.03538731411743288,0.964612685583008
3.143857460283872e-15,0.9983073761786669,0.0016926238213300047
0.9983997431057708,7.120889120614911e-24,0.001600256894229128
1.3444012674970401e-16,0.9999889022965334,1.1097703466324355e-05
5.64848458394732e-07,0.00257573461573386,0.9974237005358079
0.9907017540441152,3.308140144006413e-21,0.009298245955884724
5.308125212255167e-22,0.9999995670308736,4.3296912651847416e-07
2.430164488172744e-10,0.018290733649475824,0.9817092661075076
0.9999999527084316,1.1768070803239332e-34,4.729156841982655e-08
7.463795010761347e-20,0.9999997255174135,2.7448258669492607e-07
6.756531252336467e-19,0.9999993592450283,6.4075497169969e-07
2.0086344196306436e-08,0.24366911515539663,0.7563308647582593
0.999999999312309,4.83400555310034e-38,6.876909510285894e-10
0.9847112694182905,4.737673427350348e-20,0.015288730581709629
3.22851801892208e-19,0.9999996385254858,3.6147451415375584e-07
1.024215758115433e-08,0.3770911323722207,0.6229088573856217
0.9999999999905829,1.540470448699045e-42,9.417196848973393e-12
1.6415647042350755e-16,0.9999864060454541,1.3593954545567895e-05
1.1108131039507053e-06,0.0006677202148439839,0.999331168972052
0.9999999999999902,1.2805998111257585e-50,9.721759632660606e-15
0.9999998643827266,1.9120768036066052e-32,1.3561727354810544e-07
0.9993966817483071,1.5788778328153167e-24,0.0006033182516929207
1.7793576303016303e-15,0.9999521698061767,4.78301938215828e-05
6.444947224380673e-20,0.9999996453033934,3.5469660668285953e-07
6.410508166070073e-06,9.41120423979215e-08,0.9999934953797915
8.224670565420934e-09,0.0015108841435053642,0.9984891076318241
1.1972313738046868e-32,0.9999999999999933,6.615438840433619e-15
0.9999999999914775,4.2906374585118626e-43,8.522480327240108e-12
1.2814925184191285e-24,0.9999999995680606,4.3193941169241646e-10
4.209449571214381e-10,0.9065933050336139,0.09340669454544116
3.2014309767966676e-11,0.9763306785102734,0.02366932145771226
1.9847663886958806e-05,6.814143823186646e-09,0.9999801455219691
0.00010079949718011531,1.5154094794058018e-09,0.9998991989874104
0.9997860793113201,1.00748793999377e-25,0.00021392068867985087
0.9999999999984315,5.931127274600097e-46,1.5685293634244717e-12
7.479817173870265e-23,0.9999999976804581,2.3195418518013022e-09
5.71293263599027e-06,7.690472818003248e-08,0.9999942101626359
4.7873052297754344e-36,1.0,5.423144517812931e-17
0.9999999999899081,1.6268045127493633e-42,1.0091869373092851e-11
0.9999932761389158,1.6494375764936391e-28,6.7238610841619866e-06
0.9999634017137398,9.062336658519412e-27,3.659828626032629e-05
0.0003744487310442887,1.0008958194034008e-10,0.9996255511688661
1.7190641299169936e-22,0.999999994753213,5.246786893253662e-09
3.1339102776360983e-07,0.01749860285869776,0.9825010837502745
0.9999999999999838,1.41924936287184e-50,1.6226500252417415e-14
0.0003598794872982623,9.488977617268287e-10,0.9996401195638039
7.544125861667172e-21,0.9999991685404371,8.314595629423618e-07
0.999945801598445,9.171578303193303e-27,5.419840155496286e-05
1.383622278162159e-17,0.9999960743286223,3.925671377839712e-06
8.491473086558939e-13,0.9971703339718246,0.0028296660273263007
0.002195319285220952,5.927328682595279e-12,0.9978046807088516
0.038494732055095834,5.033665177553461e-10,0.9615052674415376
1.2385386200852718e-07,1.5705970786438327e-05,0.9999841701753516
2.9263099894677544e-15,0.9974732827597688,0.0025267172402283038
2.738096964917761e-29,0.999999999999174,8.260071680843565e-13
1.639617676351814e-07,1.581178125349597e-06,0.999998254860107
7.404371492393796e-23,0.9999999975668703,2.433129773916037e-09
3.2661915885200954e-15,0.9998493363214945,0.00015066367850203238
2.6173261992952077e-10,0.023881251049359876,0.9761187486889076
2.297762590056803e-07,0.027015609648836585,0.9729841605749043
1.79057704752026e-26,0.9999999999815596,1.8440458289849508e-11
0.001045281767668704,9.587503023183031e-12,0.9989547182227437
0.999980225581878,2.3653768297592547e-26,1.9774418121951552e-05
5.038588087162298e-06,1.508378034118304e-07,0.9999948105741094
6.926390329388928e-14,0.9995832891677116,0.0004167108322191725
8.202696344740283e-31,0.9999999999998983,1.0166175001577225e-13
0.003541344942826663,1.890253846404864e-11,0.9964586550382708
0.99998202030763,3.787066557439495e-28,1.797969237013025e-05
0.9999999999999591,1.7849515555959368e-49,4.0884279547885303e-14
0.9934485394353073,9.758070467609e-22,0.0065514605646925655
9.567555368301493e-35,0.9999999999999998,2.8185972129658303e-16
1.8838627957415154e-06,0.000934433198494895,0.9990636829387093
1.0218017156966426e-05,0.00041737306862283,0.9995724089142202
5.328411714321152e-21,0.9999999369292811,6.307071885506489e-08
7.294929087349613e-05,4.1914325998682964e-10,0.9999270502899832
0.9999999997834885,1.1930330016994722e-39,2.1651142293347887e-10
2.5086545745955556e-28,0.9999999999974081,2.5918540707613586e-12
1.0696364362133381e-08,0.0001664878184829233,0.9998335014851527
6.379401710223214e-22,0.9999999885722367,1.1427763324781898e-08
0.9999997076072074,5.7280688660397466e-33,2.923927927371635e-07
3.456327881924292e-11,0.9827104888161258,0.0172895111493109
0.9999999999938889,6.744226453161727e-43,6.111209671309479e-12
3.4127374142346038e-12,0.9940131216277722,0.005986878368815114
0.9999999999155467,4.2837873801856154e-40,8.445328572262041e-11
8.395910733618612e-14,0.9993359659643906,0.0006640340355254716
0.9999975228660098,7.616751340546911e-30,2.477133990148273e-06
2.8210454654612844e-23,0.9999999953284326,4.671567330400133e-09
8.064097385344848e-08,0.21262026934121922,0.787379650017807
0.9999815032484458,1.473236366558519e-28,1.849675155422619e-05
0.0001239855254898837,4.214962857450838e-10,0.9998760140530139
0.9999999999870872,8.333338710855777e-44,1.2912808198785469e-11
2.1249108172839186e-10,0.030233618384867256,0.9697663814026417
3.6764149333219064e-07,0.02922037786962588,0.9707792544888809
6.916338854830621e-08,4.7179005731982804e-05,0.9999527518308794
7.575681215506641e-28,0.9999999999974434,2.5565745306271046e-12
0.0005849395604258636,1.7426788177756994e-06,0.9994133177607564
0.9999998565891471,1.4323161975061427e-33,1.4341085281321124e-07
0.0006709067058840809,3.076578740358043e-11,0.9993290932633501
0.07035443320621695,6.684061519974427e-10,0.9296455661253769
2.1241142949667563e-16,0.9999781360143205,2.1863985679240557e-05
2.1931821393999048e-16,0.9996412391745841,0.00035876082541569544
0.9999999426415873,1.0929318958064854e-33,5.735841271196714e-08
2.7382405868172847e-14,0.9995614726908102,0.00043852730916259887
8.881579136021505e-19,0.9999985870939511,1.4129060488220463e-06
4.0300315501434144e-07,5.027635308246946e-07,0.9999990942333141
0.0009035673675951676,2.756363247722799e-11,0.9990964326048413
1.201467578485549e-05,2.3197611438266346e-05,0.9999647877127769
2.0691795110341952e-05,7.97714237451477e-09,0.9999793002277473
3.374681178582986e-16,0.9999725058729804,2.749412701932536e-05
1.3720100506651974e-05,2.901393377049233e-08,0.9999862508855597
0.999998179116149,1.3650995565709e-29,1.8208838510905967e-06
9.555331185916734e-05,8.635988871802506e-10,0.999904445824542
0.999998548853746,2.2002590344124105e-30,1.4511462540547662e-06
0.9999152593176056,4.8417448699441816e-27,8.474068239435401e-05
7.207751677737766e-09,0.00150207271428286,0.9984979200779653
2.448425758954691e-09,0.00380994455375409,0.9961900529978202
0.0007666576777254863,1.407069203830041e-07,0.9992332016153542
0.9996550591429673,1.8925782479658839e-25,0.0003449408570326799
7.301318878959868e-17,0.9999822597484916,1.7740251508351922e-05
1.6665503425451646e-05,9.507533007948422e-06,0.9999738269635667
7.589999104155936e-17,0.9999917660599357,8.233940064318866e-06
7.883538574221388e-10,0.8411813526643798,0.15881864654726627
0.010508685648471398,1.4850037823025065e-09,0.9894913128665248
1.8158948486449123e-14,0.9995517170131715,0.0004482829868103838
3.687362629669485e-15,0.9998197530131895,0.00018024698680668466
4.5897136687691004e-15,0.9997066368523108,0.00029336314768463583
0.0006510197285466331,6.655778942156497e-07,0.9993483146935591
0.9999239016403053,1.3744387895390386e-26,7.609835969460834e-05
5.176673273379843e-09,0.0015832492571937135,0.9984167455661329
4.92376426729071e-29,0.9999999999991591,8.408608702094707e-13
1.522576569049699e-19,0.9999998003309146,1.9966908534156376e-07
1.8568586183421055e-07,0.017827396824423823,0.9821724174897144
0.9999999995878566,7.350995408788902e-39,4.121433554621299e-10
0.0005033577734185917,3.5324547073521124e-10,0.9994966418733361
2.6254308255908122e-15,0.9999419361917022,5.806380829496119e-05
0.9970477491525748,7.204094531334456e-22,0.002952250847425139
8.723719801385443e-26,0.9999999999463285,5.3671615872886434e-11
7.10968898290028e-13,0.9969040776458059,0.0030959223534831994
0.9999999999999754,4.2190327856608775e-50,2.4746483836748767e-14
2.876805604645014e-07,4.7360541524424536e-06,0.9999949762652871
0.0031818846196366543,1.9640051885565867e-11,0.9968181153607234
0.9999999996887092,1.6629734000317349e-40,3.11290762279567e-10
0.9999981001253162,7.70140207841596e-30,1.8998746837634248e-06
0.99999998739743,4.637268782904285e-36,1.2602569980648057e-08
0.9999999999889766,2.3572637651481552e-42,1.1023455263816988e-11
5.421833927833553e-21,0.9999999676701042,3.2329895746190196e-08
2.4927898298235744e-05,3.919776362811798e-09,0.9999750681819254
2.2226441485317976e-28,0.9999999999980953,1.9048085714869965e-12
0.9999998055424791,6.570794393221586e-33,1.9445752082071644e-07
0.999999999997516,2.966812130623281e-45,2.4839973265648532e-12
1.8330698984256064e-15,0.9968911822047954,0.0031088177952028713
0.9999999401274238,1.1207960408475115e-34,5.987257619105198e-08
2.8816906586917575e-16,0.9999478434155449,5.215658445498213e-05
4.846762309031045e-28,0.9999999999957665,4.23361099923291e-12
6.987107506552354e-05,5.089470401008206e-09,0.9999301238354641
5.561614573424052e-31,0.9999999999999454,5.464099304717793e-14
0.9969686405316053,6.137472687743275e-22,0.003031359468394794
1.914876994118223e-20,0.9999999376030623,6.239693765745812e-08
7.296056927160626e-32,0.9999999999999714,2.862521338176739e-14
1.748590584985033e-29,0.9999999999809075,1.909240740594555e-11
0.9998278500644758,1.5701120702897815e-20,0.0001721499355242062
0.9999990842479497,1.0608813246238338e-30,9.157520503586375e-07
0.9999999999954048,1.638308354985226e-43,4.595191960545063e-12
8.960907149159417e-13,0.9963540899915306,0.0036459100075735044
2.849937315860028e-07,0.006268333353830154,0.9937313816524382
0.9999999988948094,2.935423798509172e-39,1.1051906250947293e-09
5.332522438811829e-29,0.9999999999990206,9.79516312330575e-13
1.6398520921938594e-14,0.9995646440538991,0.0004353559460843499
7.044561434282556e-05,1.4598326224340213e-05,0.9999149560594328
3.909626199905293e-05,2.461549884178393e-05,0.9999362882391593
0.9999554968486205,2.175968572558221e-26,4.450315137944273e-05
0.9999999999975908,1.0021134600557696e-43,2.4091313323052523e-12
2.445791789041612e-19,0.99999962270068,3.772993200114029e-07
0.9999999999655795,1.7234290636744802e-42,3.442044842203263e-11
2.437108471011303e-27,0.9999999999905533,9.446745311881458e-12
5.522142536849628e-12,0.724358964496282,0.27564103549819574
0.000971629856289898,1.860474663169292e-11,0.9990283701251054
0.9999999999999827,4.430961341574197e-50,1.737293835038059e-14
0.9999999999977547,1.242950893050875e-45,2.245368985469965e-12
1.0530706441797759e-07,0.1141313884174784,0.8858685062754572
2.5450574550109225e-32,0.9999999999999911,8.79064685633798e-15
0.995732358387115,2.4735761292046146e-22,0.004267641612884951
2.2220389586342262e-29,0.9999999999995701,4.299037222147518e-13
2.23466295810901e-28,0.9999999999986566,1.3433570492000226e-12
5.528418040922728e-31,0.9999999999999156,8.432119779193704e-14
1.8726379298816965e-16,0.9999843216401757,1.567835982408453e-05
0.9999999999771498,6.152098631408927e-42,2.2850143177956915e-11
0.9997411179500303,4.927835625783288e-25,0.00025888204996958906
3.741025266736653e-18,0.9999634730058022,3.652699419783389e-05
0.9999999991884452,7.945562428332532e-38,8.115549320737006e-10
7.363452801224698e-17,0.9999916298014291,8.37019857094857e-06
2.1855592211738566e-06,1.0449286141986679e-07,0.9999977099479175
4.421250451035522e-37,1.0,2.894437334185876e-17
0.9999996548229263,3.789336636160925e-32,3.451770735755604e-07
0.9999991074429568,3.388925501082531e-31,8.925570432100258e-07
0.9999996239986634,1.2297512332983543e-32,3.7600133664686763e-07
9.810128101819863e-18,0.9999203310368064,7.966896319353949e-05
7.004439792734177e-08,3.551468316398069e-05,0.9999644152724381
0.0007823549997561472,1.5436538667624535e-10,0.9992176448458786
0.008572732833684031,3.0574547784897526e-12,0.9914272671632585
2.206462302599654e-30,0.999999999999782,2.1815221711539743e-13
5.776581362332556e-12,0.9895808103040692,0.010419189690154233
0.9999990429139213,1.0631168509943483e-31,9.570860787809686e-07
4.4835638593699576e-08,2.2953271454344766e-05,0.9999770018929071
1.7080542647522447e-09,0.004439313777433857,0.9955606845145119
1.0708500131645652e-16,0.9999853758345303,1.4624165469735391e-05
2.1161262474193193e-19,0.9999997833785809,2.1662141911594044e-07
4.62532453128865e-14,0.9996820021670603,0.0003179978328936216
0.9999999999999731,2.0249849851447393e-50,2.6759595512819635e-14
1.983118746243472e-05,0.00023017874593966398,0.9997499900665978
0.0020674874244374646,5.989836816427156e-12,0.9979325125695727
0.9999707887924804,1.1255822431289668e-26,2.9211207519593657e-05
1.979424574399945e-19,0.9999994661566008,5.338433992418683e-07
0.036288485403569486,9.562151867434651e-10,0.9637115136402153
0.9999999999999742,8.517094245257634e-50,2.568060570818272e-14
5.6672265084971685e-33,0.9999999999999905,9.514929064430498e-15
2.5718176778083336e-08,0.00010415759522445916,0.9998958166865988
0.9999999999293556,4.519002675925629e-41,7.064443759745623e-11
8.714268339116689e-07,0.0038597778249052587,0.9961393507482608
1.0605303268622175e-28,0.9999999999988396,1.1604475558443971e-12
3.1382391821553845e-23,0.999999997721402,2.2785979458549923e-09
0.9999985107308756,1.575171710114546e-30,1.489269124318413e-06
0.9999845552554343,3.1695555335583555e-27,1.544474456574236e-05
2.6240238334025757e-13,0.9458894769217515,0.054110523077986215
8.192814074205186e-24,0.9999999989609631,1.0390368837947158e-09
1.214636980337361e-07,1.615263864775683e-05,0.9999837258976542
2.306212993667877e-30,0.9999999999998737,1.262923269627152e-13
0.9999835366763555,1.115671624627522e-27,1.646332364455677e-05
6.775843267478427e-21,0.9999998894336066,1.105663933927381e-07
2.1083792136077858e-26,0.9999999999708495,2.915046834195729e-11
0.9999999999499267,1.66095176575976e-41,5.0073287317014306e-11
9.902117112080708e-07,5.060418010971229e-07,0.9999985037464877
0.9999999999928784,7.146432084033046e-43,7.121696793762789e-12
7.212453559841234e-23,0.9999999937774888,6.222511146718025e-09
5.405676811195844e-07,0.017719116693932037,0.9822803427383869
0.9997919320738491,1.0297226515905173e-25,0.00020806792615087654
0.9999999999116329,7.482289935807229e-41,8.836719155108564e-11
1.0408855821101407e-08,0.25260046313311824,0.747399526458026
1.657082956484887e-08,8.100727109443944e-05,0.999918976158076
5.368052244632701e-13,0.9968196438151221,0.00318035618434109
1.0366601668254077e-08,0.00019869211486702088,0.9998012975185312
5.152621894286224e-08,0.00010448021821475231,0.9998954682555664
4.093087948999003e-07,3.967937276805611e-07,0.9999991938974774
0.9999999999950957,8.997593790620062e-45,4.9042662833963545e-12
0.9999998209861022,2.926021882649215e-32,1.790138979426729e-07
3.868758503996392e-06,5.528157225489681e-08,0.9999960759599238
0.9867836391443737,3.8276900015312334e-21,0.013216360855626323
0.994104493542873,2.5907619925438174e-21,0.0058955064571269864
0.9999999999981461,1.495661088162839e-45,1.85386556275478e-12
2.826176616117417e-12,0.9944900250759999,0.0055099749211740484
1.722592524278282e-21,0.999999983636831,1.6363168896436832e-08
0.9999999999999811,5.522536309118961e-50,1.8786510729363534e-14
0.0011318828880771813,2.816336112033592e-11,0.9988681170837594
6.55766557342649e-06,3.4557670579985116e-08,0.999993407776756
0.002273707655938566,7.53955080592459e-12,0.9977262923365219
0.9999998008341896,3.53753778436039e-32,1.9916581039968724e-07
4.09173441778511e-15,0.9976609740625557,0.002339025937440308
0.9999999953844922,1.1680384343621356e-36,4.615507737274487e-09
1.650610277243386e-05,0.00012612979404906838,0.9998573641031785
0.9999869711040553,3.611593904481859e-28,1.3028895944765707e-05
0.9995644217563229,5.774550646216876e-25,0.00043557824367715435
0.0563719916331527,1.118534893384382e-09,0.9436280072483124
7.786072232084009e-13,0.8806881073401263,0.11931189265909495
5.0256909775586815e-08,8.180534531492736e-05,0.9999181443977752
1.2773087170697473e-14,0.9995406259866286,0.00045937401335839265
3.660598929323164e-05,7.345930960599187e-10,0.9999633932761137
0.9998806760802784,6.611117212054981e-27,0.00011932391972143617
1.3134182615115073e-28,0.9999999999986269,1.373150503402114e-12
0.0008537344303516418,2.377740965533723e-11,0.999146265545871
6.277379780290633e-16,0.9999165532092354,8.34467907639355e-05
3.2007613522445224e-24,0.9999999995188631,4.81136859462826e-10
4.442847610863959e-06,0.0002645913833230187,0.9997309657690662
3.203278337107399e-17,0.9998745639183065,0.00012543608169336495
0.36433118819460497,3.0530925670553654e-11,0.6356688117748641
5.265359368614002e-09,0.5607379967605918,0.4392619979740489
4.073706255603113e-23,0.999999951395587,4.860441308845637e-08
0.9999196261554257,8.067097989938175e-27,8.037384457429116e-05
2.5258107333734073e-09,0.008661092932931273,0.9913389045412581
0.9999999999999774,3.367432405459877e-50,2.2732012043755447e-14
0.9999999798011805,4.57454777711304e-35,2.0198819640764678e-08
0.9999999777632753,2.6075059959717132e-34,2.2236724641031898e-08
6.778112832457197e-25,0.9999999998845486,1.1545145994368368e-10
0.9846779052454372,4.9995292785652253e-20,0.015322094754562861
5.790053526672187e-06,1.351520476687067e-07,0.9999940747944257
8.341325242628503e-06,0.00047323927888677736,0.9995184193958707
8.984115736785046e-09,0.000111165097853055,0.9998888259180313
0.9999999999149112,6.174143869987556e-42,8.508885213284678e-11
0.9999674457767925,7.973951169444797e-27,3.2554223207336004e-05
2.380063573696232e-29,0.9999999999993732,6.268534602442065e-13
8.907959144321388e-18,0.9999967087045403,3.2912954597808092e-06
1.2241056645580062e-07,0.07243867579478609,0.9275612017946474
2.08273997911231e-13,0.9979027493333034,0.0020972506664884267
9.704888136549044e-08,4.502965279199534e-05,0.9999548732983267
0.001278206102069209,5.798404633795488e-11,0.9987217938399469
3.975607004044665e-08,0.00012463414663234042,0.9998753260972976
0.9999548792621636,1.125978388752313e-27,4.512073783645426e-05
0.999999396739679,8.68727144049203e-32,6.032603211133854e-07
0.9999994646235502,6.094943388124124e-32,5.353764497869702e-07
0.9998386092523586,3.7119344225808673e-25,0.00016139074764136822
1.1007237408907589e-21,0.999999970968882,2.9031118031245945e-08
0.9998383243021718,3.7207828831816553e-25,0.0001616756978281476
6.4090831536185e-08,0.08024924159413975,0.9197506943150288
7.84584086433129e-14,0.9987632128695584,0.0012367871303630895
1.8468493111252237e-08,5.721955348911161e-05,0.9999427619780179
0.9999999999878155,2.637926979877061e-42,1.2184488968387403e-11
4.3536752185293863e-13,0.9260960284846049,0.07390397151495977
1.3001348570098203e-11,0.9917459131635781,0.008254086823420556
9.495842646775572e-05,1.3090955768533455e-09,0.9999050402644367
3.426251100932603e-21,0.9999999634610335,3.6538966623319895e-08
2.563879807558796e-13,0.997870850018037,0.002129149981706714
2.3180223780947484e-12,0.994632517446813,0.00536748255086891
3.730478135466854e-09,0.000692272651116931,0.9993077236184048
0.9997053012118226,1.115695631789327e-24,0.000294698788177558
6.216595239814393e-19,0.9999817675084313,1.8232491568695072e-05
1.733905038267153e-16,0.9999844988519699,1.550114802990213e-05
4.637659038573978e-17,0.9999887234118362,1.1276588163718852e-05
0.9988517878613428,7.515689543528226e-23,0.001148212138657154
0.9999831449110023,4.563587242073403e-28,1.6855088997767398e-05
0.9999999999832938,8.054002155222108e-43,1.6706275073573704e-11
4.932341946030477e-05,3.768667715059762e-05,0.9999129899033892
3.754845345597248e-17,0.9999947182235845,5.281776415597779e-06
0.9734073485563971,3.770218181997172e-20,0.02659265144360299
1.8193818258574194e-16,0.9995582106156893,0.0004417893843105379
8.492717978883019e-38,1.0,1.4966588203826008e-17
1.2779760507567965e-07,0.03712088519353093,0.9628789870088641
0.9999999999974856,1.3428118552202995e-43,2.5145229360934623e-12
0.999999999996035,1.4767719695563524e-43,3.965044149379042e-12
0.001399237421721512,2.788525350673749e-11,0.9986007625503933
0.9999999537929757,1.536176085862476e-34,4.62070243896914e-08
0.00027295557780799597,1.5858184687433114e-06,0.9997254586037233
1.4357847627977385e-06,7.940104954132229e-07,0.9999977702047418
2.7343521601145122e-08,1.569790615199523e-05,0.9999842747503264
0.9999999994407425,6.658147429271155e-38,5.592574270327556e-10
0.9999998126792118,3.3840047240834476e-33,1.8732078816608284e-07
0.9866597675791622,7.616215293134808e-21,0.013340232420837855
0.999999999999978,3.2715953704558896e-50,2.201170223748101e-14
4.3102387257066906e-16,0.9992596619216986,0.0007403380783009202
5.942531042187849e-06,1.1220407735942088e-08,0.9999940462485502
0.99999999999999,7.305144409029324e-51,1.0059247594532788e-14
2.3603121808126076e-09,0.0051035588782678614,0.9948964387614199
1.5151580756808798e-06,0.0030143833982740273,0.9969841014436504
5.164395898679006e-05,3.4113148599179263e-09,0.9999483526296984
0.9999944505676178,5.56516212004648e-30,5.549432382176178e-06
0.9999987584564507,4.105876006192572e-30,1.2415435492924663e-06
0.0052375845786106386,1.4265050952920575e-12,0.9947624154199628
0.9999985829743667,6.560635193942615e-31,1.4170256332782686e-06
5.437339826925444e-36,0.9999999999999998,1.1230547524924738e-16
2.6899967819717276e-24,0.9999999991647337,8.352663577675547e-10
0.999983528385755,5.344892809845854e-28,1.6471614245016296e-05
8.308531623944784e-06,0.00015596165377540933,0.9998357298146007
2.1856422714596574e-05,9.39488800176068e-09,0.9999781341823974
1.4213273715520056e-26,0.9999999999807543,1.924571787693238e-11
5.187388460069497e-07,7.128990060028265e-07,0.999998768362148
3.725617213351852e-09,0.0051056157777377865,0.9948943804966449
0.9999995368774421,1.931399366243412e-30,4.6312255776912984e-07
3.0935406535241504e-06,1.2859572783325888e-07,0.9999967778636186
8.358395868227084e-10,0.864027604979504,0.13597239418465643
8.8438719793081e-09,0.0005280154309472197,0.9994719757251808
0.9993380406830809,1.38865476600556e-23,0.000661959316919136
5.967455501223755e-17,0.9998412051660153,0.00015879483398475975
0.9999996029631197,2.72491994251305e-32,3.970368802702678e-07
0.000890770757196919,7.093622450044707e-11,0.9991092291718667
0.9991978558261394,2.309427273925011e-24,0.0008021441738606494
0.0007257209599384921,1.1551838192286148e-10,0.999274278924543
0.017449516356555703,9.101075995986048e-13,0.9825504836425341
0.9995629778358167,3.692836423460428e-24,0.00043702216418326466
2.1394025309453554e-05,1.7807228934577683e-09,0.9999786041939677
1.7307164877388914e-30,0.9999999999998774,1.2265627831162937e-13
4.5492066651413453e-07,2.6325410305514377e-06,0.9999969125383029
0.9999999999947564,1.6463350591516956e-44,5.243481569182606e-12
4.887704559329726e-07,2.8821692410819354e-06,0.999996629060303
1.4084224464126794e-26,0.9999999999703191,2.9680869940469303e-11
8.457471398339633e-10,0.005096870742414179,0.9949031284118387
7.601925557730833e-08,2.4928044311941756e-05,0.9999749959364325
1.349280975306438e-06,6.21786076866902e-07,0.9999980289329478
3.408317236829728e-22,0.9999995059137973,4.940862028306485e-07
8.860731245417569e-06,1.3377145670225913e-08,0.9999911258916089
0.0003153859682481917,3.535300606094024e-10,0.9996846136782217
0.9999667059178765,2.085080855819601e-27,3.329408212344547e-05
1.4815241777343697e-05,3.2159803296476134e-08,0.9999851525984195
2.661781099039785e-11,0.9847741246120212,0.01522587536136106
1.653160429160581e-05,4.256544443094011e-09,0.999983464139164
5.4886766461703986e-27,0.9999999999878724,1.2127629312899569e-11
3.1967373986367125e-24,0.9999999996414661,3.58533921084829e-10
1.8823377237709202e-20,0.9999999192607735,8.073922647931278e-08
0.005559304401634169,3.6736782383277857e-11,0.994440695561629
1.4389055832019156e-05,6.607585001536119e-09,0.999985604336583
1.5209795893191242e-07,0.023325368541100514,0.9766744793609404
0.9999999999679372,1.4050831816640675e-41,3.2062765509645495e-11
8.220120917473828e-05,2.8197028120209135e-05,0.9998896017627051
1.19556794341153e-09,0.6606269987520147,0.33937300005241755
0.0008278203275670196,2.0055196306914901e-10,0.999172179471881
4.5794433967428524e-07,0.014048607569066767,0.9859509344865935
8.503529477015098e-21,0.9999976098021527,2.39019784727073e-06
0.9999999999656994,2.64366521569007e-42,3.430045617316501e-11
2.108573513621429e-10,0.958393209005809,0.04160679078333353
1.0246109006917707e-22,0.9999999922022244,7.797775610717595e-09
7.576630058735143e-28,0.9999999999936198,6.380171013258544e-12
3.962357096138335e-05,6.39193181378391e-09,0.9999603700371068
5.8056056165917044e-08,3.0663998031702937e-05,0.9999692779459122
3.031815842376862e-14,0.9995299690637421,0.0004700309362274874
0.9999999999885854,1.9577904859028794e-43,1.1414671617026348e-11
5.188768481759815e-06,1.3058203959980122e-07,0.9999946806494786
0.005233780584589075,7.994204749389668e-13,0.9947662194146114
4.885085430918209e-21,0.9999979439117779,2.0560882222193374e-06
9.929453240530944e-33,0.9999999999999916,8.543346813924418e-15
0.9999999599767193,3.251815828153377e-34,4.002328056129378e-08
0.999999610420227,2.7369782647519995e-31,3.8957977299001136e-07
0.9999999868217868,9.926466319576055e-35,1.3178213199700801e-08
0.9999999990180062,1.203021537468546e-37,9.819937329216324e-10
5.422698373600816e-18,0.9999970242673172,2.9757326827852583e-06
2.415302440526066e-31,0.9999999999999611,3.892708958393742e-14
3.159606975475193e-07,1.360058527322202e-06,0.9999983239807753
1.6874808273218155e-33,0.999999999999998,2.0175317673041873e-15
1.5817653278242143e-23,0.9999999978083136,2.191686450515795e-09
0.9999435171646388,2.952454163884948e-26,5.648283536107739e-05
0.9999999980422416,1.567553894217382e-37,1.9577583955914735e-09
0.9999445668855307,4.0306504768491435e-27,5.543311446928903e-05
2.3489240321591075e-06,0.001856189811510119,0.9981414612644577
1.9747647260428876e-27,0.9999999999944529,5.547142499117955e-12
0.00012406420378303142,2.2796127062820895e-09,0.9998759335166043
6.069232456811495e-07,0.004463782885663873,0.9955356101910904
0.9999999998278213,6.823836744559277e-40,1.7217864728209172e-10
0.9998344186456299,4.286964743332395e-25,0.0001655813543700274
1.086330399705629e-33,0.9999999999999982,1.7269672415624481e-15
5.177879893910268e-08,0.2549620986806524,0.7450378495405486
0.9871230351768207,3.8702549847608126e-21,0.012876964823179399
2.2707126518881507e-23,0.9999999972556193,2.744380701725377e-09
2.1712110570964282e-29,0.999999999999404,5.960110187014451e-13
0.999999795306819,1.5804582409228624e-32,2.046931809458022e-07
2.368075533634611e-07,0.006506355960131577,0.9934934072323149
1.1053929013525664e-21,0.9999999883375507,1.1662449316796893e-08
0.9999014082967842,2.322164938304946e-25,9.859170321582637e-05
0.0002365696934299901,1.3071728338035067e-06,0.9997621231337362
3.246034269189162e-18,0.9999464809927893,5.3519007210655935e-05
0.9989240773830543,3.2784853635433573e-22,0.0010759226169457109
0.9999966519538941,2.280042803217519e-29,3.348046105999492e-06
9.821971939857104e-29,0.9999999999994309,5.690397103925239e-13
0.9999999999999702,8.509403851705946e-50,2.983240195449362e-14
0.9999989132770842,8.317961097497102e-31,1.0867229157213795e-06
0.0003558185344883261,4.971234631414897e-10,0.9996441809683881
0.9999999999842157,1.7024717522658226e-42,1.5784237688845463e-11
0.9999999295981158,2.982292439780904e-34,7.040188421183049e-08
0.9999999999999407,1.7527178383198574e-49,5.919911664757573e-14
1.6439252984438363e-07,1.1397612558805206e-06,0.9999986958462144
5.634001539117972e-18,0.9999984398591304,1.56014086953966e-06
2.0979096024551686e-07,1.1327784772637547e-05,0.9999884624242671
0.00023595014544659004,4.768098047072317e-06,0.9997592817565063
8.387936234063031e-36,0.9999999999999998,1.3362852735721604e-16
2.8841782601231076e-23,0.999999997493314,2.506685867699371e-09
0.00043129114498333034,6.455744179288009e-11,0.9995687087904591
5.369275795954307e-06,5.028719052017852e-08,0.9999945804370136
2.4901184670368983e-07,1.5751295023966933e-06,0.9999981758586508
1.9659770701488735e-29,0.99999999999976,2.3995936862058436e-13
0.9999999719159663,1.4301082902343267e-34,2.8084033662202645e-08
2.0137390214291926e-21,0.9999994499065412,5.500934587243305e-07
6.681319041904501e-09,0.0009855585846671627,0.9990144347340139
1.7154546153899491e-06,6.199847171737125e-07,0.9999976645606674
1.0641516945059383e-12,0.9953656953575107,0.004634304641424915
0.9999999999999838,3.9297748078524264e-50,1.627594341482654e-14
0.9997520757250032,2.937915939960172e-25,0.0002479242749968171
6.069387330693147e-06,8.765412187738272e-08,0.9999938429585474
6.296301170543902e-29,0.9999999999989839,1.016137695455922e-12
3.2481397558926303e-24,0.9999999994697755,5.302244489628481e-10
0.9999999999999745,6.625730669672196e-50,2.5552303496569343e-14
4.334652822304816e-06,3.708911639922038e-08,0.9999956282580612
1.8520478980915193e-06,4.645849128960939e-08,0.9999981014936107
1.8508188415946453e-14,0.9990913273894243,0.0009086726105573043
0.9999649708208532,1.4797159683772267e-26,3.502917914682106e-05
0.0010055215023439912,5.216244734285192e-11,0.9989944784454936
1.1288747345436296e-14,0.999699568058107,0.0003004319418815675
2.2672455652954456e-06,1.2385749507862135e-07,0.9999976088969396
0.9946248934817212,2.204602811179127e-21,0.005375106518278668
1.5692664114190643e-19,0.9999992585856307,7.414143693258817e-07
1.3052796258231885e-27,0.9999999998493108,1.5068929786380328e-10
5.526011091031725e-10,0.0117893433404156,0.9882106561069833
0.9999960446909185,2.7720068374270985e-29,3.95530908144335e-06
2.399955393038523e-19,0.9999994607093905,5.39290609603821e-07
2.270921554439877e-05,7.974485844402814e-05,0.9998975459260117
0.9996644150888414,4.659639236649965e-24,0.00033558491115869314
0.9968576694000189,6.610130817873049e-23,0.003142330599981087
1.8833966605265186e-06,5.204612642359727e-07,0.9999975961420754
1.6617391113850108e-15,0.9999396539576735,6.034604232489529e-05
0.9994567726385695,2.278678698690483e-23,0.0005432273614305557
0.9999999491252033,8.168161224592547e-34,5.087479656711508e-08
0.0006195761833116004,7.002995956411442e-11,0.9993804237466585
6.743155068177188e-09,0.0007004243848894146,0.9992995688719555
3.0182284748975937e-10,0.04210967222446787,0.9578903274737093
0.9999837492824282,3.71599109383994e-28,1.625071757176987e-05
5.957760383365484e-07,0.0016476850109324972,0.9983517192130291
0.9999999999622025,2.100049314795857e-42,3.7797502827683746e-11
2.353093409400471e-15,0.9980352680664403,0.001964731933557239
0.9999990706876579,9.544762588527167e-32,9.293123420786727e-07
0.9998707181930628,5.155381932954675e-26,0.00012928180693713516
5.08729971879199e-09,0.003062245878000738,0.9969377490346997
0.9999222504802165,1.6231991078897985e-25,7.77495197835871e-05
4.5547030779657404e-05,5.5896423790682625e-09,0.999954447379578
2.0012546996999646e-19,0.9999993502413228,6.497586772609369e-07
7.650939538762703e-10,0.8399927238823525,0.1600072753525535
0.9999999999991604,1.795350909574742e-46,8.395437160135291e-13
2.4577603561613097e-22,0.9999999941775775,5.822422563913715e-09
1.0100538869296098e-07,3.417388364935654e-06,0.9999964816062464
4.67444280479681e-09,0.001186755388736339,0.9988132399368209
0.9999640565586569,4.589109088059741e-27,3.594344134306899e-05
0.00025918444722560917,4.270079079330965e-10,0.9997408151257664
1.733754994669101e-05,5.5325444267622344e-09,0.9999826569175089
4.5953013126557165e-06,7.062308815622317e-08,0.9999953340755993
7.94814995762699e-08,1.7909143396926993e-05,0.9999820113751035
2.330877496052292e-06,1.5891815747849024e-07,0.9999975102043465
1.9825093269527366e-07,6.575493156972273e-06,0.9999932262559104
0.9999671467738565,4.054267563953566e-27,3.285322614354361e-05
0.9999999998711273,1.5281630552532007e-39,1.2887268905822285e-10
2.3715202656093295e-07,2.094077481583186e-06,0.9999976687704918
3.2560785198989973e-09,0.0006137465505973736,0.999386250193324
0.9999950904079521,2.7191369720253325e-28,4.9095920479168065e-06
0.99999999999999,4.817361464988474e-51,9.892625651053865e-15
0.9999999990403541,2.463868583012199e-38,9.596460083402765e-10
1.2433820127290314e-08,0.00017403675159430112,0.9998259508145856
0.00602818714527861,3.0469362417964126e-12,0.9939718128516746
0.9988316132703506,1.2720479240083473e-23,0.0011683867296493362
2.4040126372007525e-37,1.0,1.2349123927710884e-17
9.577404234077876e-21,0.999998035759508,1.9642404919770764e-06
2.7603515022807935e-10,0.01955863822927844,0.9804413614946864
7.169984926094081e-37,1.0,1.6603709703740642e-17
8.893143299493335e-20,0.9999996519807098,3.4801929028194543e-07
0.9999146240173128,8.069576438102902e-27,8.537598268724206e-05
6.956864339480794e-18,0.9999524201503914,4.7579849608663445e-05
0.18958417774572786,2.8609531939663267e-14,0.8104158222542436
4.0167431266566244e-07,5.872712017352487e-06,0.9999937256136701
0.9999999999826901,7.7453275778904e-42,1.730985543834505e-11
2.123933406652151e-06,0.003702790473048562,0.9962950855935446
7.711555929635303e-10,0.007325078350552604,0.9926749208782918
6.681476221467995e-28,0.9999999999311602,6.883988631198905e-11
3.7830155439838927e-05,4.1084615155647303e-10,0.9999621694337141
4.701002267935408e-36,1.0,7.897618065109817e-17
0.9999999982727363,1.1005997560771443e-36,1.7272637325877969e-09
3.538956908959394e-20,0.999999881787488,1.1821251199626065e-07
4.6168289246341126e-08,8.45194662544352e-05,0.9999154343654563
1.269177519904433e-31,0.9999999999999756,2.449143256121682e-14
4.074962273072829e-05,2.0018711944541355e-09,0.9999592483753981
3.297603383946725e-29,0.9999999999680342,3.1965855766371146e-11
9.235371286626856e-09,0.0008144185269201856,0.9991855722377085
2.522261812549221e-08,0.3001670805464541,0.6998328942309278
0.0017209332260223877,7.777820073814998e-12,0.9982790667661999
0.999999999994498,1.6042518592060678e-44,5.501979185273909e-12
0.9999999993976882,1.0508374188301879e-38,6.023118516013629e-10
1.1930457808891898e-05,7.250330119955875e-09,0.999988062291861
0.999998666972662,2.952570001821879e-31,1.3330273378386701e-06
6.969218648756389e-21,0.9999999041876838,9.581231632887233e-08
0.9999999999921545,6.695929244926677e-43,7.845401199102661e-12
0.01830961470578322,1.1040424370827647e-12,0.9816903852931128
6.221356703079568e-23,0.9999999946810652,5.318934883334049e-09
1.3121276988291292e-17,0.9999920678053077,7.932194692322475e-06
2.2533461884626293e-07,4.36330975169943e-06,0.9999954113556294
0.9999999963754544,1.8649839153625047e-36,3.6245456124568992e-09
8.799182137284194e-05,6.2787480270036364e-09,0.9999120018998793
0.9889705504425658,2.8400572533132124e-21,0.011029449557434196
1.5157606531690298e-25,0.9999999999115583,8.844172378452432e-11
3.769611755034427e-26,0.9999999999433067,5.669325764465256e-11
1.9812805989218956e-14,0.9998164599317847,0.00018354006819550436
0.9999999284974863,1.041397955049449e-33,7.150251374934974e-08
3.321399056839022e-08,0.0009255906382729677,0.9990743761477365
1.4530765239477335e-22,0.9999999918012427,8.198757331313448e-09
0.0004452130879149034,1.899364619755131e-10,0.9995547867221487
1.7912321964485496e-10,0.9049951018597282,0.0950048979611486
0.9999873800149933,6.673276379586376e-29,1.2619985006606947e-05
2.184314749417424e-08,8.549183360048585e-05,0.9999144863232521
6.157998823524331e-27,0.9999999999883227,1.1677400049755777e-11
2.944712640029032e-29,0.9999999999994045,5.954257108668312e-13
1.2662539539070404e-24,0.9999999996391624,3.6083755914890317e-10
0.9964813442676483,1.0198363739928263e-20,0.003518655732351574
0.9999999999924791,6.745639069324576e-43,7.520789346913051e-12
0.9999984481017293,1.2427560395743058e-30,1.5518982707089888e-06
0.0007899760579883185,1.359029955826328e-07,0.9992098880390162
2.8565429718513584e-17,0.9999880371019663,1.1962898033645177e-05
0.9999999979990968,6.570267450992536e-37,2.0009031371565595e-09
1.9766501998447414e-12,0.9935332780559246,0.0064667219420987245
7.932251326032414e-10,0.7828097583730744,0.2171902408337005
0.999999829366742,3.329776683075551e-32,1.7063325794678616e-07
0.999999999999855,2.862720356774525e-48,1.4504908895075158e-13
0.9999658399183601,2.326879855373546e-27,3.416008164004123e-05
1.1563567803759483e-16,0.9997520553121599,0.0002479446878398452
5.7286235105631554e-24,0.9999999989280373,1.0719627687197641e-09
3.032406057946901e-23,0.9999999979085157,2.091484205302003e-09
0.9999913774537446,5.0215460566600357e-29,8.622546255396671e-06
4.836295812712937e-05,2.4347790442565415e-05,0.9999272892514303
6.035389633604424e-37,1.0,2.088053256514842e-17
1.3939207469499508e-20,0.9999999310584481,6.894155193633429e-08
0.9990467075473775,5.526773629357847e-23,0.0009532924526224214
6.22716586126185e-21,0.999999957659996,4.2340003892458264e-08
1.3861153242498117e-19,0.999989020933958,1.0979066041954718e-05
2.598703690102147e-08,0.00014842032974874745,0.9998515536832143
4.828405406812922e-10,0.8671958312244304,0.13280416829272906
0.9999999946027069,4.836124681167071e-36,5.3972929599513205e-09
0.9987249211541863,5.983780871361601e-23,0.0012750788458136776
1.976645401032906e-06,7.235739773160129e-07,0.9999972997806216
0.004149810051243876,8.716591992970032e-12,0.9958501899400395
1.9636690379831606e-23,0.9999999980057217,1.994278267989921e-09
0.00011731436641391953,1.7619815354044122e-09,0.9998826838716045
1.3058314200656985e-37,1.0,9.019649317116748e-18
0.999993555307725,9.926129536298781e-28,6.444692274947915e-06
2.6336716506447313e-24,0.9999999924756485,7.524351538364089e-09
0.00024575599639499625,2.6365736465387955e-10,0.9997542437399476
3.0118441455089496e-05,4.0443231839294765e-09,0.9999698775142218
2.569635795552482e-18,0.9999975683021577,2.43169784240247e-06
8.045306791351943e-07,2.59681078753308e-07,0.9999989357882421
1.6177718883176193e-15,0.9998984452452152,0.00010155475478328719
2.8116401172297234e-20,0.9999999146439655,8.535603439571028e-08
0.9999999925050943,1.3911362562133972e-35,7.494905652537657e-09
3.0968238200775906e-37,1.0,1.544233534839925e-17
1.2545033387457263e-07,9.737599050917633e-06,0.9999901369506153
0.998162127667703,1.0551149754397396e-22,0.0018378723322970219
0.9999646664269997,5.324396472852493e-28,3.533357300028395e-05
3.987940276713518e-16,0.9999529953182448,4.7004681754736445e-05
0.009356185597608155,1.319902204423328e-12,0.990643814401072
0.9999999999850042,9.040277817178896e-43,1.4995791089678295e-11
0.9995445115437824,4.279367345103643e-25,0.00045548845621760643
1.136649426730054e-15,0.9999552193210373,4.4780678961513085e-05
0.999999999933558,8.024431938129698e-42,6.644185557058806e-11
2.0020523514451623e-06,0.00032334843319896465,0.9996746495144496
6.430704747880831e-36,1.0,7.179378134981344e-17
9.698057010338483e-06,2.196102123917366e-08,0.9999902799819683
0.999988729668947,1.1750409937391033e-27,1.1270331052922577e-05
0.9746688764640151,1.2761838041425443e-19,0.025331123535984882
8.529810142246108e-10,0.01399995137749253,0.9860000477695265
3.0248777724148852e-25,0.999999992550695,7.449304947295882e-09
0.0011488847447221869,1.993677676765716e-07,0.9988509158875102
8.884708351499397e-08,0.07550554335074329,0.9244943678021733
3.456308524154966e-19,0.9999995849718571,4.1502814287932323e-07
0.999979593276195,1.7611307549943219e-28,2.0406723805010723e-05
0.9999999999980731,3.805814958100154e-44,1.9270117395273143e-12
0.9998093987601128,1.1307956580713739e-24,0.00019060123988720907
0.0009832424289428,2.1715268598268766e-07,0.9990165404183713
1.5662817538816265e-12,0.9960331684505899,0.003966831547843946
0.0003677550372122599,5.493462852438662e-11,0.9996322449078531
1.2363390448495715e-26,0.9999999999669447,3.3055305741209235e-11
2.898780718892413e-05,7.5337137239965e-09,0.9999710046590973
0.9999999999999942,3.5180775657800477e-51,5.812979466247221e-15
0.9999895887007492,6.871572956582608e-28,1.0411299250745478e-05
1.7571482293178473e-07,0.04984168564095598,0.950158138644221
0.0033354567593558765,3.8601577052025265e-12,0.996664543236784
0.9999999970092859,1.0029150050134594e-36,2.9907141563428602e-09
0.9999999968225897,5.734484843109764e-37,3.1774103799667173e-09
1.4181566684868266e-08,0.0002528986660565273,0.9997470871523767
7.797176825387859e-07,0.008022166764543084,0.9919770535177744
0.0003725462280397511,1.2545528313762866e-10,0.9996274536465051
7.775445493030191e-19,0.9999987597236419,1.2402763581722401e-06
1.2027300897508798e-06,2.4479932337780735e-07,0.9999985524705869
0.9999999999958391,5.877542148047835e-43,4.160997278019224e-12
1.5489303645830104e-09,0.002966856740274247,0.9970331417107955
4.3418621192456163e-10,0.06363777537424184,0.9363622241915719
5.959642769232784e-06,0.0018684869191777811,0.9981255534380529
4.05570169232249e-14,0.9997097905448153,0.000290209455144032
0.9999999999998619,2.328917957426768e-48,1.3810295499947104e-13
1.5818987126143884e-13,0.999214867130209,0.0007851328696328315
0.9999759200148169,2.663689055515656e-28,2.407998518306596e-05
1.1491085821432763e-17,0.9997878194870028,0.0002121805129973233
4.4212486857465626e-20,0.9999997164906469,2.835093530474452e-07
3.6620681806277805e-34,0.9999999999999987,1.2910581063241327e-15
0.999999999993213,4.275370806036825e-43,6.787119628452801e-12
0.9999102976885078,1.2743931419241393e-26,8.970231149213585e-05
2.1257588222319878e-13,0.9719652710779201,0.028034728921867348
1.6698619218370552e-13,0.950360132869596,0.04963986713023707
0.9999938727042952,8.264445118286485e-29,6.12729570476743e-06
0.0038101956936279656,1.981225004378501e-12,0.9961898043043909
6.721869768546619e-25,0.9999999996854112,3.1458885360129245e-10
0.9999105474771653,7.993919817104658e-26,8.945252283474593e-05
8.406754865411547e-36,1.0,8.677396055521912e-17
2.087530066810476e-33,0.9999999999999973,2.63649665189782e-15
1.956255224778525e-07,2.9810476007678686e-06,0.9999968233268768
7.156634545819367e-26,0.9999999999575895,4.241041479798181e-11
2.3525399729097357e-25,0.9999999998794951,1.2050483994458068e-10
0.9999999999893898,1.791491676134893e-42,1.0610279806336985e-11
2.6117241698707066e-36,1.0,3.857475771964364e-17
1.639404243592735e-05,4.225341542200371e-08,0.9999835637041486
0.014212763728938366,4.561685952588919e-12,0.9857872362665
1.715436424731597e-05,0.00021979278967852828,0.9997630528460743
2.514510121776127e-17,0.9999949580252017,5.041974798260532e-06
7.739866893095346e-16,0.9992094493335669,0.0007905506664323088
0.9999999392952522,2.392304075945864e-33,6.070474771590791e-08
0.9999999723283356,2.8306628240508895e-34,2.767166443563889e-08
0.9944373433070461,3.607996195625673e-21,0.005562656692953854
5.729707091361223e-06,3.708388882787891e-08,0.9999942332090197
0.9997742167831613,1.025268626455194e-25,0.0002257832168386194
2.4591238450709287e-21,0.9999999555159489,4.4484051228073656e-08
3.700899217679921e-08,4.048872805918159e-05,0.9999594742629486
2.6657818387766467e-36,1.0,7.379693001181552e-17
0.9999986842533307,2.451400975981416e-30,1.3157466693332358e-06
9.103573807969181e-10,0.7992092467856782,0.20079075230396443
1.4869843298928025e-24,0.9999999996706261,3.293739634499804e-10
1.2707395911116997e-10,0.9614316613942822,0.038568338478643986
1.287493372790547e-17,0.999996654905031,3.3450949690621305e-06
0.9999999999999796,3.492231774247357e-50,2.0331269790019097e-14
0.9999996780087588,3.5646398545644283e-31,3.219912411779214e-07
0.6172949927782789,4.109142278495607e-12,0.38270500721761186
0.999999954371385,2.435767176177059e-34,4.5628615126263235e-08
2.9110805454777546e-26,0.9999999999711946,2.8805348751401903e-11
0.9999999999620799,4.1923744801906886e-41,3.792019884224348e-11
0.0031902142399993375,1.3462501283952844e-11,0.9968097857465382
0.9999999999977671,3.8706794329773165e-44,2.2329458321501816e-12
1.1107909434483485e-25,0.999999999897303,1.0269690363838223e-10
1.6321407971129412e-30,0.999999999999863,1.3710902735934203e-13
4.484847157478288e-25,0.9999999998768607,1.231393756875154e-10
0.9999999999995037,9.527908158794108e-47,4.963734712581516e-13
0.9999999999999709,3.252975875650921e-50,2.90399931077396e-14
1.8250145480554452e-06,5.923634464209439e-07,0.9999975826220056
0.5020253178245626,2.072745272346768e-15,0.4979746821754353
1.4325017383480268e-06,3.2822723303982377e-07,0.9999982392710287
2.49240205362636e-14,0.9996237516028826,0.00037624839709247694
0.00014827712943774602,3.078489201133764e-10,0.9998517225627133
0.9998551226830418,2.3003642975665184e-25,0.000144877316958212
6.583438597937894e-07,5.484559383600801e-07,0.9999987932002019
3.15266907334739e-08,0.00016840414250545883,0.9998315643308038
0.9999999999802187,1.0658051694255994e-42,1.9781308601246908e-11
4.595210032187413e-06,5.886169065567534e-08,0.9999953459282771
0.9999880657529959,3.0583522819209195e-28,1.1934247004000095e-05
0.9999752112867462,5.534253739180392e-28,2.478871325380525e-05
0.0009190866981498558,1.0897472142838269e-10,0.9990809131928755
1.7852189618017364e-08,2.9747227668281896e-05,0.9999702349201423
1.5518823720384385e-18,0.9999612693231582,3.8730676841930894e-05
0.9974384704971246,4.2098215980457e-22,0.0025615295028753784
2.898692743405174e-07,0.029335458353274963,0.9706642517774507
9.352087724663232e-16,0.999948766590921,5.123340907808138e-05
3.352341299749346e-16,0.9999777815406334,2.2218459366120825e-05
3.026291011793117e-25,0.9999999972660936,2.733906465872585e-09
1.2299295708194175e-10,0.9168831972983077,0.08311680257869922
0.9999992484189166,1.2906041701871638e-30,7.515810834221594e-07
0.9999999999737357,9.501314217407711e-42,2.6264348899481295e-11
9.815480106975776e-11,0.30014249280209004,0.6998575070997551
1.8355914599403127e-09,0.7429964034593117,0.25700359470509676
0.9999859411949177,9.987731450491476e-28,1.4058805082228678e-05
0.9999996105341247,7.61121332439675e-32,3.8946587529773814e-07
4.092889909429964e-17,0.9995899071446231,0.00041009285537691186
2.5941710805965037e-09,0.007081077631227793,0.992918919774601
9.46769215874742e-32,0.9999999999996878,3.1219505712569083e-13
4.085894856125598e-24,0.9999999992210482,7.789518967493397e-10
0.9999999999815856,1.4786490925332076e-42,1.841427634100799e-11
0.9999900785452428,2.161321566589019e-27,9.921454757141854e-06
9.24618549138393e-20,0.9999994334231398,5.665768602654056e-07
0.0036998367546350387,2.894375002360642e-12,0.9963001632424705
0.9994404818161249,1.185370564185273e-24,0.0005595181838751547
0.9999999999994558,3.934000297034803e-47,5.442547710836512e-13
2.1882659520494103e-05,5.177143025556456e-09,0.9999781121633364
1.534239502020069e-11,0.6641335309815483,0.3358664690031095
0.9999999999752254,3.9451584366212704e-41,2.4774672379700756e-11
2.2777226428558585e-07,4.845478097911719e-06,0.9999949267496379
0.9999999649842023,5.029901084433218e-34,3.5015797737756326e-08
1.1455158803263173e-19,0.9999996855453653,3.144546346322048e-07
0.9899084684309202,9.032836018295338e-21,0.010091531569079826
2.2264955510317176e-05,1.7260844337060974e-08,0.9999777177836454
2.0286706725563025e-09,0.0006770676390396479,0.9993229303322897
0.9999999999954201,1.4138502965891388e-43,4.579892477833604e-12
1.999315189067955e-27,0.9999999999919937,8.00622060773774e-12
0.9999319877473221,1.1882561901659312e-26,6.801225267799283e-05
0.9999998886867214,1.7482199429742622e-32,1.1131327861315414e-07
0.9873198004904806,1.4810043868479593e-20,0.012680199509519272
0.9999763757415815,3.4930873885648208e-28,2.3624258418471303e-05
2.1911400755714993e-06,0.0005140098251731251,0.9994837990347513
0.9999999999957287,2.726778097466841e-43,4.2712147256660575e-12
0.9999942506357526,2.644039601613863e-28,5.749364247273208e-06
0.9999560962932428,3.322847994086119e-27,4.3903706757176386e-05
0.9998812583731733,1.460887594635937e-26,0.00011874162682675735
4.1082822093414884e-08,0.00016340580303885,0.9998365531141391
5.535230921316227e-06,3.961255657788273e-08,0.9999944251565221
6.26680580358179e-05,7.585522560188274e-09,0.9999373243564417
3.5537530879222614e-08,4.4037514428095633e-05,0.9999559269480409
5.028688212368547e-16,0.9999695013135331,3.0498686466439192e-05
1.3685501140366735e-30,0.9999999999999214,7.858883008356611e-14
2.5241667244902825e-14,0.999407738069886,0.000592261930088735
1.2994148770960452e-05,2.0173529091227445e-08,0.9999869856777
0.9999993994532977,1.931452031194406e-32,6.005467022005219e-07
0.020467625885441643,2.084177264135738e-09,0.9795323720303811
8.914568587491721e-08,0.1223767976356734,0.8776231132186407
3.046488530923513e-19,0.999999653933814,3.460661860067252e-07
3.1022027633592164e-36,1.0,6.110449758368516e-17
1.903212105196013e-08,5.366839827285303e-05,0.999946312569606
9.870620638353727e-25,0.9999999997347151,2.652849998206907e-10
5.780603137901392e-20,0.9999996918284079,3.081715921441831e-07
1.305813258341613e-22,0.9999999956660472,4.333952778939737e-09
0.00038902768594162133,1.6668376111268013e-10,0.9996109721473745
1.1950748659312627e-26,0.9999999999808911,1.9108909446394117e-11
2.8173198530112366e-18,0.9999984662557742,1.5337442257358119e-06
0.9999525533958872,1.821559121737135e-26,4.7446604112794124e-05
7.923181646576274e-17,0.9999907415254938,9.258474506187052e-06
0.9999991726311894,1.4709001257462736e-30,8.273688106606489e-07
8.546835143161313e-19,0.9999987409559332,1.2590440667003661e-06
0.9999869671015932,9.496016611263406e-28,1.303289840680613e-05
7.660278911000493e-33,0.9999999999999953,4.595992117883956e-15
3.074096512125069e-35,0.9999999999999998,2.890352616597105e-16
0.9999999999950346,2.145458354441243e-43,4.965288154648158e-12
2.4343753269830863e-09,0.012217372362335797,0.987782625203289
2.100114960205856e-09,0.6487742637445016,0.35122573415538333
9.076387108590387e-10,0.007229347863246914,0.9927706512291143
0.9999999866612246,2.0872340279537304e-34,1.3338775385713106e-08
5.67951567193084e-28,0.9999999999956724,4.327680837024948e-12
1.1380496516646125e-06,1.119816050130803e-06,0.9999977421342983
4.2386168259767254e-05,3.656737653863624e-05,0.9999210464552016
0.007082257313757187,7.57921550903665e-12,0.9929177426786636
1.746489417350066e-08,0.0002668131134091842,0.9997331694216967
1.8476774470687334e-15,0.9973406600752275,0.002659339924770721
5.15263037966215e-22,0.9999992944696567,7.055303432148537e-07
0.9951297194570067,7.588979037535339e-22,0.004870280542993404
0.0026524126024672734,6.838979100375576e-12,0.9973475873906936
6.062209710728233e-13,0.9971116665450355,0.002888333454358235
1.372670564689614e-26,0.9999999999791764,2.0823473568243458e-11
0.999999999996793,1.9561961871878622e-45,3.207006182580179e-12
1.6589882110936764e-17,0.999986608798154,1.3391201845884317e-05
3.0854867188027905e-21,0.9999999736300476,2.6369952319773978e-08
7.548153336240518e-07,0.018870075645654922,0.9811291695390113
0.9997674070356736,4.078294906393935e-25,0.00023259296432642844
3.630961302462225e-07,8.277940200434935e-06,0.9999913589636694
0.9999999993959969,2.065047429235582e-39,6.040030309654164e-10
0.0006437276619308858,7.837307406047741e-11,0.9993562722596959
0.9999983127635738,5.9290336870011054e-30,1.687236426132785e-06
0.9999992810341032,3.636136100148083e-29,7.189658967348074e-07
0.999999901423082,1.8819133447788133e-32,9.857691803581133e-08
9.58806870004346e-06,5.1585083947029235e-08,0.999990360346216
0.9999999999715239,1.0479137364613343e-41,2.847605073962057e-11
0.9939537664323495,1.605927563856391e-16,0.006046233567650408
1.718692665076048e-30,0.9999999999964657,3.534242041732282e-12
0.9999999631189118,1.4629208472673673e-34,3.68810880882038e-08
1.0744487030768862e-22,0.9999999951334433,4.866556596841591e-09
3.133024415393989e-05,2.6072549692529575e-08,0.9999686436832964
0.9999999999831464,1.296695621306332e-41,1.6853588609542158e-11
1.409123926131198e-08,0.00038311451239217593,0.9996168713963686
0.9991002314225121,1.786319487948035e-22,0.0008997685774877262
1.4479858880804584e-06,5.999738405651117e-08,0.9999984920167279
4.574834666325092e-19,0.9999995118467555,4.881532444529512e-07
0.9999987899655394,1.3888731434869246e-30,1.21003446050412e-06
1.435158739115291e-09,0.7022375647604916,0.2977624338043497
0.999999999934466,2.162823057060103e-40,6.553392898653696e-11
0.9999828916991718,3.605255542914305e-28,1.7108300828276636e-05
5.109808956827465e-07,1.071922933944898e-06,0.9999984170961704
5.139802598445927e-07,0.005093251928158871,0.9949062340915812
1.124520133464576e-23,0.9999999992321871,7.67812817687184e-10
0.9999653469509628,9.566393909107739e-27,3.465304903709123e-05
2.7674758062336726e-20,0.9999999217050798,7.829492011899663e-08
0.9999999999950395,2.5152709558051492e-43,4.9605314843019325e-12
0.9999999998863369,3.221646340938179e-40,1.1366306193440112e-10
0.00012223342696790262,6.212255396872261e-10,0.9998777659518066
4.151775587273832e-15,0.9998877607673587,0.00011223923263704589
1.7460846861020165e-06,3.2925024494738094e-07,0.999997924665069
4.1154878386565215e-15,0.9999127440046237,8.725599537198162e-05
3.2384518571177943e-09,0.0050581052606520575,0.9949418915008961
2.6019859224886876e-15,0.9999264365918688,7.356340812861676e-05
3.7229050503188854e-08,6.804744020106755e-05,0.9999319153307485
0.008675134485656691,1.758891430568236e-11,0.9913248654967544
2.426068949095115e-27,0.9999999999886195,1.1380480187113734e-11
2.4166627175353615e-25,0.9999999997503712,2.496287464836021e-10
0.0015958020136788453,5.055996737214496e-11,0.9984041979357612
5.100461888379867e-18,0.9999973553050787,2.6446949213382588e-06
0.9999998469808699,3.103312654493045e-33,1.5301913023786702e-07
0.9999915774663319,3.508676599085414e-29,8.422533668069783e-06
0.9999999999481621,4.737109054510807e-42,5.1837976374196224e-11
0.9999120129120856,1.1674906016693635e-26,8.798708791426042e-05
0.9967399134508921,1.8887225241321612e-22,0.0032600865491079945
1.3843478730959773e-30,0.9999999999999138,8.617471136454141e-14
2.9035537429516116e-12,0.989857682174258,0.010142317822838667
6.467758625564942e-09,0.4150822371636743,0.584917756368567
2.896251486825235e-06,0.00029553723227544737,0.9997015665162376
1.064928490770475e-06,0.005834227023551077,0.9941647080479582
4.905676766096537e-37,1.0,1.717319431249759e-17
1.3178795608132934e-08,0.3381118182053067,0.6618881686158976
9.625619021521524e-05,1.2891092933113225e-09,0.9999037425206756
8.9853522659435e-31,0.9999999999999367,6.328900102693218e-14
1.073376383061633e-21,0.9999990421106301,9.578893699465744e-07
8.736685616242121e-26,0.9999999999626432,3.735682033019967e-11
7.808453184261587e-09,0.00010730892507733796,0.9998926832664694
8.361538491140074e-34,0.9999999999999984,1.5778110169637774e-15
1.7045580660103505e-17,0.9999914973858506,8.502614149445203e-06
0.9999999999895803,4.39038105581314e-44,1.0419771235784113e-11
1.809011322596424e-17,0.9999914083880049,8.59161199497407e-06
0.9999997515041654,3.77550600782437e-33,2.4849583445564164e-07
0.9999999999948181,2.9319138226460432e-43,5.181943582783559e-12
1.5820581241116204e-23,0.9999999990893869,9.106132314145789e-10
2.8995658085421697e-12,0.9926259988304438,0.007374001166656885
0.9999999999818159,1.1389003323136616e-41,1.81840491500887e-11
0.02585555869626141,3.2909171453038404e-09,0.9741444380128215
7.735790947338686e-32,0.9999999999999798,2.0098330048814147e-14
8.314920073404656e-05,1.702987396258574e-09,0.9999168490962786
1.5763652083223968e-34,0.9999999999999996,4.785019197691938e-16
3.4487556415922575e-06,6.350661645340464e-08,0.999996487737742
0.9933906062301419,4.094425337830474e-21,0.006609393769858095
1.3591739111337666e-36,1.0,5.661953462712297e-17
0.9999999999999905,5.106335034240644e-51,9.48356277295856e-15
3.876123041876268e-06,7.544391039033607e-07,0.9999953694378543
5.8158389800053505e-06,3.0501074102747955e-08,0.9999941536599458
2.7078979184571265e-27,0.9999999999921916,7.808519678691138e-12
2.762464947403153e-22,0.9999999954427197,4.557280237384211e-09
0.9999982197890663,7.897691692890286e-31,1.7802109337074752e-06
0.9999999999997953,3.807590342487144e-48,2.0472255421730136e-13
1.5315364286189667e-06,2.0468819178873346e-06,0.9999964215816535
1.4114024611258361e-18,0.9999988832689811,1.1167310189948814e-06
5.082834246233858e-19,0.9999993010449326,6.98955067314699e-07
0.9999614874335917,1.5231850196882412e-26,3.851256640844042e-05
0.9999999999960449,7.171508271194894e-45,3.9549480151838944e-12
8.893471625640146e-08,0.1337392911379659,0.8662606199273178
0.9999636849874957,5.682775688682691e-28,3.631501250434646e-05
0.9999999999999691,7.103885781337344e-50,3.078471388330086e-14
0.9999999999885116,1.163765418511045e-43,1.1488396577906462e-11
0.00035818939612145575,2.338212628801233e-10,0.9996418103700573
0.0007501100461512477,1.4358624113265476e-10,0.9992498898102625
5.253610766015677e-24,0.99999999942828,5.717201118898559e-10
0.00014284855565675894,1.2203981380484998e-09,0.9998571502239452
3.969238145472167e-21,0.9999979655954451,2.034404554983923e-06
0.9999992465974351,1.06744080278579e-30,7.534025649046048e-07
0.0010529325843099898,5.701183560214238e-11,0.9989470673586781
0.9999772923637005,4.768219225583735e-27,2.2707636299538932e-05
0.9999999996692119,2.3703771088900056e-39,3.307880733100108e-10
1.1148474083631012e-07,7.990500245033126e-06,0.9999918980150141
5.194212199041797e-10,0.004217509538655467,0.9957824899419233
6.907843098292794e-06,0.00023483553117151242,0.9997582566257301
2.1911135369466726e-30,0.9999999999998743,1.2567209135397183e-13
0.9999965282704805,8.691939333064498e-29,3.4717295195336873e-06
2.155787539736344e-07,0.03498398969072811,0.965015794730518
0.9991437697061762,3.2980707086306254e-23,0.0008562302938236031
0.999984735515459,1.9764664608923195e-27,1.5264484541013403e-05
1.2553679003222565e-18,0.9999988477798327,1.1522201672387597e-06
5.658123370980953e-25,0.9999999997589266,2.410734815761294e-10
0.9999999999989655,6.9161847923214575e-46,1.0344002401303855e-12
0.9999999996789919,5.6281682690743086e-39,3.210081302204973e-10
4.5005318855062426e-24,0.9999999986046322,1.3953677415151372e-09
0.9999999840089007,3.0167300623022576e-35,1.599109920411462e-08
4.491475593897835e-08,5.5401702922967446e-05,0.9999445533823211
0.00017635519598885576,1.2028495048419043e-10,0.9998236446837263
3.815440729627846e-07,5.20604267084002e-06,0.999994412413256
0.9999999999949574,2.08569953613065e-43,5.042577590257619e-12
2.330631877987288e-13,0.9989547897312715,0.001045210268495347
0.9999989397091271,4.5747232101563035e-31,1.060290872829492e-06
6.89399679876343e-09,0.00031518341833186434,0.9996848096876714
0.9999990036044506,1.592114442040098e-30,9.963955494457142e-07
6.328981827126858e-07,1.2122004758886857e-06,0.9999981549013415
0.9999999999841174,2.533520404972983e-43,1.58826725295129e-11
3.9058911569604995e-19,0.9999936852939321,6.314706067995354e-06
5.172943485976096e-34,0.9999999999999987,1.2337373911277935e-15
0.9999999999984692,1.7884900938406188e-45,1.5308420449454086e-12
7.169358475633691e-08,0.13679790076635778,0.8632020275400575
1.3417978963430768e-08,4.39464433701783e-05,0.9999560401386509
0.002007777090609919,8.750421778183396e-08,0.9979921354051722
1.0057996864191871e-07,0.0281489561833528,0.9718509432366786
0.002371278458890825,3.2856379775952975e-11,0.9976287215082528
4.0164802146283004e-17,0.9999923096570242,7.690342975645639e-06
1.7851779750525287e-12,0.9966422637487756,0.003357736249439084
3.2843349001826954e-21,0.9999999772677112,2.2732288866214214e-08
3.321027427892289e-07,0.024764766953048606,0.9752349009442085
4.596654306541781e-21,0.9999999557247083,4.4275291720459717e-08
2.8053107847485958e-11,0.9842350766268795,0.015764923345067277
5.26858980581288e-07,9.26097473685284e-07,0.9999985470435456
4.7280892846390605e-17,0.9997661822370004,0.0002338177629995378
0.9999999999895584,9.980681804120895e-43,1.0441677449881583e-11
1.2512969760638568e-13,0.9983515250693963,0.0016484749304786343
0.9999999999095412,1.6167956388568258e-39,9.04587067838243e-11
1.2593831769688483e-13,0.9995214449575633,0.0004785550423108617
0.9999999996136368,4.8323709892660096e-40,3.863632414940606e-10
7.579570098134552e-11,0.961660930836866,0.03833906908733843
0.9999476203976888,2.949864922702145e-26,5.2379602311151374e-05
0.9997751632470196,1.0161812128610739e-25,0.0002248367529803634
9.484251030311688e-37,1.0,2.727796343528209e-17
2.776126628750892e-21,0.9999986439058057,1.3560941942586935e-06
2.587622833238773e-26,0.9999999999349611,6.503894515280179e-11
3.298165165302452e-20,0.9999999157567057,8.424329441126219e-08
9.220402995484573e-06,5.943789007405257e-05,0.9999313417069305
0.0005646959632534639,1.1453001946543545e-10,0.9994353039222164
3.2562322562392046e-06,1.8141503734576636e-07,0.9999965623527063
0.999872025844936,8.444998573211365e-27,0.00012797415506415096
9.960194426376543e-05,1.1006539221525616e-09,0.9999003969550824
2.649002204186762e-22,0.9999999908504736,9.149526453508853e-09
1.2954727431296031e-32,0.9999999999999949,5.1451683348006346e-15
0.9999999999999856,1.3824190515815035e-50,1.4455079618453418e-14
0.9999986704635495,1.2327793386192195e-31,1.3295364504226983e-06
0.999998012533268,2.984404076231846e-30,1.9874667319888764e-06
3.7403614657342397e-07,4.403372916686399e-07,0.9999991856265618
0.9999999999814968,1.8461240037307237e-41,1.850312086095564e-11
1.0091821515859466e-06,0.004740199045825766,0.9952587917720227
3.7745510858275286e-14,0.9992793129156983,0.0007206870842641284
0.003008439681227108,3.647018444754971e-11,0.9969915602823027
1.222664712862761e-08,0.00012913976386134577,0.9998708480094916
2.030283928795548e-09,0.001906006833164075,0.9980939911365518
0.9999999985314558,5.668273833107396e-37,1.468544179497838e-09
2.943377407712067e-23,0.9999999982945709,1.7054291337651965e-09
0.9999999999863085,1.5451635448674949e-43,1.3691581729529657e-11
4.443242149727941e-05,4.374771553559043e-05,0.9999118198629672
0.9999999867093627,2.2147294362348824e-35,1.3290637256458023e-08
0.9823710560096831,5.156040541896275e-21,0.01762894399031677
3.328321035239396e-26,0.9999999999328602,6.713991436745472e-11
2.3101663289693563e-31,0.9999999999999467,5.328440875844598e-14
2.8512816491569798e-22,0.9999999939113537,6.088646275246969e-09
4.207402501227635e-12,0.993618134148913,0.00638186584687956
5.802560190452903e-37,1.0,1.816499811860554e-17
0.9999999024944546,2.8237578600785373e-33,9.750554542163704e-08
4.167015940141362e-08,0.11625841764140443,0.8837415406884362
0.999999999981001,7.350529445664588e-42,1.8999005598714668e-11
0.9999999380722954,1.9622558895723446e-33,6.192770458983913e-08
0.9999898407617809,1.5990013996181112e-28,1.0159238219265649e-05
6.956395903497453e-10,0.8906703942230988,0.10932960508126159
9.654068620485296e-08,4.9447838859490856e-06,0.9999949586754279
2.8510168836405825e-09,0.0025620248854646955,0.9974379722635185
0.9999999859196163,7.452156829494583e-35,1.4080383731032006e-08
7.438916665153028e-09,0.6142631272019343,0.385736865359149
3.107887001819316e-13,0.9991390127135817,0.0008609872861074422
0.9999997778771557,6.60229679466151e-33,2.221228442085771e-07
1.2175350246309246e-35,1.0,8.089478187923753e-17
0.9999999999999694,4.7466896887359605e-50,3.0663642058399644e-14
1.4832005411744806e-12,0.8485408591053765,0.1514591408931403
0.9999563804338063,2.097715450165017e-26,4.361956619371214e-05
0.9993677022127958,8.201568950343162e-24,0.0006322977872041387
0.9999999999608475,8.715177685478113e-42,3.915241964928305e-11
0.9999106469182877,2.002987132818972e-25,8.935308171240328e-05
1.8717190720790337e-07,0.05716415546343276,0.9428356573646599
3.3175978023947885e-18,0.9999984885341303,1.511465869676033e-06
0.9999744636580208,2.1088393405219036e-27,2.5536341979189698e-05
0.9999992563151963,2.2068035531080116e-31,7.436848037406777e-07
5.2429020711413654e-20,0.9999997686501543,2.3134984580893643e-07
3.654639386405399e-18,0.9999548675010989,4.513249890120906e-05
0.9999999999997198,3.370972808338887e-47,2.802943537343758e-13
0.9999999999999749,6.112591152600398e-50,2.500930662664818e-14
1.5961871534227975e-28,0.9999999999972409,2.759115883564637e-12
0.9999995950456503,4.869680115370655e-31,4.049543496492082e-07
2.752616264732612e-23,0.9999999952991896,4.700810369236658e-09
8.54646617788793e-09,0.4748667418463059,0.525133249607228
1.5269489262890765e-22,0.9999999976569258,2.3430742225170796e-09
0.9999999999933507,5.882936101985775e-44,6.649307588809892e-12
0.9998909898906895,3.390004127572943e-26,0.00010901010931046415
1.1512857325739505e-07,2.2253081844971764e-05,0.9999776317895817
4.8085459137670636e-24,0.9999999817937956,1.820620451550883e-08
8.770898211672791e-09,0.440253194818398,0.5597467964107038
0.0005305025704078656,4.6243325661834604e-10,0.9994694969671589
2.1954517426161233e-19,0.9999992721347688,7.278652313002622e-07
0.9999999999993767,1.725011943815425e-46,6.231925394410151e-13
0.999653205025113,8.531038101612005e-25,0.00034679497488692443
3.2920880097906035e-07,0.005075184646232095,0.994924486144967
1.3850744344883646e-15,0.9975257588801867,0.0024742411198118357
6.04138339971437e-22,0.9999999933230843,6.676915599944404e-09
0.9999999999954876,2.5067521415354187e-43,4.51241126074827e-12
1.2047015208248374e-21,0.999999961024606,3.8975394155807684e-08
5.1152626799957004e-05,1.9778223058620855e-09,0.9999488453953777
2.9677759337205037e-07,1.1166040726211028e-06,0.999998586618334
0.9999999798100874,1.299872156826216e-35,2.018991275143492e-08
1.0298610072065125e-26,0.9999999999849012,1.509884561547982e-11
0.0034663081843121276,7.665859509651267e-08,0.9965336151570927
0.9999999379698193,7.012599046664423e-35,6.20301806126818e-08
2.400321622371401e-10,0.8826072187371131,0.11739278102285479
0.99999814201519,3.4206405444356086e-29,1.8579848099218633e-06
1.7947852644677088e-05,1.2459293297875979e-08,0.9999820396880621
0.9987181366729355,3.890511982012648e-23,0.0012818633270645415
0.999960750845651,1.6085219587309477e-27,3.924915434900783e-05
8.183479926467514e-06,1.531458107596257e-08,0.9999918012054924
0.9999932121160798,3.7720542653013945e-30,6.7878839201036285e-06
1.332719789727847e-06,0.002225038785836081,0.9977736284943741
7.901143216999572e-05,1.8478611162496273e-09,0.9999209867199689
0.9998743061358683,1.5243296638968375e-26,0.00012569386413182698
0.9999999999999762,3.951783440535741e-50,2.383791905991931e-14
0.9999999999962195,1.9511282905272856e-43,3.780456274212653e-12
0.9999998416265692,3.0162503529014518e-33,1.5837343076023712e-07
0.22077689585373525,4.170115313727106e-14,0.7792231041462231
1.1378266939094758e-08,0.4746849381744884,0.5253150504472447
0.031912629093790834,1.0591703406515199e-13,0.9680873709061033
6.930311756018835e-26,0.999999999905079,9.49208528834603e-11
0.9999998621642628,9.798853539887537e-34,1.3783573712045263e-07
0.00032418066157777046,6.099489976113197e-10,0.9996758187284732
1.8504742517670923e-10,0.9501845572202613,0.04981544259469125
0.9999999999959113,4.673387083521475e-43,4.08875724639761e-12
0.9999999999934548,6.414594646244395e-43,6.545216512103474e-12
2.1299728543324758e-18,0.9999993723318111,6.276681890155964e-07
0.9999992166757751,4.940690039941832e-32,7.833242250284413e-07
3.655142176415148e-07,3.4662520533997256e-06,0.999996168233729
9.804187376472978e-05,5.73394153836902e-11,0.9999019580688959
0.9999999998712823,4.3753747155145085e-40,1.2871779846785943e-10
0.9999999993762574,3.597432097705471e-38,6.237426370254593e-10
0.9999999737118581,2.707625795758874e-35,2.6288141772923883e-08
9.57753166731109e-36,0.9999999999999998,1.2234623478540727e-16
0.9999999574952638,5.471662257444818e-35,4.250473607293835e-08
1.2616780696478799e-14,0.9919082252527003,0.008091774747287069
3.0461999913269334e-06,2.9575227609482793e-08,0.999996924224781
0.9999999999999716,9.388918805623967e-50,2.841734454165292e-14
2.3265806578167943e-33,0.9999999999999984,1.5413224618471146e-15
5.239458628836091e-09,0.000442988056516207,0.9995570067040251
0.002032572282434309,2.7191694883446214e-11,0.997967427690374
2.880622578662814e-29,0.9999999999993725,6.275747476904669e-13
0.9992686770518169,6.619451815168526e-25,0.000731322948183027
1.2921683102738346e-05,6.546850646660165e-05,0.9999216098104305
1.6573937776091477e-13,0.9992339179229206,0.0007660820769136795
9.655166098017462e-07,0.006288750784610154,0.9937102836987799
0.9999999999999309,9.824961734498615e-49,6.904983328113906e-14
0.00010180052409100771,4.343068320588285e-10,0.9998981990416022
5.534670286886178e-07,3.7868434390570583e-06,0.9999956596895322
0.9999999999967193,9.318104925950315e-45,3.280801787926883e-12
2.4247317539114657e-18,0.9999968121846233,3.1878153766413476e-06
1.1266503345664146e-15,0.9999301749820483,6.982501795058022e-05
1.3764074497559307e-07,7.197143106018616e-06,0.999992665216149
1.3998256610992076e-06,0.002244946350894533,0.9977536538234444
0.999999992449155,2.044731726338722e-35,7.550844962911446e-09
2.380460793905389e-08,9.39596142316076e-05,0.9999060165811605
2.438581531533308e-08,0.0003872834566723832,0.9996126921575123
0.9999999999998856,3.8874943697492685e-48,1.143686141713618e-13
0.002202096922653253,9.533593288719562e-12,0.9977979030678131
0.0003555600552833806,4.996550960705803e-10,0.9996444394450616
6.722562221555239e-10,0.7901384073914866,0.2098615919362574
0.9999995536624255,2.7991571856043264e-31,4.463375743162989e-07
0.9999999979347509,5.786853635340367e-38,2.0652490891442316e-09
1.8234301505941065e-06,2.0274317418964403e-07,0.9999979738266751
2.423225513315327e-34,0.9999999999999982,1.875929170814257e-15
5.047872046091242e-07,3.1274404199507637e-06,0.9999963677723754
3.154393763510486e-17,0.9999938866258501,6.113374149876934e-06
7.749284554001208e-12,0.9874019299337299,0.012598070058520778
7.815005048818836e-08,0.19244594923252822,0.8075539726174213
1.5181789458094263e-05,4.984262291100116e-09,0.9999848132262795
0.9999999999926308,2.083002720294283e-43,7.369150050789258e-12
0.999999391198557,4.181937300284897e-31,6.088014430370185e-07
3.03721340546519e-36,1.0,4.294137585544231e-17
8.544649363729438e-20,0.9999973074657122,2.692534287641108e-06
1.9497135243405684e-05,1.4987129396881008e-08,0.9999804878776273
0.9999998661916424,6.476669242815297e-33,1.338083576792258e-07
0.9999999903601616,4.7687734279794067e-35,9.639838418400911e-09
0.9999998054216875,1.0793618572248032e-32,1.9457831246233285e-07
0.999975063646291,6.351058197535687e-28,2.4936353709134186e-05
0.9999755728114045,1.091653564880231e-27,2.442718859546253e-05
5.388922345132263e-07,2.772976181673534e-06,0.9999966881315838
5.990838997845202e-06,1.7599684936706852e-07,0.9999938331641528
4.379464542456895e-06,3.800165523982929e-08,0.9999955825338022
6.548599341112006e-07,3.593776592764239e-07,0.9999989857624068
1.81465601314469e-07,7.050208710826217e-06,0.999992768325688
0.9999998862619096,2.0896125980451058e-33,1.1373809037373381e-07
0.999999999992504,8.373667300314602e-43,7.496112304574297e-12
0.9999999947215987,7.279172960436196e-36,5.278401262658922e-09
9.698016328286507e-06,1.504986713934558e-08,0.9999902869338044
1.9726357689208923e-07,4.14200722629737e-06,0.9999956607291969
5.235449822293141e-09,0.0004474366425614489,0.9995525581219887
5.659709650457593e-06,1.1898236279105645e-07,0.9999942213079869
7.18406609071885e-21,0.9999999180996677,8.19003323417433e-08
2.6192498056482853e-25,0.9999999956802001,4.319799786409225e-09
0.9999999917125421,2.6375439684702544e-35,8.28745799408355e-09
0.999999999999535,3.472888464582765e-47,4.650283927471745e-13
0.9984807414504692,1.191415104307612e-22,0.0015192585495308365
0.9953240142092884,1.8014969601231953e-22,0.00467598579071169
0.0009457116315588174,1.70884001424847e-11,0.9990542883513528
5.323416115232928e-15,0.9999107641115602,8.923588843437965e-05
3.5317534259849723e-22,0.9999998365430275,1.6345697254498056e-07
1.079474036021323e-34,0.9999999999999998,2.7575831817082476e-16
7.945773960839459e-07,8.662140931147497e-07,0.9999983392085108
2.0486681991210122e-20,0.9999967599028781,3.240097121945421e-06
1.192121421635664e-31,0.9999999999999523,4.77284483893704e-14
1.8227335166791167e-26,0.9999999999766993,2.3300626698726377e-11
7.258359630165245e-17,0.9999846953927258,1.5304607274195466e-05
7.155960112866237e-36,1.0,1.0859370209991277e-16
0.9983896836679,6.919094524582786e-24,0.0016103163320999026
5.272421774822825e-24,0.9999999994840474,5.159525211093763e-10
3.888342524660956e-06,0.0016759027692311965,0.998320208888244
0.9999949759205019,9.888265273488e-30,5.02407949803991e-06
0.9999996526781326,1.1531311057724736e-32,3.473218673298339e-07
6.98216040396393e-21,0.9999999644237713,3.557622870000236e-08
1.2730376488283894e-07,1.0876004686081905e-05,0.9999889966915491
3.4544932116292456e-08,0.36451666094608465,0.6354833045089833
0.9910878381714165,1.860241049722971e-21,0.008912161828583412
2.9712561678900345e-24,0.9999999995194016,4.805984158988498e-10
0.00029904302053726766,1.243627198714401e-10,0.9997009568551001
4.0910061871407786e-16,0.9999719811410468,2.8018858952836675e-05
7.994443428988338e-29,0.9999999999989309,1.069180085594595e-12
0.9998196412426515,1.198915998187029e-25,0.00018035875734837697
4.5272181117302964e-14,0.9996028362187487,0.0003971637812058927
2.0907699784564924e-07,1.7334096981796566e-05,0.9999824568260204
6.643253465951369e-35,0.9999999999999998,1.8540252967377018e-16
0.0010026184742482089,1.807918630883227e-07,0.9989972007338886
0.9993683028312038,1.1091241667400179e-23,0.0006316971687962553
8.13255771084942e-18,0.999996409942639,3.5900573609223232e-06
0.9992582426222536,1.394656867873768e-23,0.0007417573777463543
4.0839638893611763e-22,0.9999999936112522,6.388747763794873e-09
0.9950780699632904,1.5547992291691476e-22,0.004921930036709523
0.9999957761248314,6.884871085837813e-29,4.2238751685334385e-06
0.9976270006335557,4.615084914220777e-21,0.002372999366444385
1.539149638027568e-08,4.136235909507633e-05,0.9999586222494086
1.4157524949490787e-17,0.9999108205618528,8.917943814720485e-05
0.9999999999936622,2.4058469767007636e-44,6.33786128449625e-12
9.311589248586632e-37,1.0,3.809467652230622e-17
0.9999999998983462,3.242181702270721e-40,1.0165381921881262e-10
3.4929927302656344e-05,2.606604894478521e-05,0.9999390040237525
9.257086418746065e-28,0.9999999998971203,1.0287971468728897e-10
0.9997451925964607,1.1475746399100672e-25,0.0002548074035392856
5.820739760926949e-13,0.9980679094009541,0.0019320905984635706
2.4184109075913494e-25,0.9999999998440148,1.5598520812167888e-10
0.9999999999879523,1.739457554714864e-42,1.2047747870400987e-11
4.1657145912362774e-39,1.0,5.181607197050958e-17
1.2127439969770867e-17,0.9998819386317405,0.00011806136825961297
1.3549333832300921e-16,0.999979113215688,2.0886784311829868e-05
0.9978929965604265,2.8671771794971475e-23,0.002107003439573493
2.189108562929926e-15,0.9999069433993933,9.305660060439373e-05
0.0003218292550053012,5.03294528984191e-10,0.9996781702417002
5.35500148906016e-24,0.9999999990731112,9.268886889174411e-10
3.978958353594903e-08,0.000223456053411738,0.9997765041570046
0.0005567154026933326,3.192622007864918e-10,0.9994432842780445
1.9327944931146362e-36,0.9999999999999978,2.184539590684466e-15
1.5691447449619443e-08,0.27721901542755173,0.7227809688810007
2.8893477118274675e-07,1.4998145302864994e-06,0.9999982112506987
4.733144465761064e-07,1.8100949669686959e-06,0.9999977165905863
0.9999999999272953,1.516481974044704e-41,7.270465460125663e-11
4.5444780284338354e-14,0.9897068294182612,0.010293170581693455
6.417570514588185e-20,0.9999998297571878,1.702428122066304e-07
4.891686116024644e-05,1.8698681116128818e-09,0.9999510812689717
3.1724925107522694e-09,0.004458299027574909,0.9955416977999326
1.1319685274655052e-07,7.035643801502503e-06,0.9999928511593458
0.9999999999931375,1.9478012105308725e-43,6.862470041392791e-12
1.6190125858477287e-08,4.562293575832123e-05,0.9999543608741157
0.9999073902642535,4.6181070318956196e-26,9.260973574659365e-05
1.7126781199149493e-11,0.9747088583884104,0.025291141594462756
1.7771647698241755e-08,0.00017068039489880036,0.9998293018334535
1.5246139547901056e-05,0.00012777115301777737,0.9998569827074343
6.672574830393943e-06,4.049760173190528e-08,0.999993286927568
0.00015969652884799306,9.462532630670674e-11,0.9998403033765266
0.9999992923759937,3.193184532731965e-30,7.076240063465608e-07
0.0005865186555897629,7.316011643096494e-11,0.9994134812712501
0.9999999999327014,2.3426245056835855e-40,6.729858986882721e-11
0.9999996989261319,1.004071651525955e-31,3.010738679785772e-07
0.9938999329911964,1.0228486405351557e-22,0.00610006700880365
0.9999999832394738,4.6594407441460114e-35,1.6760526282527593e-08
0.0027032096203784797,1.944689060686944e-11,0.9972967903601746
4.788996493000284e-08,4.01388610446679e-05,0.9999598132489904
5.07567826863023e-10,0.008405819457974377,0.9915941800344578
4.378317707276471e-14,0.9993036534447142,0.0006963465552421176
5.371970754522255e-09,0.7071487517022848,0.2928512429257445
0.9994223530683983,4.3388451528605044e-24,0.0005776469316016242
3.3932978255457164e-35,0.9999999999999949,5.145280224655669e-15
1.7197927013039334e-07,2.5239176669584843e-06,0.9999973041030629
1.8604378576399317e-23,0.9999999989538546,1.0461453182377593e-09
0.9999999999939444,1.2442500103272998e-42,6.0555718118124744e-12
0.0005262661398223824,2.0870552907199554e-10,0.9994737336514722
2.435551837080655e-06,6.017816398776829e-08,0.999997504269999
2.9697215876623104e-20,0.999999924135504,7.586449609854509e-08
1.406799370242459e-24,0.9999999997806743,2.193257230901883e-10
0.9999999999999944,3.173898255127767e-51,5.541146662922374e-15
0.9999966414208727,1.2813203478318033e-29,3.3585791272929113e-06
1.4624663568188283e-05,9.50911224976648e-08,0.9999852802453092
0.9999999999136813,3.4506621085059863e-40,8.631881406584261e-11
3.9352658289683964e-07,0.03145123128662152,0.9685483751867956
0.02391575320484154,4.965064393014229e-13,0.9760842467946619
0.0002831259856781294,9.913451200840285e-11,0.9997168739151873
8.581190590903748e-31,0.9999999999998568,1.431559196383375e-13
4.743444610016602e-16,0.9994027028067947,0.0005972971932049138
5.500759116208669e-17,0.9999899731066841,1.0026893315864202e-05
5.127499582725779e-22,0.999999986769778,1.3230222121336654e-08
4.203800274729772e-06,1.8934497462007665e-07,0.9999956068547505
0.9999998730075309,1.2062234469810674e-33,1.2699246916549453e-07
0.9999999300145554,8.438851151196259e-34,6.998544444549553e-08
0.9999999999999896,7.190808238809404e-51,1.045136341717942e-14
9.723742860146152e-08,3.3581738599442575e-05,0.9999663210239719
2.0248912778399162e-23,0.9999999989678654,1.0321346610955061e-09
0.9999999999969724,5.861672522623133e-45,3.027519789936031e-12
2.04715935466897e-13,0.9992309255664427,0.0007690744333525908
3.862662268895127e-27,0.9999999999851896,1.4810482804232537e-11
2.1775778769559344e-11,0.9577821127080212,0.04221788727020309
0.998588197723369,1.695788333529689e-22,0.0014118022766310368
0.9981437280694582,2.498235939282957e-23,0.0018562719305418862
0.9999994888603111,7.615702594938225e-32,5.111396887700347e-07
0.997666514444535,5.968188248977945e-22,0.002333485555464929
1.164505681470207e-11,0.9894392399513682,0.010560760036986914
6.261136660840059e-15,0.9999139743586735,8.602564132028918e-05
0.9999999999887563,2.6607912475658714e-43,1.1243614663145736e-11
2.8548637041742825e-05,4.946431409876003e-05,0.9999219870488595
1.009819410208857e-30,0.9999999999999138,8.622257189954004e-14
5.831149795798838e-10,0.8620691378246995,0.13793086159218554
0.0002037141352177079,1.1602640918036893e-10,0.9997962857487559
3.4633879000107533e-07,0.005846013460024982,0.9941536402011849
0.9999997490335036,3.291601304820693e-32,2.5096649623357915e-07
7.514327554049424e-09,0.621856152526342,0.37814383995933054
0.9976824985935144,3.8467327897312344e-22,0.002317501406485533
0.9998966892445752,1.764359817331312e-25,0.00010331075542491758
2.2985113935530545e-31,0.9999999999999551,4.4793335296921215e-14
1.0513988102068288e-17,0.99999596266034,4.037339660063225e-06
0.10638818947024362,1.6578172963500477e-14,0.8936118105297398
1.9513558316990602e-36,1.0,2.991438629451013e-17
1.7432838972019842e-05,1.3435292625644281e-05,0.9999691318684024
3.449120888723287e-33,0.9999999999999967,3.301890169507891e-15
0.999525498032493,1.0501481418216467e-23,0.0004745019675068743
0.9999999157758062,4.2987362434769834e-34,8.422419389962647e-08
1.5034751592787663e-24,0.9999999996527957,3.4720417885248817e-10
0.9999999999999487,4.594303158710302e-49,5.1402591340742455e-14
9.112370812786235e-09,0.4717797768794303,0.5282202140081989
0.00026494834714521984,4.802137915018052e-10,0.999735051172641
0.9999998624870758,7.129381374162056e-34,1.3751292404137532e-07
7.998774785181706e-34,0.9999999999999984,1.5759342002691514e-15
1.443579705266513e-08,0.0004477196435991543,0.9995522659206038
4.354044510640871e-08,1.5428159350484128e-05,0.9999845283002045
1.0237209265932494e-12,0.9941198009615912,0.005880199037385082
0.9533351595517972,2.1844275919900293e-19,0.04666484044820275
4.147086554929541e-21,0.9999999469822686,5.301773130928953e-08
7.249019321167029e-06,6.96964047285016e-09,0.9999927440110384
5.937117409591342e-36,0.9999999999999998,1.214263462123247e-16
5.212205981952437e-10,0.028606869699266218,0.9713931297795132
0.0003913872494366868,7.287068741925298e-11,0.9996086126776925
0.0007119327529154181,1.0003920611530707e-10,0.9992880671470454
0.9874236314001406,1.653990888975538e-20,0.01257636859985944
4.2366248633330396e-05,9.239007377779659e-10,0.9999576328274659
8.91046913676169e-12,0.6136334298725553,0.38636657011853426
0.999999999723248,3.207379573145523e-39,2.7675192318947276e-10
3.360114833524448e-26,0.999999999967933,3.20671191391758e-11
2.2165054903096317e-12,0.7918848035270578,0.20811519647072566
4.189593869008156e-14,0.999846128432058,0.00015387156789991845
1.60666657283959e-17,0.9999884597762566,1.1540223743305946e-05
6.744403261292167e-08,2.6636278968320213e-05,0.999973296276999
0.9999999982269465,2.055633218616136e-37,1.773053416798852e-09
0.9999999998809141,9.680953125235037e-40,1.190858885174139e-10
0.9997450848620538,6.850375587712968e-25,0.00025491513794631207
0.9999999999432909,3.095188025627012e-41,5.6709034305135246e-11
0.9999999999830218,1.7684396631794002e-43,1.697812408041098e-11
1.0270862491411908e-23,0.999999998947414,1.0525860142742583e-09
2.0218138474883728e-14,0.9998763129689772,0.00012368703100262146
0.0003921413685434816,2.351177873014388e-11,0.9996078586079448
0.9999999999999951,5.90807318338475e-51,4.800098823660203e-15
3.269471048151518e-11,0.9690420116811831,0.030957988286122215
2.812705602307528e-06,0.0009719937244247336,0.9990251935699729
1.1658266243644936e-19,0.9999998342925701,1.6570742983523254e-07
0.9999999999990887,4.081586325767718e-46,9.111609592818297e-13
0.00391044606393939,4.7218933299082556e-12,0.9960895539313387
0.9999999954911372,1.4802373352954037e-36,4.508862834938455e-09
0.9999915811936464,1.570815984087975e-28,8.418806353564672e-06
1.6657961522879127e-12,0.9951176824723517,0.004882317525982521
0.9999999999999565,2.5894179109709172e-49,4.3625333830339906e-14
7.671435747395174e-17,0.999680770504577,0.00031922949542303964
0.9999999999881501,3.6039937970528784e-42,1.1849857433881468e-11
3.607141966390156e-14,0.9996868260261103,0.00031317397385349115
0.9999999999999738,8.106221073225785e-50,2.6213186105050486e-14
0.9999870517032015,7.856495964401352e-28,1.2948296798475555e-05
0.9995636839844313,1.5148570886160208e-24,0.0004363160155688511
0.9999999999619127,1.7733518111369872e-42,3.8087212723714504e-11
3.728304086893659e-18,0.9999978551957674,2.144804232518445e-06
0.9999999999965132,6.997328343827499e-45,3.486871990456297e-12
1.8369435414030778e-22,0.9999999948658784,5.134121624825252e-09
2.868612249000952e-07,1.5163153619630377e-05,0.9999845499851554
9.587536019606687e-18,0.9999965698550568,3.4301449432305535e-06
0.0003373200325449196,7.290646299121668e-11,0.9996626798945485
1.6594237840514342e-07,3.0991216851807987e-06,0.9999967349359363
4.854043636271819e-05,1.3438391794395025e-09,0.9999514582197981
0.9999999367005463,3.150673455957123e-34,6.329945359129306e-08
0.00019640684009695843,1.4592611909720792e-09,0.9998035917006419
4.846834822694803e-10,0.9614727654504232,0.038527234064893515
1.1037203387076678e-32,0.9999999999999942,5.745641242754147e-15
0.9999999289167127,5.265737311348441e-34,7.108328728033905e-08
1.9593237721160983e-16,0.9999727949149841,2.720508501560658e-05
0.9999999965750428,4.411248977607163e-37,3.424957297268227e-09
0.999999892100358,1.5710241192278921e-32,1.0789964201006097e-07
9.974359064187239e-08,2.3190731545522862e-05,0.9999767095248638
1.2327643614891737e-27,0.9999999999955969,4.403207104702336e-12
1.6210010371897474e-10,0.09692751916438115,0.9030724806735186
0.9999999999999551,9.005181165899887e-50,4.4806243644854475e-14
2.666528203362544e-12,0.7681319235280322,0.23186807646930127
4.983433952835141e-22,0.99999981283695,1.8716305001013077e-07
1.4848843897952356e-09,0.8209364637839227,0.17906353473119305
0.999923291512249,3.6337837305593904e-26,7.670848775105165e-05
2.8344091154836448e-05,1.2724743690436476e-08,0.9999716431841014
1.5788804912463572e-18,0.999998076896131,1.923103869137844e-06
1.5744429612492751e-09,0.022783520993728427,0.9772164774318286
0.9994778172389248,3.027811077441711e-24,0.0005221827610751742
0.00018668958295069466,5.357224590911419e-10,0.9998133098813268
0.9966498166388393,2.636655061839525e-22,0.003350183361160701
0.9999999999756011,6.752748564402036e-43,2.439901290558154e-11
0.9999916614803186,1.4809689993931961e-28,8.338519681440937e-06
1.6853634640478924e-17,0.9998741180927484,0.0001258819072516712
2.303365630470092e-19,0.9999992460088843,7.539911157489185e-07
3.985434636960065e-26,0.9999999999470033,5.2996632912358275e-11
2.2791789615386537e-34,0.9999999999999996,4.711407617247425e-16
1.071923060254994e-28,0.9999999999981193,1.8807336222484914e-12
0.9999990633135386,1.033135551048331e-30,9.366864613772777e-07
5.000265266560381e-05,5.820290966816426e-06,0.9999441770563676
0.9999993036778311,1.6766985624374147e-31,6.963221689177759e-07
4.776346560649828e-09,0.5816855016264356,0.4183144935972179
0.009158276542465564,6.892911705649753e-13,0.9908417234568451
1.0189730171393996e-08,0.0002534084559229715,0.9997465813543468
0.9999999990933488,1.3668221494977365e-37,9.066512650646661e-10
0.00032036894256571604,6.476698013393506e-11,0.9996796309926674
1.1945935236176832e-09,0.815930796897565,0.1840692019078415
0.9998658525570178,6.583977954903553e-25,0.00013414744298217784
0.9999999999697236,1.118091600762615e-41,3.027654395395107e-11
1.135112051610726e-08,0.5026812585087429,0.49731873014013656
1.3224179798837888e-06,0.0019524841586616233,0.9980461934233585
1.5152499304166255e-05,6.324400693645965e-09,0.9999848411762952
1.5400635928430563e-08,0.48027718066784153,0.5197228039315225
6.806405613306014e-33,0.9999999999999956,4.367519892976759e-15
0.0036706013056540324,3.7736863740627015e-12,0.9963293986905721
7.119405016806132e-08,0.10101115226490374,0.8989887765410461
8.460571122504871e-13,0.9957159210647922,0.004284078934361713
9.45440314699529e-14,0.9990341385335659,0.0009658614663396283
0.20497700677299321,5.884640895213339e-10,0.7950229926385426
0.00018128287162975755,5.812229807033373e-10,0.9998187165471473
0.9999988023705991,1.2529331412163807e-30,1.197629400909616e-06
0.9999998066930936,2.850609633309439e-32,1.933069065277497e-07
0.9999330920939509,5.87741713113279e-27,6.690790604904647e-05
0.99882009588512,1.5723198460037047e-23,0.0011799041148799886
0.9999999999928006,3.940941441334284e-44,7.199402250969686e-12
0.9999999999871843,5.026551197833192e-42,1.2815838297584394e-11
0.9999944882936231,5.807670811691388e-29,5.511706376744943e-06
3.549145099931585e-07,1.1496075569379876e-06,0.9999984954779332
4.2953304311200145e-09,0.0006654998403435811,0.9993344958643259
4.112005092919368e-21,0.9999999618185288,3.8181471212395646e-08
8.836764124950978e-17,0.9999859699114275,1.4030088572403426e-05
0.9999929936614902,1.0955135507679476e-29,7.006338509842972e-06
1.0566494650523218e-07,4.026650415950703e-06,0.9999958676846377
5.525882943287617e-07,8.063981290482684e-06,0.9999913834304153
1.0331670652241359e-16,0.9999806736803218,1.9326319678182378e-05
9.518025174959986e-11,0.9691533279363652,0.030846671968454597
0.9999973724125306,1.220140414246432e-29,2.6275874693670247e-06
4.0907216197313005e-07,2.6739405782367224e-06,0.9999969169872597
2.6946674675260043e-18,0.999971276712756,2.872328724394869e-05
5.88978304608215e-28,0.9999999999953293,4.6706903494869335e-12
5.1646909883961645e-08,0.2810964494390689,0.7189034989140212
0.9999973557424581,3.0003751017535123e-30,2.6442575418669953e-06
0.9720457768243042,2.939037080293431e-20,0.0279542231756959
3.736242287965767e-10,0.04788839051189138,0.9521116091144844
1.2800691625598466e-07,0.03213118128078309,0.9678686907123005
0.999999547548672,5.050965955180865e-31,4.524513278874205e-07
2.771649953793883e-14,0.9995338353584582,0.00046616464151407545
8.019659805393756e-29,0.9999999999989617,1.0382118797614814e-12
6.635717138397834e-05,1.7090449800630535e-09,0.9999336411195711
0.9999999999999918,1.06925487585048e-50,8.138284693032497e-15
8.52611343705201e-06,6.476394575431219e-08,0.9999914091226172
4.668204077374609e-19,0.9999873242206951,1.2675779304878882e-05
0.9999984064520574,4.433563075191805e-30,1.5935479426852112e-06
0.9999999999999878,3.417007524050637e-50,1.223096438041756e-14
2.051643557461431e-05,0.00010125525838567992,0.9998782283060397
4.580433835804467e-05,1.4836816534405074e-05,0.9999393588451075
2.5751359485017853e-26,0.9999999999599067,4.009329072482709e-11
0.9999999969498226,9.605163947417665e-37,3.050177417386463e-09
0.9999980643553548,1.2976032232464187e-29,1.9356446451835662e-06
0.00010207579013742977,2.4807989694615035e-09,0.9998979217290636
0.9999999999773683,1.154789633897869e-42,2.2631578842443093e-11
0.0003064518168711481,2.6602875818450707e-07,0.9996932821543706
6.0414815177468335e-06,1.397616058656863e-07,0.9999938187568763
0.9583253416091417,1.3889614988223917e-19,0.04167465839085833
1.6169946398451297e-07,1.391585022003227e-06,0.9999984467155141
0.9999834867632417,1.153479488626e-27,1.6513236758376243e-05
0.0013933746150012597,2.4070397720181993e-11,0.9986066253609283
1.498827374914561e-32,0.9999999999999953,4.639585369156255e-15
4.815497139877498e-07,7.838659728242159e-07,0.9999987345843132
0.9999999996151596,2.249233327513821e-38,3.8484039906075214e-10
0.0033012026181980622,1.0196541868930182e-11,0.9966987973716054
1.0057823630129965e-19,0.9999998230836442,1.769163558805114e-07
3.2326621221799043e-06,2.666921396671612e-08,0.9999967406686638
0.9999999972988336,4.261235162270915e-37,2.701166376843949e-09
2.4749756140706404e-36,1.0,4.3568794489305625e-17
7.017636857362631e-06,1.743428319737324e-08,0.9999929649288594
9.398868156469345e-26,0.9999999998490574,1.5094270057620988e-10
8.558319299733858e-26,0.9999999998451241,1.548758853597632e-10
0.9994273385855896,7.243216384295209e-24,0.0005726614144104076
7.454022150565995e-14,0.9990506040349716,0.0009493959649537853
1.1271453944710499e-07,2.854437413117395e-06,0.9999970328480474
0.00010894018264588181,1.8276388743182387e-09,0.9998910579897152
5.3096870603932345e-09,0.0027094097749185025,0.9972905849153945
4.3793936865826516e-20,0.9999949021615551,5.097838444988225e-06
0.0003703576606841287,8.06825429883614e-11,0.9996296422586333
0.9999922999768092,1.1534987503089713e-28,7.700023190907105e-06
0.9999999999864029,2.4605402851345586e-42,1.3597072748882119e-11
9.689241928602017e-14,0.9684810776639048,0.03151892233599818
0.999675763824866,3.2879674548044156e-25,0.00032423617513399296
9.43464913166915e-09,0.6866480322886641,0.3133519582766867
0.9999999727129075,6.114122750378801e-35,2.7287092471868242e-08
0.9999999999999793,3.1153659305833136e-50,2.061651456309096e-14
9.270463860135367e-23,0.9999999961269559,3.873044090657602e-09
0.9999942374054998,2.988044786519706e-28,5.7625945001300726e-06
0.9999999999997873,3.1402839809086245e-47,2.127643947885747e-13
1.718512820580232e-05,4.7352691295606165e-09,0.9999828101365251
1.8514817180227112e-24,0.9999999995976938,4.0230623793828606e-10
6.693328514096582e-05,2.676602758803183e-10,0.9999330664471987
0.9999999969220266,7.94473901698903e-38,3.077973312410387e-09
2.6921361666675373e-20,0.9999998225920078,1.774079922169439e-07
0.9994802460132558,1.2008370773924855e-24,0.0005197539867441783
6.167658391903624e-29,0.9999999999983611,1.6389474374174596e-12
9.767768419372996e-10,0.0072018383141695674,0.9927981607090536
6.297991594256457e-19,0.9999745991365686,2.5400863431344916e-05
1.391476807537699e-07,0.04894725134573181,0.9510526095065874
1.2144736564972949e-08,0.30660683869353433,0.6933931491617291
9.499120001927553e-10,0.882338195173721,0.11766180387636699
2.771968523531043e-06,0.0008303751240231906,0.9991668529074532
3.0456386262052417e-10,0.015732531713537896,0.9842674679818982
1.1224929354701405e-15,0.999957516401033,4.2483598965908826e-05
5.030677850281839e-35,0.9999999999999998,3.063040923719447e-16
5.612438391143644e-24,0.9999999661263488,3.38736512013311e-08
1.7787011607632816e-25,0.9999999999335603,6.643970890854065e-11
0.9999999999248232,9.964322165088565e-42,7.517664669914131e-11
2.2970685689264435e-06,0.0033817996010433505,0.9966159033303877
2.6275174496532504e-27,0.9999999999884805,1.151936795491671e-11
0.0006403803364883449,1.761201193264002e-11,0.9993596196458997
1.2809093664512614e-34,0.9999999999999996,5.298000645498649e-16
8.049588028488911e-17,0.9999911616628059,8.838337194021612e-06
0.9999999999519469,9.487476668347663e-41,4.805315149366419e-11
0.9999999999967046,2.776645723387237e-43,3.295309484435981e-12
8.583271107173908e-08,2.5275739870903507e-05,0.999974638427418
2.646846626546147e-12,0.869010804301571,0.13098919569578224
4.550741580503492e-23,0.9999999970293099,2.9706900510154873e-09
0.9999999972382334,3.2591978774688294e-36,2.7617666287178735e-09
4.220127431447984e-19,0.9999991063591837,8.936408162764465e-07
3.102802686894022e-28,0.9999999999985916,1.4083691584549625e-12
0.9999970886112538,4.033813186140492e-29,2.911388746143321e-06
1.7876858212787378e-19,0.9999994168799101,5.831200899330829e-07
0.9999948755076262,1.0367342636154461e-29,5.124492373825475e-06
0.0006594669442386773,4.819786469025661e-11,0.9993405330075634
0.9999978025678701,2.0273233705795466e-30,2.197432129909712e-06
8.032767391418633e-17,0.9999909968266321,9.00317336782297e-06
2.0663924867420745e-05,4.48017867619323e-09,0.9999793315949539
1.1253134437631212e-06,0.0024131154213123895,0.9975857592652438
0.029984920515299503,2.162755423154871e-13,0.9700150794844842
0.999999999933558,4.968408287873927e-41,6.644200585649171e-11
3.531764617254493e-19,0.9999990641857852,9.358142147227078e-07
0.9999999999084712,1.667131969623518e-41,9.152877271970083e-11
2.248064734868022e-19,0.999999250222763,7.497772370479589e-07
1.2480990731425473e-33,0.9999999999999982,1.7858237331498688e-15
7.23986576717533e-15,0.9999111990053198,8.880099467295287e-05
9.151227522676524e-06,3.896754922488164e-09,0.9999908448757223
1.0774327101417247e-33,0.9999999999999984,1.646144705048285e-15
2.981580088445489e-13,0.9495473025602171,0.05045269743948467
0.9999999999999667,7.840043738763575e-50,3.340653363323969e-14
2.4653089185531486e-13,0.9985453440485879,0.0014546559511655337
8.749216189682254e-06,2.1022236709807228e-07,0.9999910405614432
5.447878348849571e-20,0.9999998591501286,1.4084987141014453e-07
1.833741679152776e-13,0.9594808768558949,0.04051912314392165
9.782123836050335e-25,0.9999999994451136,5.548864311827838e-10
0.9999997901533838,3.413598586417239e-32,2.0984661625248959e-07
1.7328777400495648e-08,0.24219325648102671,0.7578067261901958
0.001126862402606866,4.7079230905738445e-12,0.9988731375926853
0.9999999999995226,3.261679051219953e-47,4.774920792809857e-13
4.193171193788009e-05,3.772129765925167e-05,0.9999203469904028
3.5439025460596903e-28,0.9999999999965348,3.465270243525129e-12
0.9999803193454259,3.0530426573053445e-27,1.9680654574110123e-05
0.00010354304099421915,1.8490696308348164e-09,0.9998964551099361
7.99128946520665e-17,0.9995501490724495,0.00044985092755053005
0.001407104350991777,2.5499939748336768e-11,0.9985928956235082
0.9848672193964398,2.2994863687699655e-20,0.01513278060356024
3.3807686353550804e-18,0.9999989142111206,1.085788879462746e-06
7.28442574329389e-13,0.9945536201248596,0.005446379874411783
0.9999999997939271,2.896020066927636e-40,2.0607288534088446e-10
0.00017154796913942084,1.0608654565426738e-06,0.9998273911654041
0.9999595794986563,4.496880942018824e-28,4.042050134363356e-05
2.07445578252077e-09,0.0005307199949054839,0.9994692779306388
0.9994777761539058,2.7483371936624945e-24,0.0005222238460941346
4.1375796273166486e-33,0.9999999999999978,2.3302652122048646e-15
2.1085970724122735e-18,0.999997701722451,2.2982775489932554e-06
3.834865972063705e-09,0.0006393395604318763,0.9993606566047022
7.407438649955936e-14,0.9995389013773489,0.00046109862257697165
2.7450212269745704e-17,0.9997960035918791,0.0002039964081208367
0.9999988935351684,2.4238382434627654e-30,1.1064648315340593e-06
0.0036520708217468063,3.97452880999252e-12,0.9963479291742787
0.9999993195151752,1.7424364276659768e-30,6.804848248889978e-07
0.9999999999970139,1.3584071015887592e-43,2.9860834260018713e-12
0.9982982834746174,4.183621221320533e-23,0.0017017165253825257
1.2524168025660447e-10,0.9541127134353902,0.04588728643936813
0.0002602217091960848,2.2328773230732084e-11,0.999739778268475
8.032350998125673e-08,7.982611619995251e-05,0.99992009356029
1.5467176550736117e-18,0.9999986171323775,1.3828676225130769e-06
2.6351777318047036e-29,0.9999999999993732,6.268100789744715e-13
7.649876220099381e-12,0.9841705703103087,0.015829429682041343
0.9993761502637287,7.446978592299509e-23,0.0006238497362712847
7.2900229904032955e-06,1.0892274802513477e-08,0.9999926990847348
9.888162204757692e-05,1.4665272836436239e-09,0.9999011169114251
0.9999999941084714,1.3572704543442656e-35,5.89152861801184e-09
1.903434994753957e-06,2.537682776856468e-07,0.9999978427967274
3.6864958256088625e-08,0.2152752401664883,0.7847247229685533
0.9998115139341635,4.7040870347416085e-25,0.00018848606583657702
0.9982873879260963,2.6992833579852884e-22,0.0017126120739038042
9.97356481749439e-07,3.599415771836639e-07,0.9999986427019412
6.641013684591672e-06,6.757472535829518e-09,0.999993352228843
8.415233032994136e-19,0.9999979361518534,2.0638481465218574e-06
0.9809042554610458,5.958828068460967e-21,0.019095744538954205
2.2568796196873634e-10,0.9462567148102792,0.05374328496403284
0.9999663242039047,1.6809205811858147e-26,3.3675796095389214e-05
2.626713089919953e-29,0.9999999999994467,5.533416667527216e-13
1.2395667231729184e-09,0.8703851807227357,0.1296148180376975
0.9999999999977198,4.9395509653890025e-45,2.28019199218052e-12
1.7976298016701404e-06,1.7125967227739955e-07,0.999998031110526
1.8599904633351156e-30,0.9999999999998412,1.587897759812103e-13
3.608547421627325e-07,1.501058085559444e-06,0.9999981380871722
3.031452188447713e-06,0.00046447323228642146,0.9995324953155252
1.2414314753873442e-05,1.0823756992088221e-08,0.9999875748614891
4.675266140016613e-12,0.5896007309310018,0.4103992690643228
0.9914180333696889,1.4954469651072828e-21,0.008581966630311053
8.73560577095977e-22,0.9999999811334767,1.8866523315132817e-08
0.9999947899637472,6.177910035620152e-29,5.210036252844264e-06
5.645468782102659e-07,0.019033011875776534,0.9809664235773452
1.8802011069882126e-24,0.9999999969033437,3.096656281227833e-09
3.2459353501613133e-19,0.9999992368641362,7.63135863971617e-07
2.5346548975500764e-08,0.20870301442986858,0.7912969602235824
2.4588441398448275e-08,5.0054881837328696e-05,0.9999499205297212
7.812123452649916e-17,0.9998076716084638,0.00019232839153611635
0.9999999991041446,1.4364331368476102e-39,8.958554134711329e-10
1.868595796294688e-29,0.9999999999996194,3.8068777051945034e-13
2.5713132558226747e-05,2.5388859526809458e-09,0.9999742843285557
5.009319233501703e-22,0.9999999894866628,1.0513337115402314e-08
1.2451817933241413e-24,0.9999999996389941,3.610059629174824e-10
0.9840242524764353,2.3748255474416915e-20,0.015975747523564583
0.9999990985910315,1.5142951094121017e-31,9.014089685234557e-07
1.784504745313195e-30,0.9999999999997393,2.606072616396286e-13
0.0002203295182275648,6.316784219120412e-10,0.9997796698500939
0.006931703316406045,6.484830416905476e-12,0.9930682966771092
2.338035021312974e-10,0.8312576181791984,0.16874238158699803
0.9999998749945952,7.179044602154318e-34,1.2500540493488436e-07
1.3587165826411674e-28,0.9999999999966738,3.3262670210869555e-12
0.9999999999852931,4.0270829811532906e-42,1.4706919562493708e-11
0.0003942568604629765,1.0849488360224434e-11,0.9996057431286876
8.54019633603541e-05,7.796007585968413e-06,0.9999068020290538
3.817576484476208e-14,0.9993826634591786,0.0006173365407831147
2.1543873632987102e-07,0.03868333323328349,0.9613164513279802
0.9999961784410669,1.2459726901864269e-29,3.8215589331037615e-06
3.558773139229986e-24,0.999999999447142,5.52857875593396e-10
0.9999999946580855,7.759169938568694e-36,5.341914372088909e-09
1.0416116006893743e-05,1.4508289102551944e-08,0.999989569375704
3.2611638473549534e-06,0.0004647248488251251,0.9995320139873274
3.152226647925751e-29,0.9999999999992955,7.04437021004303e-13
3.0296631602638665e-05,5.9567532378635605e-09,0.9999696974116442
0.07493485618922256,3.9320385356106277e-10,0.9250651434175736
2.6236219412232443e-13,0.9760724856150202,0.023927514384717373
0.9999876464865051,2.0151405380077416e-28,1.2353513494941173e-05
6.09797109209962e-08,0.06656656052169589,0.9334333784985931
0.0011053442262144672,2.7329432119101406e-11,0.9988946557464561
2.0143692674726325e-08,5.05795726490135e-05,0.9999494002836583
0.9999979491946208,1.8187675396422194e-30,2.050805379161031e-06
1.3026444641626488e-07,4.6885426882829144e-05,0.9999529843086709
4.806973649499718e-37,1.0,1.4042282439603772e-17
2.9315032854881017e-28,0.9999999999959064,4.093573041926086e-12
6.009797125988268e-20,0.9999998743295091,1.2567049097648046e-07
0.000771567400048413,1.929641741460111e-11,0.9992284325806551
0.9999851836073533,1.0256772804406204e-27,1.4816392646672371e-05
3.1778004512673545e-11,0.9550835913962863,0.04491640857193576
0.9999999993358661,1.1007240771047277e-38,6.641339652414091e-10
1.3208864745836506e-05,1.8211015429279055e-08,0.9999867729242387
0.00025362634534116,5.765785800877621e-10,0.9997463730780803
0.9919242713349598,9.883524420809061e-21,0.008075728665040303
0.0009032283543649911,2.5003625276929437e-07,0.9990965216093822
6.987953246855561e-26,0.9999999999227862,7.721386815572826e-11
1.5628821980829438e-07,8.935817454830318e-06,0.9999909078943253
2.2697209312670905e-16,0.9999812542063329,1.8745793666884262e-05
4.7426541289365716e-05,4.9711768290649525e-09,0.9999525684875338
0.9998959860092992,1.2464976030969392e-25,0.00010401399070069677
0.9999999999520888,6.911843477552873e-41,4.791113806389544e-11
2.8210634470358e-07,0.014242465795163433,0.9857572520984919
4.819665345465025e-37,1.0,3.608457504997695e-17
1.2213666355062592e-15,0.9980275317485827,0.001972468251416036
0.9999999999999158,5.2696931803419575e-49,8.410029676652182e-14
3.184954953917729e-06,2.674763425464884e-07,0.9999965475687036
8.10512418881461e-13,0.9973806630856764,0.002619336913512998
0.999999999999994,2.6511708893269622e-51,5.9610037978295965e-15
3.703082239038743e-14,0.9994356412315512,0.0005643587684118292
0.9999999998440825,5.218196707380439e-39,1.5591759991949718e-10
4.30321855859386e-30,0.9999999999997968,2.0316471499199379e-13
0.9999999995670905,7.909307970535824e-39,4.3290955171029194e-10
0.18816014345963397,1.128649790720034e-10,0.8118398564275011
0.9999970657660435,1.364940430492625e-29,2.9342339566052674e-06
2.9906192914343246e-08,0.22213544296157403,0.777864527132233
0.9999616065325859,4.8284321962753795e-28,3.8393467414169744e-05
0.9999999656898636,8.625553856259089e-35,3.4310136483278444e-08
0.9999979256562367,8.322065055977381e-30,2.0743437632393544e-06
1.110744149273911e-15,0.9999520357026265,4.7964297372357204e-05
7.917829281352098e-16,0.9999661391304153,3.38608695837769e-05
2.904570477090677e-19,0.9999807163416693,1.9283658330728447e-05
0.9999999999993792,1.916112882530503e-46,6.209435853822386e-13
0.9999469091460337,1.644057822409525e-26,5.309085396621874e-05
3.586333180465122e-08,2.5144234360363952e-05,0.9999748199023077
0.999999999876128,9.347255869481074e-40,1.2387200509216156e-10
0.00011877535042667295,9.241489696352463e-07,0.9998803005006036
2.811520273132864e-07,0.006594714270516942,0.9934050045774557
5.148093658014353e-22,0.9999999914338383,8.566161667213734e-09
1.6736243980924354e-32,0.9999999999999905,9.448283718893034e-15
6.01018316741699e-08,2.4212943711885955e-05,0.9999757269544564
3.121454440043942e-06,3.2121813937437294e-08,0.999996846423746
4.652570752798548e-18,0.9999983409708871,1.659029112779134e-06
8.068161667916146e-14,0.9995196782137173,0.00048032178620196337
4.797653866171877e-09,0.0006650092349269589,0.9993349859674191
7.164024344120513e-19,0.9999990930128548,9.069871452584933e-07
0.9999999353789271,1.7123757625450503e-34,6.46210729804325e-08
1.482249647134192e-10,0.9650383078731938,0.03496169197858122
0.9999989757012955,3.6506581506492046e-31,1.0242987045312705e-06
2.242982987089468e-24,0.9999999998135936,1.8640655423146664e-10
0.9999999999943172,3.715168381552187e-43,5.6826947341800575e-12
0.9999917732657594,1.4267675268854529e-28,8.226734240669126e-06
1.2837416756574747e-05,5.936965717732924e-05,0.999927792926066
0.9999999842310454,1.6312159418614681e-35,1.576895458728183e-08
7.177965032563422e-16,0.9999529866851988,4.701331480058577e-05
4.7857108730849725e-09,0.000366271191401199,0.999633724022888
3.27357464258252e-09,0.0029184740126670127,0.9970815227137584
6.337366434066754e-05,6.394972804045965e-06,0.9999302313628552
0.9902991529911925,3.1743468607633243e-21,0.009700847008807367
2.167355525191119e-06,0.0003735128071546685,0.99962431983732
0.9986411312290621,3.5637038758486175e-23,0.001358868770937945
4.742967718721844e-05,5.911250323125333e-10,0.9999525697316878
5.6370685648910075e-05,1.3276416060520002e-09,0.9999436279867095
0.0001536097369303152,6.45611624716794e-10,0.9998463896174581
2.9839121476932605e-06,4.923115687605066e-08,0.9999969668566955
0.9999999918828072,1.0026593091398091e-35,8.11719278684042e-09
3.482348936269199e-08,0.2472082082583944,0.7527917569181163
5.788865720088429e-12,0.984789832601522,0.015210167392689251
0.9994257190111089,3.9855385297102944e-24,0.0005742809888912118
2.2142571753991197e-25,0.9999999998532207,1.4677917747956995e-10
0.9999999978459566,2.1631330638056616e-37,2.1540434562055917e-09
1.1824646767800681e-07,4.310907501159834e-06,0.9999955708460312
0.9999911491952013,1.7130033389016199e-28,8.850804798789568e-06
6.152954772784962e-21,0.9999999070640742,9.293592596200667e-08
0.9999999765379205,1.3177878753726014e-35,2.3462079433440375e-08
3.4376646064924796e-05,1.322570293314084e-09,0.9999656220313647
0.9999999999488878,1.0898385839845506e-41,5.111216032150399e-11
0.9999999999989022,3.809537135179644e-46,1.0977312588422592e-12
1.0823826710350803e-09,0.8304413516156418,0.16955864730197537
2.1500501631582e-18,0.9999719279409892,2.8072059010701834e-05
0.9999999425366577,4.822624039487171e-33,5.746334223256751e-08
7.0614377380455405e-15,0.9934999964505277,0.0065000035494652535
4.73932524066074e-09,0.0014090489606006676,0.9985909463000742
0.00045453219743266094,1.037252418954054e-10,0.9995454676988421
1.0208051788512138e-32,0.999999999999994,6.056621922319567e-15
9.031340084513436e-18,0.9998319105478037,0.00016808945219635603
1.4209315620301403e-20,0.9999980511136005,1.948886399516526e-06
6.169721668805242e-17,0.9998749067166597,0.0001250932833403724
0.9999999999998086,8.66395798998021e-48,1.9148346501260411e-13
0.9344844890346362,1.8091496564983545e-19,0.06551551096536377
1.2590528533012148e-33,0.9999999999999962,3.707650901489883e-15
2.9662475173462493e-23,0.9999999546943368,4.530566319050985e-08
0.0023194442253773283,1.2442821966671139e-11,0.9976805557621798
6.607712641444788e-07,1.9623098470143598e-07,0.9999991429977512
1.310305649451169e-09,0.0009519983294529124,0.9990480003602413
5.830891630073002e-20,0.9999998699321329,1.3006786712534334e-07
1.0966126517285505e-35,1.0,8.944677039304004e-17
1.5730711444112842e-23,0.9999999965632633,3.4367367449435132e-09
5.922284171396305e-05,1.5846687989002526e-05,0.9999249304702971
7.929964220232041e-06,1.2846005451794943e-08,0.9999920571897744
1.897297732471079e-12,0.9943722049271494,0.005627795070953288
0.9999774269247986,2.045534642813148e-27,2.2573075201310574e-05
7.232353128098695e-22,0.9999999817718009,1.8228198993928193e-08
0.001048988252712437,8.618640265675485e-12,0.9989510117386688
3.661729575229504e-20,0.9999999291237792,7.087622068427221e-08
0.9999999998147897,1.7688399643434043e-40,1.85210233830914e-10
5.113382003052696e-07,0.007232304815932176,0.9927671838458675
2.0895805073865269e-10,0.8488399608391592,0.15116003895188274
0.9999999923659851,3.4221898880829055e-36,7.634014992815082e-09
0.9999998937177059,2.4633143423411835e-33,1.0628229412478888e-07
1.4266154285961161e-07,0.13406188886902032,0.8659379684694368
1.1380221672293875e-07,2.0743659112587475e-06,0.9999978118318721
2.0548351012453042e-05,8.122563697502417e-09,0.9999794435264238
0.00024042977596462687,6.009466139014272e-10,0.9997595696230888
3.657481422184852e-30,0.9999999999998193,1.8081776459050902e-13
1.7946220203635408e-09,0.7998736508701662,0.2001263473352118
1.2557406915389842e-09,0.5922126832377479,0.4077873155065114
0.003927619261566856,1.5808503558667553e-11,0.9960723807226246
1.0296169372560373e-06,3.313650550987793e-07,0.9999986390180076
3.0011229167887415e-25,0.9999999912527503,8.747249683785507e-09
0.9998263534943264,1.759010573486078e-25,0.00017364650567370688
1.1622587728124336e-08,0.0007905147370908116,0.9992094736403214
3.907054843163064e-16,0.998978963708663,0.0010210362913364726
1.1623480298904989e-32,0.9999999999999956,4.457512765388318e-15
2.6811209221927143e-06,9.822384633001783e-07,0.9999963366406145
4.728671241602204e-29,0.999999999999247,7.52939867258819e-13
0.9999996510692118,9.02229036138769e-32,3.4893078809821383e-07
0.9999801428147155,3.1929854618940177e-28,1.9857185284683676e-05
2.290083102951249e-22,0.9999998674375385,1.325624615269126e-07
0.00021328834958370986,5.737474736081083e-10,0.9997867110766687
1.1034887384509853e-24,0.9999999940931954,5.906804473349204e-09
0.9999982064625377,2.3875278506068102e-30,1.7935374622349043e-06
0.9994665730186122,4.0248064369355484e-24,0.0005334269813878581
8.926288489324302e-26,0.9999999998708715,1.2912846103327156e-10
1.4286374896316106e-18,0.9999984477666386,1.5522333612886959e-06
4.040509383108853e-08,0.00011224842509863483,0.9998877111698075
8.177264191410297e-05,1.0762047471509759e-09,0.9999182262818812
1.185717534767319e-18,0.9999987883151396,1.2116848604653062e-06
0.0005231470661912305,7.03107995008502e-07,0.9994761498258137
0.9999999999673186,7.429173324153011e-43,3.268137799966424e-11
3.9308534521585695e-05,1.1282469227174538e-08,0.9999606801830092
0.0034742655516455763,1.1690994755326522e-11,0.9965257344366635
0.9999999999999916,5.111316245095419e-51,8.449292137057649e-15
1.1640100734137573e-19,0.9999938890575232,6.110942476730081e-06
2.51294509809425e-19,0.9999995834308072,4.1656919290950577e-07
1.4851624499219938e-09,0.001654189433924638,0.998345809080913
0.9999999824005502,4.9766387721277836e-36,1.7599449835278064e-08
0.9993769175483653,4.072533865901796e-24,0.0006230824516345706
3.13733687515961e-17,0.9999949632858174,5.036714182640039e-06
1.8381295243018895e-32,0.9999999999995952,4.047999557166587e-13
0.9999999999999958,1.2286688542881099e-51,4.324642694149747e-15
9.030578805242175e-31,0.9999999999999447,5.51972180887007e-14
0.9999824519937437,1.9967010781073813e-26,1.754800625629453e-05
0.9762409115749955,5.660736640177138e-20,0.023759088425004477
2.7639338444296904e-06,1.0789337998079127e-07,0.9999971281727755
9.597520147990854e-09,0.0010591252038146847,0.9989408651986652
4.164525389116561e-06,0.001028328412714466,0.9989675070618964
1.8462174656592874e-13,0.9879551076763581,0.012044892323457174
9.943186571377552e-23,0.9999998663269419,1.3367305796574933e-07
0.9999993727859152,5.1965033406118075e-31,6.272140847117348e-07
2.159773023695859e-33,0.9999999999999973,2.621058712485256e-15
1.0277824995037922e-08,0.0012546657484643615,0.9987453239737107
1.4489699695184316e-16,0.9999710412469199,2.8958753079901945e-05
1.2399405242345058e-30,0.9999999999998577,1.4235584579041515e-13
0.999999999756334,5.753921075636481e-40,2.436660616999168e-10
0.002932849067604842,9.639358467952547e-08,0.9970670545388105
3.144788621078454e-12,0.9954878035311926,0.0045121964656626365
3.957771095737513e-30,0.9999999999997131,2.8697011831196824e-13
2.142129144658251e-20,0.9999965390707583,3.4609292418598124e-06
1.4577816499230275e-09,0.006066952706638344,0.9939330458355801
4.1224135224060254e-07,4.208321831177496e-06,0.9999953794368165
6.513737001049928e-09,0.001503399697766525,0.9984965937884965
2.057197816597145e-19,0.9999996942858485,3.05714151678492e-07
0.9999994187556857,3.775760869799442e-31,5.812443142746109e-07
0.9997224877834193,9.009256897311619e-26,0.0002775122165805627
0.9999999999999838,2.814579925461325e-50,1.6318576023583503e-14
0.9999999998225466,1.145643387436234e-40,1.774533414373336e-10
2.1830548090442022e-14,0.9943293646266241,0.005670635373354152
0.999991982896229,4.080463283900094e-29,8.017103771052636e-06
1.240628608425642e-36,1.0,2.9156080373677586e-17
2.365434494315292e-30,0.9999999999998304,1.695501691144466e-13
0.9998778304644255,2.068998057389078e-25,0.00012216953557459828
2.6476866305090946e-07,1.557554016666144e-05,0.9999841596911704
8.454279920091753e-05,1.3606852520010412e-09,0.9999154558401138
9.6535394373011e-26,0.9999999999092097,9.079022642288945e-11
0.00043267250023578194,3.9059246722380995e-10,0.9995673271091718
0.9999999999959261,1.4791254486558884e-43,4.073842435955434e-12
0.9999999938245248,4.67050759942444e-36,6.175475176029817e-09
0.9999731551354648,3.507596356214119e-27,2.684486453507056e-05
1.970450580520065e-32,0.9999999999999933,6.5616116802818034e-15
0.9999995697420229,7.686259375044745e-32,4.3025797703478644e-07
0.9999996656436584,2.1194837476011948e-31,3.34356341556056e-07
9.697684921783137e-09,0.0002821913279541102,0.999717798974361
1.0736296866369456e-21,0.9999999707077052,2.9292294804538978e-08
0.0005381531433399128,1.9526789195771105e-10,0.9994618466613923
3.2127991484038086e-05,3.78890981519766e-05,0.999929982910364
1.1931950295239514e-08,0.00036922565498581384,0.9996307624130639
2.4211212939278493e-06,6.354134519329602e-08,0.9999975153373609
4.5898239682001215e-21,0.999998612048532,1.3879514681144193e-06
0.9818049889485586,1.7854678898472387e-20,0.01819501105144137
3.289718999178261e-31,0.9999999999970972,2.90287000125053e-12
5.7198825900383335e-31,0.9999999999999563,4.379953379869752e-14
8.158911096156726e-17,0.9999848974061982,1.510259380166971e-05
1.962205071467637e-14,0.9997763367118716,0.00022366328810885218
6.096186679865104e-08,3.7697038472468235e-05,0.9999622419996608
0.9999999999550777,2.051746040752575e-41,4.4922386118486985e-11
6.0230804276816026e-06,1.3526347198142732e-07,0.9999938416561003
0.9999999980860881,5.002193913414763e-37,1.913911838860578e-09
1.2796666482577681e-23,0.9999999982961498,1.7038500611030475e-09
9.373561329791378e-08,1.7890415510153685e-05,0.9999820158488766
1.4560124135200292e-22,0.9999999911804865,8.81951340749591e-09
1.6223457942616078e-06,9.636708374670311e-08,0.9999982812871221
0.999939948215156,3.826619443474968e-26,6.0051784844133495e-05
0.0008541447765754274,1.9071712041166053e-11,0.999145855204353
0.9999999999977767,9.388744553490441e-45,2.2232747151674628e-12
0.9960673460324893,3.8742750331171126e-22,0.00393265396751087
3.8084795165010685e-37,1.0,1.6940123109379445e-17
9.76473961149055e-19,0.9999988742707385,1.1257292615419607e-06
0.9999999995305535,6.474957791006818e-39,4.694465351371294e-10
2.203593442350625e-07,1.2553824746383321e-06,0.999998524258181
0.9999987608505381,6.577358480585308e-31,1.2391494618754984e-06
0.00015795171790477505,1.3801259067766306e-09,0.9998420469019692
0.0001082156080382996,1.356107320180205e-10,0.9998917842563508
6.872980499175813e-25,0.9999999995798547,4.2014519171180253e-10
5.278607060478127e-09,0.0009594959290328695,0.99904049879236
0.999999947620258,1.7908042407162163e-33,5.237974193459739e-08
0.000853017786757106,2.015788198443108e-11,0.9991469821930851
4.0521618200383746e-26,0.9999999999606934,3.930646390877129e-11
0.009279520190772545,5.241534360234084e-13,0.9907204798087034
2.8378655232833493e-14,0.9997241143904155,0.00027588560955591087
0.0025392815438540807,1.462853710139815e-12,0.997460718454683
1.969376420419065e-07,1.1417028517421822e-05,0.9999883860338404
0.00029833537956072497,4.0748480885686965e-06,0.9996975897723506
0.9990168817339898,6.177283188114569e-23,0.000983118266010236
0.9999994526614047,7.045442342660938e-32,5.473385953087055e-07
0.9733712479710117,3.723355210404494e-20,0.026628752028988373
4.819106739380068e-06,9.720751549558709e-08,0.9999950836857452
3.3046838971966813e-06,6.750542740157952e-08,0.9999966278106754
0.9999918473675127,2.1422858304607308e-29,8.152632487337445e-06
0.9999999999979787,4.847597482020881e-44,2.0212184630253357e-12
9.050205059495996e-15,0.9998158335826974,0.00018416641729340538
5.553437764974133e-23,0.999999998553196,1.4468041091107973e-09
1.0134390214182095e-27,0.9999999999878288,1.2171180774758632e-11
7.311991394311537e-08,5.418340316862183e-05,0.9999457434769174
5.50628976368754e-07,6.345391029250961e-07,0.9999988148319208
0.9999856448111314,2.1601167163575446e-27,1.4355188868487826e-05
0.9999999999998204,4.350184438487527e-48,1.7968179700012584e-13
0.0005194813123993019,7.574855036624395e-11,0.999480518611852
0.9999909714519464,4.2159276698334075e-28,9.028548053666486e-06
2.6288520889183882e-09,0.7460665820155715,0.2539334153555764
0.992064937652772,1.4815478290931311e-21,0.007935062347227873
0.9999999999897986,1.0691387011711633e-43,1.0201444178993938e-11
1.2715092558984287e-23,0.9999999987393475,1.2606524738688675e-09
7.888503355470986e-22,0.9999999785240392,2.1475960685375485e-08
2.1045522032422974e-34,0.9999999999999991,9.39049740325242e-16
0.00014440909851328961,9.972942452348188e-06,0.9998456179590343
0.9999999999996665,4.107718871976052e-47,3.334128992201701e-13
0.9999776755659676,2.1165747645843057e-28,2.232443403228946e-05
1.755931059413798e-23,0.9999999990406399,9.59360217734528e-10
0.9999999999997409,3.227656689520277e-47,2.5916597026990595e-13
3.5907850846090493e-07,1.9249161099158585e-06,0.9999977160053816
0.9999999904547029,5.938158317131395e-36,9.545297179417183e-09
1.798082598432593e-20,0.9999999135735008,8.642649915504113e-08
0.9994369630478211,7.959191135513385e-24,0.0005630369521788801
0.999999998674111,3.1742286460636363e-38,1.3258889888630306e-09
2.3278207596726534e-08,0.16395976902716672,0.8360402076946256
3.0785611307859723e-07,1.860502341565804e-05,0.9999810871204712
1.9127729852088808e-05,4.634266240348192e-09,0.9999808676358818
2.047252122131912e-08,0.0004129368587602665,0.9995870426687185
5.067011516863954e-23,0.9999999980199419,1.9800580141798267e-09
0.0002752609165660113,2.651508247879239e-10,0.9997247388182832
0.9998170053235651,5.73121003281044e-25,0.00018299467643498047
0.999999999982004,6.8437822216832505e-43,1.799613028752757e-11
0.0007625712323739854,1.765406997768375e-10,0.9992374285910853
4.252514479523589e-12,0.9857945918123324,0.014205408183415
3.7970622867604016e-30,0.9999999999999021,9.7981824281206e-14
0.00023188342991116784,1.4417084290712236e-10,0.999768116425918
0.0008590475453433843,9.066013343823405e-12,0.9991409524455906
0.9996105439408147,6.196921100150612e-24,0.0003894560591852398
1.3145395536904024e-24,0.9999999993716271,6.283728046935879e-10
0.9999999999999805,3.6595703319845473e-50,1.9511289822438077e-14
0.9996657771602987,4.0052354341053238e-25,0.0003342228397011522
0.9999928368903226,2.63016592774511e-28,7.163109677446792e-06
0.006694888895992312,2.0981158093124736e-12,0.9933051111019096
3.6083627970185556e-05,4.0397428414102315e-09,0.9999639123322869
0.0020559847686433307,2.604304362712384e-11,0.9979440152053137
1.7720825620795597e-16,0.9999806386893738,1.9361310625942384e-05
1.9255190724411026e-07,4.209765125413936e-06,0.9999955976829673
0.9999999998634412,6.05813409710339e-40,1.3655869124329457e-10
7.953150226787881e-06,1.3518848902608034e-07,0.9999919116612842
4.31148010120822e-20,0.9999996876879494,3.1231205050653025e-07
0.9998801895916429,4.725175027371491e-25,0.00011981040835707947
0.9999808068639995,4.603837309283795e-27,1.9193136000589196e-05
3.3028310928103717e-09,0.4944790375285172,0.5055209591686517
0.9999843193753385,9.68402349606371e-29,1.56806246614886e-05
0.9999608542780711,7.680732591197294e-27,3.91457219287915e-05
6.222508849266085e-18,0.9999976361046226,2.363895377494839e-06
9.059047797503077e-07,0.009274028224153593,0.9907250658710667
0.0013024153757538845,4.953063772987767e-10,0.9986975841289397
2.3721447982407419e-07,0.02981628966453772,0.9701834731209824
2.289766432676781e-19,0.9999994800717672,5.199282328189229e-07
1.1999928082539657e-08,0.00012527005789561796,0.9998747179421763
0.9998606473444426,2.5581896419156654e-25,0.00013935265555747493
0.99999999893357,5.033217381360187e-38,1.0664299842567948e-09
0.999999999916986,1.2847084982078799e-41,8.301395436723735e-11
4.5572840004331494e-17,0.9999874854501624,1.2514549837643759e-05
7.202456744359736e-08,1.4732815953199579e-05,0.9999851951594793
2.441438522886469e-12,0.9900281762920701,0.009971823705488419
3.844061262694287e-16,0.9999671185494088,3.28814505907981e-05
3.4485625562596753e-20,0.9999998770794618,1.2292053812437544e-07
0.9999999990720252,6.61171558515833e-38,9.279747580226879e-10
0.00021067669933291067,2.204198762701302e-06,0.9997871191019044
0.9999999505060706,1.0205365655606014e-34,4.949392943540721e-08
2.089253478853789e-05,1.8354112274148123e-09,0.9999791056298002
8.493972812257356e-23,0.9999998503020244,1.496979755425932e-07
0.9984245762719727,7.460958815140834e-23,0.0015754237280273828
5.628666421380627e-05,2.7299514191136406e-09,0.9999437106058346
2.1970671835028697e-08,0.0005373495325398855,0.9994626284967882
2.5143494972131208e-06,1.0059821030334163e-07,0.9999973850522924
7.552367009209601e-17,0.9998098005255039,0.00019019947449616653
0.9999999895589929,2.1704886201707738e-35,1.0441007151979002e-08
0.9999999104719821,5.453312828545685e-33,8.95280178666946e-08
0.999999997668005,1.4378068799937983e-36,2.3319949901717426e-09
0.9999999999999865,1.1659765531824547e-50,1.3520610116513917e-14
1.674320179705468e-24,0.9999999923514319,7.648568150092725e-09
1.470241624851075e-22,0.9999999903526077,9.647392300189513e-09
1.5402950496908213e-21,0.999998868072771,1.131927228944433e-06
0.9999999999931748,5.953337652656006e-43,6.825173734682363e-12
0.9999974053987477,1.8490211735744672e-30,2.5946012522387426e-06
0.9995577575588785,6.285385315081253e-25,0.00044224244112135984
6.679728963571774e-16,0.9999276835504955,7.231644950370295e-05
1.1380163786139644e-05,4.72410050964332e-09,0.9999886151121132
8.346466796815315e-11,0.9664137933767071,0.03358620653982836
5.594419447597612e-36,0.9999999999999998,1.1429850247382614e-16
5.916912077442136e-11,0.9699479931681296,0.030052006772701294
0.999996916108771,2.2403095746854144e-30,3.0838912291092915e-06
5.643843195126741e-06,6.562661966119071e-09,0.9999943495941429
0.9999999999931692,2.5239392816583868e-42,6.830717247218176e-12
0.18965582756160781,1.0624825752210467e-10,0.810344172332144
0.9999999999970828,6.0536231873169e-45,2.9172467618877854e-12
0.0003018852718261708,1.5085839170059242e-10,0.9996981145773154
0.0015376238697991415,4.514226244602236e-07,0.9984619247075764
0.9999995429938741,1.7386519455744233e-31,4.5700612594817325e-07
0.9999999999844111,8.432664741236056e-43,1.5588934006531486e-11
2.7228142163942247e-16,0.9996273780509488,0.00037262194905108474
4.6390159886708475e-06,1.5910626032267012e-07,0.999995201877751
3.0431841875772784e-18,0.999997788765716,2.2112342839547536e-06
0.9999999999971585,1.2936211174201563e-44,2.841551361699943e-12
1.068697070240897e-24,0.9999999828824743,1.711752580917673e-08
0.9999999999999762,4.173839938992245e-50,2.372737732484604e-14
0.9999999999907327,8.457377640635782e-43,9.267242030704563e-12
3.6872989350715906e-34,0.9999999999999996,5.167947780528112e-16
1.6614652388062757e-24,0.999999999742823,2.5717688121767737e-10
0.9999999999956062,2.8954384868694015e-43,4.393817927456055e-12
6.522441383741428e-09,0.6353380189659786,0.36466197451158006
4.758381412530676e-09,0.000842382338847274,0.9991576129027713
1.206981792918018e-10,0.9518663097112181,0.04813369016808371
4.543492890866549e-22,0.9999999806617031,1.9338296797342096e-08
1.9056902347005815e-06,9.633143398530889e-08,0.9999979979783313
0.9999999999985736,1.588436235860098e-45,1.4264470655491133e-12
1.0362967015599154e-09,0.8580054134335108,0.14199458553019262
1.1485979814705233e-06,1.6071975778171395e-06,0.9999972442044408
1.0016182987684355e-05,5.443903659063785e-08,0.9999899293779757
1.7526953450620669e-15,0.9986698730189283,0.001330126981069883
1.3689057136715109e-05,2.5519301032044224e-08,0.9999862854235624
3.277638642172824e-37,1.0,2.951119268314792e-17
5.268560587084918e-05,8.999672338639056e-10,0.999947313494162
6.065837201554588e-19,0.9999849066929039,1.509330709618454e-05
0.999999811050791,6.696414868275683e-33,1.8894920897406586e-07
0.9999999999994587,6.6996201242143e-47,5.412961034999533e-13
5.297814725919863e-07,1.0804779035349698e-06,0.9999983897406238
0.9952943329017002,2.9897799521479093e-17,0.004705667098299728
0.0035856902528853198,1.0154908591187263e-11,0.9964143097369597
1.6988700705354267e-06,1.7800974549445434e-07,0.999998123120184
2.5100624205663447e-13,0.9759134440710842,0.024086555928664922
8.978402848142334e-06,1.1867978831069288e-08,0.999991009729173
0.999578279751832,6.451178647824436e-24,0.00042172024816791975
3.147768376267686e-07,1.5051580063057354e-06,0.999998180065156
3.885923555241646e-20,0.999999874194638,1.2580536208284207e-07
0.9922543208248557,2.053518268346848e-21,0.007745679175144317
0.9988728720440347,5.490885101915991e-24,0.0011271279559651438
0.9999999999883964,1.1084888363758888e-42,1.1603574772445717e-11
0.0003560359625228602,9.428453363224167e-11,0.9996439639431925
4.6099293306018636e-23,0.9999999981481851,1.8518150069603543e-09
0.9999995637708248,6.093989719078504e-31,4.3622917522349246e-07
0.9999999999998559,1.094554384778277e-47,1.4405912491298652e-13
4.81433834958983e-07,4.6570343769473875e-06,0.9999948615317882
2.7968427213096844e-22,0.9999999939735187,6.0264812371696065e-09
5.0064177882191185e-27,0.9999999999828115,1.7188557509627357e-11
7.89872022371659e-27,0.9999999999726217,2.737822174349776e-11
4.828968643290398e-05,1.4108636939167479e-09,0.9999517089027035
9.855999361999178e-05,5.802057993334949e-10,0.9999014394261743
2.605752820158417e-20,0.9999957670489171,4.232951082952903e-06
0.9996088552663023,3.9276247887275825e-25,0.00039114473369760924
9.721259576871702e-14,0.9994767452071399,0.0005232547927629071
1.8339220026451789e-16,0.9999658178585523,3.418214144756842e-05
0.999999975350602,2.4243659409802667e-34,2.464939801436988e-08
6.202994991188165e-07,8.455960545947498e-07,0.9999985341044463
4.315649058024922e-05,1.5141776568203636e-09,0.999956841995242
0.9960806370408696,5.756854795083245e-22,0.00391936295913037
7.677577850620098e-14,0.9651194761137115,0.03488052388621172
2.342656337940764e-21,0.9999999747490356,2.52509644749667e-08
5.0518342457447e-19,0.9999993620447005,6.379552994703721e-07
0.9999939309740921,5.968157024375341e-29,6.069025908022199e-06
2.6576117650293756e-07,3.199875338449662e-06,0.999996534363485
0.9999999999904334,5.926705892575452e-43,9.566500520247063e-12
0.9999999999999631,1.7114371371557928e-49,3.676739105237804e-14
0.0006144874516308198,5.4823813755157384e-11,0.9993855124935453
0.9999999999999822,4.2861951763784705e-50,1.7689894031612722e-14
0.9999092839669561,2.5496252562251547e-25,9.071603304386292e-05
0.9999999996554179,4.420729087219062e-39,3.4458206990013514e-10
1.190072579545575e-28,0.9999999999988225,1.1774267499662547e-12
0.00032231327737190584,2.5590616865413914e-10,0.999677686466722
0.005205757056023305,1.7731939673487695e-12,0.9947942429422034
1.5249248374470217e-32,0.9999999999999913,8.712442862148943e-15
0.0008151132400483445,1.0669943394151875e-11,0.9991848867492817
0.9995747711540477,3.371073817906847e-25,0.00042522884595230635
2.0907269664068718e-08,0.3932833398165137,0.6067166392762166
1.2742276182632924e-19,0.9999997584287474,2.4157125251276516e-07
2.7483263323681814e-17,0.9997452767481526,0.00025472325184740404
4.482215100268307e-16,0.9999773515329246,2.26484670750285e-05
1.4895299802889488e-07,2.3244849433553305e-05,0.9999766061975685
0.000390205656016736,7.347067606049595e-11,0.9996097942705126
0.0004443951659320394,4.671454489621119e-11,0.9995556047873534
9.323731436275585e-07,1.6311335248835266e-07,0.9999989045135039
0.9999999999998437,6.23000617364527e-48,1.5642550453713259e-13
2.762359118155236e-14,0.9997465636547096,0.0002534363452627367
8.149660734237695e-07,6.269628666567433e-07,0.9999985580710599
0.0002956161636755914,1.5080219535518406e-10,0.9997043836855222
0.9999999999835161,7.085541811310223e-42,1.648382582108322e-11
2.3430476771823257e-07,0.05922370798449865,0.9407760577107336
2.066585465764872e-15,0.9999155158455328,8.448415446510016e-05
3.593799481147095e-23,0.9999999421651835,5.7834816402739056e-08
0.9999999999999485,2.9112980039840234e-49,5.156672360904144e-14
0.00010417266957635514,2.559427259267825e-10,0.9998958270744809
0.9999999999914191,1.249378563974647e-43,8.580992965114784e-12
4.893305863379491e-22,0.9999999788017737,2.119822620363868e-08
6.875167982792316e-19,0.9999553135397724,4.4686460227465206e-05
1.679222975993579e-08,0.00010579764086530851,0.9998941855669049
0.9999999999961391,4.025095754281448e-43,3.8608606518184905e-12
2.236553305134877e-17,0.9998516272620553,0.00014837273794472393
0.019803298852295648,3.5654250092201774e-13,0.9801967011473478
0.9999999990776611,1.256576865365535e-37,9.223388528251863e-10
1.5702860711375702e-13,0.9616300628980686,0.03836993710177448
0.9999999999715659,3.351206722990441e-42,2.8434193183420017e-11
6.823676392552215e-19,0.9999992556360312,7.443639687694328e-07
1.40648574505374e-08,0.00032544104841338717,0.9996745448867291
1.0462005710683043e-25,0.9999999959665282,4.033471737722471e-09
0.9999999997736997,2.2871993499324432e-39,2.2630032431328862e-10
0.999948535971937,1.33575173036275e-26,5.146402806298499e-05
1.4881812701678388e-05,4.861942114787538e-08,0.9999850695678772
0.9999999999967413,3.6413767986579486e-45,3.2587369178569074e-12
3.597206797360142e-05,2.6679480523178556e-05,0.9999373484515032
0.9999910996945474,2.914452129428777e-28,8.900305452699415e-06
0.0010173624068111516,1.4239116339077755e-11,0.9989826375789498
1.4851158469604172e-16,0.9999919470489633,8.052951036439362e-06
5.898398253902983e-13,0.9981423289961275,0.0018576710032826176
3.427398941706437e-30,0.9999999999998732,1.2689553346383778e-13
1.3197667044000143e-26,0.9999999999784412,2.155882157706257e-11
0.9999999999999849,1.7904310739039358e-50,1.511152518980792e-14
0.9999999999947586,2.5049043499039827e-43,5.2414204636373095e-12
1.0681712320503649e-10,0.0934586288125108,0.906541371080672
4.1066696530300894e-18,0.999995971211908,4.028788092168141e-06
0.0010818279210526248,3.839524423593919e-11,0.9989181720405522
5.355955413157391e-23,0.9999999976861735,2.3138265315678933e-09
0.9994597442035589,2.1779874970057684e-24,0.0005402557964411915
5.100312118871295e-15,0.9974410481768131,0.002558951823181823
2.8717818599236388e-08,2.8106664984435598e-05,0.999971864617197
0.993160390379577,7.420452583446376e-22,0.006839609620422911
6.925462023518786e-30,0.9999999999996345,3.653909778293588e-13
2.04159162563921e-06,3.0129389671158403e-07,0.9999976571144777
2.89629368033244e-16,0.9999688410074558,3.115899254407448e-05
5.531686369609945e-38,1.0,4.763686866300624e-18
0.9999997362945794,6.916864070691682e-33,2.6370542051775776e-07
0.9999995311994645,2.5853897633705757e-32,4.688005355212921e-07
1.810659399144037e-05,2.205679756351835e-08,0.999981871349211
0.9999999993994564,1.4927286039474473e-35,6.005437025582786e-10
1.4533408093292684e-05,2.7335489895961455e-08,0.9999854392564168
0.015922364555207104,4.393423828788097e-14,0.984077635444749
1.5238444966154018e-07,0.07468029962056723,0.9253195479949832
0.9999999999984353,8.964609483732533e-46,1.5647642442065818e-12
0.9995063618238853,1.4251420566844626e-23,0.0004936381761146395
1.6073904280728347e-20,0.9999966660434816,3.333956518435311e-06
0.9999999311905551,4.109431335448976e-34,6.880944499312098e-08
3.517356331332975e-09,0.6565027161895332,0.3434972802931105
5.477806091070572e-26,0.9999999999456664,5.433360228125502e-11
4.2669107212183683e-10,0.8571712504301394,0.14282874914316954
0.9999999997938329,4.1395250709509725e-40,2.0616703355573626e-10
0.9999999987817891,1.4178618425271433e-37,1.218210845130338e-09
3.1881152286388972e-06,1.0042452110218596e-07,0.9999967114602503
0.9999999999947891,2.848086319197479e-43,5.210953674063098e-12
6.214468077192387e-25,0.9999999998303926,1.6960740572658396e-10
4.951124933008166e-14,0.9993181288857815,0.0006818711141689592
7.711505835984405e-38,1.0,9.631409322681635e-18
0.9999999999999767,7.791755069279167e-50,2.3411656121661464e-14
0.9999999986326915,4.04809449230712e-37,1.3673085504366104e-09
8.688879108489665e-10,0.01586934801700366,0.9841306511141085
0.9999999999967251,2.3295992315624173e-43,3.275000863457446e-12
0.9999999999984364,2.1268987889821578e-45,1.5636923437537242e-12
0.9999858402828007,3.2664567170912825e-28,1.4159717199280082e-05
0.9986182522096,4.7264225315394195e-23,0.0013817477903999712
2.888987537422418e-24,0.9999999990891077,9.108921903966478e-10
0.9999846733623934,2.1202376388708297e-27,1.5326637606699056e-05
2.211092945376336e-09,0.006490483865033932,0.9935095139238731
0.9997270370353948,1.7012267200686745e-25,0.00027296296460535145
0.0009163966688421811,1.8695046273000228e-10,0.9990836031442073
0.999999999989589,1.5852803220943913e-42,1.0410933800579224e-11
0.9999590714565423,3.260388146744514e-27,4.092854345776643e-05
4.416818677855402e-22,0.999999738452914,2.6154708593970706e-07
0.999999967581486,2.6505860944839286e-34,3.241851383634741e-08
0.999999999992297,4.036660605435805e-43,7.702973011869265e-12
2.1660098098828123e-10,0.022445461896528743,0.9775545378868703
1.2546366128307637e-05,1.1913499456386372e-08,0.9999874417203723
0.9999999985566626,5.997288022420991e-37,1.4433374579098837e-09
1.9075930499734873e-10,0.9533841056230637,0.0466158941861768
0.9999999999868043,1.67511851405102e-42,1.319569820866646e-11
0.0012054642274981324,7.458745160030634e-11,0.9987945356979144
8.487258885199421e-07,0.0016403752802026104,0.9983587759939088
0.9999990538791291,2.7304261469856505e-31,9.461208709937039e-07
0.0004567704140426271,7.37405744569047e-11,0.9995432295122167
0.9999999999829807,5.894428928530535e-42,1.7019192794640353e-11
2.6536197836960804e-06,7.215985258531569e-08,0.9999972742203637
0.9999132324267929,1.2821411999699404e-26,8.6767573207099e-05
1.7748219619255219e-07,5.894798620954973e-06,0.9999939277191828
8.556263572347571e-20,0.9999998402682626,1.597317374076248e-07
0.9992495937292621,1.1640413596929333e-23,0.0007504062707378207
6.098347784386818e-06,3.442098240606314e-08,0.9999938672312333
0.9999552659493446,1.4212866302494977e-26,4.4734050655358464e-05
1.4250435871285914e-17,0.9999960676799695,3.932320030546749e-06
1.520756117151471e-12,0.9243101125402385,0.07568988745824075
0.9999999999960558,2.712616336647841e-43,3.944175893778084e-12
6.167792710291709e-11,0.9695202389017122,0.03047976103660985
0.9999984247935984,3.425599065986099e-30,1.5752064016943466e-06
4.5054057428278356e-07,8.224951853833103e-07,0.9999987269642404
1.7073673944667815e-07,1.8300847881047986e-05,0.9999815284153795
0.00010166472017711505,6.229500714042497e-10,0.9998983346568728
2.963546581572582e-05,7.687149904347742e-09,0.9999703568470343
0.9999990680637553,1.8180733465572023e-29,9.319362448367454e-07
1.5575126790914286e-10,0.957106851740145,0.04289314810410375
8.444976740893573e-20,0.9999998130633475,1.8693665240981083e-07
0.007321960454950653,8.434014148788522e-12,0.9926780395366154
4.152417809765676e-06,0.0010552334118642652,0.9989406141703261
3.662407272649843e-06,3.3799917881655493e-08,0.9999963037928095
1.0652004263768383e-20,0.9999988613477839,1.1386522159978332e-06
0.9999999999999698,5.842683944187743e-50,3.0144538329355457e-14
4.958030067905342e-07,0.030727890066998616,0.9692716141299945
8.887875483268099e-06,0.00010271187985553072,0.9998884002446611
7.777885040577124e-07,1.0092386242120365e-07,0.9999991212876335
8.299830597126817e-05,4.1184703928327936e-10,0.9999170012821817
1.0498830891501918e-13,0.9994647572142624,0.0005352427856327321
7.339977844952871e-05,1.729479627555502e-10,0.9999266000486025
6.569430006598057e-08,2.582439521060916e-05,0.9999741099104894
3.877754187532705e-08,7.571770748870311e-05,0.9999242435149693
1.4076866531158964e-12,0.9381916397747697,0.06180836022382263
2.6112740879207333e-23,0.9999999967582287,3.2417712479549623e-09
0.9999999999992577,1.0276219646456437e-46,7.423867955866022e-13
2.596339371707427e-16,0.9999760716936459,2.3928306353962166e-05
1.1179179626829213e-14,0.9952821499956072,0.004717850004381627
1.4097793034928396e-06,1.7807897721619429e-06,0.9999968094309243
3.6799213785455023e-07,7.524260791852951e-07,0.999998879581783
0.0001320883563982529,7.162471178836023e-10,0.9998679109273547
0.9809100396393836,1.2476826353271226e-20,0.019089960360616515
2.237911056192255e-14,0.9997407703048233,0.00025922969515425234
0.9999481443587167,1.6382196976156662e-25,5.1855641283302974e-05
0.9996529915737962,1.0862906891453273e-24,0.00034700842620393667
0.9999999978407221,1.2986475670784294e-36,2.1592778531891574e-09
2.8035119936274506e-21,0.9999989389168765,1.0610831233740374e-06
7.028113989084895e-07,0.007916353320234189,0.9920829438683669
0.00013335378012994346,5.771300095497531e-06,0.9998608749197745
8.362624845990267e-23,0.9999999951533582,4.846641656768188e-09
8.502722479519197e-10,0.008742887783750139,0.9912571113659776
1.960641329845524e-24,0.9999999996854583,3.1454174372525114e-10
0.9999999999980578,8.462667634646673e-46,1.9422174921486694e-12
9.07458511100425e-06,4.986502066732369e-05,0.9999410603942216
0.999999999921833,6.828462494745432e-42,7.816702194883716e-11
1.2517321702942145e-08,7.564569907138562e-05,0.9999243417836068
0.9997525095225416,8.7357707663436e-25,0.00024749047745849153
8.340536501247816e-29,0.9999999999990083,9.916692430880773e-13
2.219436447522248e-27,0.9999999999885123,1.1487592884795679e-11
0.9999894064134404,9.254124058775297e-29,1.0593586559512519e-05
1.0397820510192778e-10,0.9402316177475448,0.05976838214847713
2.322419922701805e-18,0.9999706678574373,2.9332142562737324e-05
0.0006476853132434086,1.4893387912191305e-10,0.9993523145378228
0.0023591445189329726,8.132163101955096e-12,0.9976408554729349
8.759692369020948e-27,0.9999999999752043,2.4795744283576132e-11
1.303716580664841e-08,0.33410452660573353,0.6658954603571006
1.036302494670644e-25,0.999999999939863,6.013690114828524e-11
4.373053401993823e-31,0.9999999999999212,7.876111345184604e-14
0.976482848630367,5.66480000392597e-20,0.02351715136963298
0.9999876810183358,7.800103761403721e-29,1.2318981664253244e-05
3.487950706473101e-26,0.999999999937941,6.205892535146196e-11
9.51555009382955e-20,0.9999997377472224,2.622527774718558e-07
1.927424833032204e-18,0.9999990160079294,9.839920704953727e-07
2.462897330508627e-07,8.357573039065211e-06,0.9999913961372279
0.002250185607921782,4.48883009944523e-11,0.9977498143471899
0.9999901663518993,1.6698041764154041e-28,9.833648100589882e-06
0.9999999999858162,1.3183435471626768e-43,1.4183832758468868e-11
3.221810064696567e-35,0.9999999999999998,2.387732726631285e-16
1.1432692490505375e-19,0.9999997859732902,2.1402670987806224e-07
2.8236240596072375e-30,0.9999999999966227,3.3772299123246624e-12
0.9999901434572013,3.477529596552512e-29,9.856542798779877e-06
0.00047487622194251943,9.224239549219487e-11,0.999525123685815
3.803891153679438e-13,0.9294894132353257,0.07051058676429389
0.9999990820762744,1.4492594285733396e-30,9.179237256520899e-07
3.3819580711854785e-07,9.081348043284878e-06,0.9999905804561496
0.9999999994248325,3.5444855552806675e-39,5.751674985295836e-10
8.314401457005762e-26,0.9999999999238511,7.61488635436807e-11
3.041159767122632e-31,0.9999999999999554,4.4647722483165886e-14
2.0026108078531907e-32,0.9999999999999865,1.3489844634188123e-14
0.9998496151016046,1.2214934952435788e-25,0.0001503848983953709
3.906106932304219e-23,0.9999999977695848,2.2304150798097045e-09
0.9999999999968721,2.6384741583429264e-43,3.1278959441200304e-12
0.0005263724717655842,1.8610073666451365e-10,0.9994736273421337
2.8675703919950492e-05,7.498384625123749e-09,0.9999713167976954
0.9999999997464508,2.0055136347311263e-39,2.5354926572054793e-10
5.535671385321766e-22,0.999999984421609,1.557839108243483e-08
0.9999999999968976,1.5197335896439744e-43,3.102447224121779e-12
8.582975810221545e-08,8.504149500437875e-06,0.9999914100207415
7.006095378303002e-13,0.9979117775155779,0.0020882224837214494
0.9999999999999138,1.0587065301074524e-48,8.614952691606748e-14
3.9328782596422874e-07,0.007703060219574071,0.9922965464926
3.8557789130534327e-07,1.2519455358492561e-06,0.9999983624765728
0.9955669810949388,7.108562336703918e-22,0.004433018905061157
0.9895048286311817,2.81528169038327e-21,0.010495171368818406
0.0051058520826494525,2.2016701288992255e-12,0.994894147915149
5.643138523887413e-17,0.9999898137702525,1.0186229747543139e-05
1.06811024774048e-07,1.544062985165876e-05,0.9999844525591235
2.019475981979495e-10,0.07614303680747883,0.9238569629905735
9.337346361696714e-24,0.9999999988232899,1.1767101214031767e-09
0.9999999999999334,1.1306554989402441e-48,6.657814272783207e-14
0.9891693642665095,4.7840688654189994e-21,0.010830635733490421
7.457219543483593e-27,0.9999999999855382,1.4461860731727093e-11
0.9999970071830996,3.315145002579314e-30,2.9928169003168774e-06
1.2187841646914406e-30,0.999999999999907,9.310178357862438e-14
0.9999999999997415,1.3392685619973361e-47,2.5851249291515227e-13
0.00011823922195025161,5.772749821949596e-10,0.9998817602007749
3.058303190737744e-07,2.276094663831291e-06,0.9999974180750172
8.130021781249214e-09,0.0009425830741299687,0.9990574087958484
0.999999999999956,1.168186025098285e-49,4.404394997852962e-14
9.65310601815228e-07,0.0012302219568677574,0.9987688127325305
3.16162471082595e-27,0.999999999984188,1.5812098275967167e-11
4.7452295291706856e-27,0.9999999999914937,8.506205398013146e-12
0.9999995906461,5.294572259957242e-32,4.093538999800505e-07
0.9951266924726575,4.272652410381691e-22,0.004873307527342535
0.9999321208972198,4.2158436597854846e-26,6.787910278018877e-05
8.894803001386452e-22,0.9999999885670651,1.1432934808022852e-08
0.9993063924050145,3.310106360886594e-24,0.0006936075949856266
3.199655338206618e-09,0.0006161743778612447,0.9993838224224834
3.1285338603848267e-07,1.599534601217261e-06,0.9999980876120126
1.5959830729767944e-09,0.758525365647203,0.24147463275681397
6.120350857954598e-09,0.0006802681904556642,0.9993197256891935
1.8535330927846304e-10,0.09558575076269647,0.9044142490519502
0.9999999999882989,2.264076734309506e-42,1.1700982517462591e-11
0.9999520337249204,1.05028643544715e-27,4.7966275079771544e-05
0.9999999999968157,1.419525466256353e-43,3.1842577028265883e-12
1.8556099899957385e-06,0.00031854181562837233,0.9996796025743816
4.293392768582311e-06,2.068372671577374e-08,0.9999956859235046
0.999871790483827,1.04651767867927e-25,0.00012820951617289577
1.0288335679858097e-06,0.0031019092716744147,0.9968970618947576
0.9999999999932403,1.7401955613411346e-43,6.759702653161156e-12
1.0123644948483782e-32,0.9999999999999909,9.157221634922229e-15
4.502628845811474e-09,0.0047909680984526345,0.9952090273989184
0.9999466100852704,5.4944272568359666e-27,5.33899147295737e-05
0.9999999999617526,1.518308070087166e-42,3.8247363187041124e-11
0.9999999999999687,8.568181002185627e-50,3.1330384509839886e-14
0.9999999991299462,5.971372738808043e-38,8.700537639566016e-10
0.9999999999979063,2.834922488501262e-45,2.0937659285746783e-12
0.9852249351577559,1.6468282671670026e-20,0.014775064842244197
0.9999993109835623,5.201087492853524e-31,6.890164376306903e-07
1.3688785924284753e-05,1.8201173744751493e-08,0.9999862930129019
1.8901038583166634e-08,0.0002811402772153062,0.9997188408217461
7.069285346428575e-23,0.9999999207116338,7.928836626666932e-08
0.9999999857263231,3.834013119647844e-36,1.4273676911141313e-08
1.3394992547483248e-31,0.9999999999999785,2.162140661577009e-14
2.514521737828779e-05,5.139831743597344e-09,0.9999748496427899
6.948394831724183e-05,1.8668883000831553e-05,0.999911847168682
1.472943029247275e-08,0.0002978154632116702,0.999702169807358
5.384373092494168e-07,0.009930224242419473,0.9900692373202713
0.9999999999880502,1.3294559198180402e-42,1.1949769892030628e-11
1.695499369268628e-05,2.5382223036743907e-09,0.999983042468085
6.325700722879348e-09,0.00034368580611074195,0.9996563078681885
4.694370923194321e-06,0.0009499838006387575,0.999045321828438
1.721972012186527e-17,0.9997784039641543,0.00022159603584564867
0.9999748800801426,1.0154033733622998e-26,2.5119919857459274e-05
0.9999590272425424,2.8689771592502952e-27,4.097275745749996e-05
0.9999999993784701,1.144275277563868e-37,6.215299617923959e-10
0.9999974427768301,1.908493494306861e-30,2.5572231699110313e-06
1.8629124295529569e-13,0.9987865166125455,0.0012134833872682813
0.9999999999808098,1.4110538299499234e-43,1.919012469276187e-11
0.0001949631457119178,1.2628949380246466e-10,0.9998050367279987
0.9999999999906697,1.2720239938395795e-42,9.330263403340761e-12
1.810392177985596e-28,0.9999999999986786,1.3213410323108758e-12
0.9998045107923486,2.0704908612074364e-25,0.00019548920765148292
0.9999992106150816,1.3423737925522427e-30,7.893849184055811e-07
0.9999728950162143,1.7048455939157146e-27,2.710498378575764e-05
9.894208261092214e-17,0.9999737866122216,2.621338777842499e-05
1.1370514162958748e-26,0.9999999999702951,2.970494488458223e-11
1.1785254602216998e-30,0.9999999999998961,1.039507918074058e-13
1.6151851351545588e-07,0.04544014742130035,0.954559691060186
0.9999999999999658,1.3522018572677473e-49,3.4270166884141145e-14
2.237662267107979e-05,1.85956120483375e-08,0.9999776047817168
3.0575924967765994e-33,0.9999999999999964,3.6204076575271155e-15
0.002305636725701313,3.457455021933883e-11,0.9976943632397242
0.9999999999961793,5.438404391736762e-43,3.8207952961147025e-12
1.864048765316859e-05,4.459399673234259e-09,0.9999813550529473
8.201007898988522e-24,0.9999999980608256,1.9391744063406796e-09
1.0013823820060468e-28,0.9999999999231484,7.68515696986636e-11
0.0016486732205198444,1.343886039509526e-11,0.9983513267660412
1.0768275621414592e-13,0.9990848165235753,0.0009151834763172109
0.9999999999995244,1.9613372170345924e-47,4.755996983072743e-13
0.9983180961495608,3.024831921889185e-23,0.0016819038504391594
0.0008348799949364154,2.912311847633491e-07,0.9991648287738787
0.9999999998712075,2.214079257766691e-40,1.2879256154211086e-10
4.6513392166394334e-06,4.980728951372471e-08,0.9999952988534938
2.4484782173651138e-19,0.999992067051615,7.932948384926824e-06
1.2495810558819224e-11,0.9894174250066028,0.010582574980901375
1.132039324237479e-19,0.9999954384630833,4.561536916731111e-06
1.904742692812543e-26,0.9999999999772673,2.2732614401607838e-11
2.086794601688032e-06,0.00018836464382146898,0.9998095485615769
6.643080173931201e-19,0.999999293319892,7.06680107964385e-07
4.508971136480013e-06,2.343764555427765e-08,0.9999954675912178
7.064128315888156e-14,0.9994681593626004,0.0005318406373289663
3.94722057696818e-17,0.99985194314216,0.00014805685784000894
0.9999999999665208,2.6677969252075747e-41,3.3479182129370876e-11
1.1936671500831003e-20,0.999999894995525,1.0500447493278561e-07
8.315447001298475e-15,0.9998612832658448,0.00013871673414689824
1.4348382119857484e-31,0.9999999999994205,5.7949661680373e-13
1.0162884132949736e-09,0.008712238646674532,0.9912877603370369
2.773195906299547e-22,0.9999999900567004,9.943299735303703e-09
0.999999794950024,7.87110980494957e-33,2.050499760238072e-07
4.151558045190665e-05,5.903095487518864e-10,0.9999584838292385
2.1119068398900108e-26,0.9999999999785938,2.1406320600717136e-11
0.999999999498902,2.8477571864575274e-38,5.010979572547031e-10
8.771691738549039e-36,1.0,9.08485964754244e-17
7.968515198335153e-06,1.0105682886032932e-08,0.9999920213791187
0.0008150667930821573,9.309797633240923e-11,0.99918493311382
9.66129590853177e-37,1.0,1.962302168562611e-17
1.1712547187289815e-16,0.9998070602646576,0.00019293973534220853
6.96220131624412e-27,0.9999999999690583,3.0941688706364076e-11
5.162076990530941e-16,0.9983204415949678,0.001679558405031797
3.163416395286914e-07,1.8665016230781372e-06,0.9999978171567374
0.9999999999542428,5.326045569455159e-42,4.5757230723484413e-11
3.778678649579032e-14,0.9997006907634659,0.0002993092364964427
0.99999999988913,3.1075052853100767e-41,1.108700077809202e-10
0.9994832641020936,8.873044919171893e-24,0.0005167358979063939
0.999999989007292,2.4867215887055735e-36,1.0992707856981315e-08
2.590927599701618e-33,0.9999999999999951,4.990367596708567e-15
0.999999999997657,1.2918506471314808e-43,2.3429629603187296e-12
1.6571631505728634e-31,0.9999999999999725,2.7521554973834957e-14
0.9999995750285734,1.1255486149130764e-31,4.24971426724968e-07
1.6149235029718723e-23,0.9999999980827541,1.917245922335618e-09
1.0747192474291744e-05,3.8401127334135315e-05,0.9999508516801916
2.5960811686894884e-34,0.9999999999999993,6.112829748998968e-16
1.923706946154199e-06,8.82679164426145e-08,0.9999979880251375
9.033283697695936e-18,0.9998817449147881,0.00011825508521200744
0.9999999999999452,3.2417668554705467e-49,5.4954027215717835e-14
2.50639058892087e-25,0.9999999998616744,1.3832568160147217e-10
5.5052001674561964e-08,8.17349957444397e-05,0.9999182099522539
1.0791615915490879e-16,0.9996535134217364,0.0003464865782636519
3.1446049480521834e-07,1.4691886226147323e-05,0.9999849936532792
2.8483729141792338e-06,6.44892272264788e-08,0.9999970871378585
0.9999999999969265,2.146576578777123e-43,3.073519732343411e-12
1.679272970017574e-10,0.10297704703467789,0.8970229527973949
2.0247962573939346e-11,0.9797599312125264,0.020240068767225474
0.9999025887026614,3.414155989260189e-25,9.741129733865785e-05
0.9999999991495487,3.4264748552145095e-38,8.504512644808755e-10
4.1374258968681764e-07,6.339240994657194e-07,0.9999989523333108
0.9735957720223587,3.737415243205173e-20,0.026404227977641193
0.9204974153276934,9.012221735790052e-19,0.07950258467230674
7.944022799189417e-08,0.1521599755235954,0.8478399450361765
3.649077901978804e-09,0.004097460900821547,0.9959025354501005
1.4115228412612637e-21,0.999999673817779,3.261822210633216e-07
1.2975593248198983e-19,0.9999947017998072,5.298200192797852e-06
0.00011402303037337682,3.772926414731701e-10,0.999885976592334
0.9227069614257725,7.877627721538216e-19,0.07729303857422763
0.9999999999019935,1.0554017715236811e-40,9.80066003906009e-11
2.10818319596794e-06,0.0009109110397117053,0.9990869807770923
0.9999999879032272,3.743928617341227e-35,1.2096772711679153e-08
0.9999999999999727,8.01031377539402e-50,2.7378584903595544e-14
1.4966732292695145e-36,1.0,4.889119845995257e-17
1.2231061476260925e-18,0.9999983748540578,1.6251459422600627e-06
2.4770354361254782e-20,0.9999999447998705,5.520012943191976e-08
1.251035753286058e-08,0.4336014579078699,0.5663985295817726
1.1275575283911852e-05,0.0005820791872259914,0.9994066452374902
1.8774401875453323e-09,0.7517146566281032,0.24828534149445658
0.0001376938199035755,1.5601637233868879e-10,0.9998623060240801
6.803497293278207e-11,0.1146768393792778,0.8853231605526872
5.338059812375143e-10,0.004672590740900666,0.9953274087252935
0.0001454267063803546,5.363340648701119e-06,0.9998492099529709
8.962780996723971e-06,2.984726563727571e-08,0.9999910073717376
0.9999999999999853,1.3394984508230773e-50,1.470761691979488e-14
0.9999999472502442,1.8055887901327833e-34,5.2749755781623935e-08
0.9999999999966662,2.5284148098968047e-45,3.3338696425875736e-12
1.6842332941626013e-14,0.9996216410389861,0.00037835896099699566
1.2993836882665588e-19,0.9999994964548664,5.035451336809048e-07
7.919598601757849e-05,2.1971114013831645e-06,0.9999186069025809
2.1587935563416617e-09,0.782782724331037,0.2172172735101696
3.550214570982306e-31,0.9999999999999476,5.2311235608415295e-14
1.0186305299676296e-37,1.0,8.133480885261686e-18
0.9737371388776859,3.2943058911036124e-20,0.026262861122314206
7.611312818394912e-15,0.9998394456011501,0.0001605543988422985
5.730792646677011e-05,4.416345112240726e-09,0.9999426876571881
0.9999822095588319,2.441339893705941e-28,1.7790441168053512e-05
0.9989696480421927,7.4868790953305005e-25,0.0010303519578071896
0.991277978316842,4.703711889389262e-21,0.008722021683158094
0.00024953692888973674,6.261683699599646e-10,0.999750462444942
1.552668121973746e-30,0.9999999999997773,2.2269388681418352e-13
2.660644191696785e-09,0.001901228715339523,0.9980987686240164
1.7251834586918619e-18,0.9999432421675519,5.6757832447982385e-05
1.0219816865611013e-07,0.04148204679890337,0.958517851002928
0.9999998788852473,2.6497085449655502e-33,1.2111475262025773e-07
2.1139485480831299e-22,0.9999999963262187,3.673781210406314e-09
0.9999424457855114,2.5799373035284602e-27,5.7554214488598464e-05
0.9999999999997853,4.82053803225623e-48,2.147011876708823e-13
9.18417551120388e-27,0.9999999999859788,1.4021187235619472e-11
0.9851111000867712,1.3871310261933212e-20,0.014888899913228696
0.9997534325342463,1.9997927674005154e-24,0.00024656746575379583
3.415056950493776e-20,0.9999999269348425,7.306515741951423e-08
1.8284506243078693e-09,0.006604232554070118,0.9933957656174792
2.3743151829248924e-05,5.2776441026674135e-09,0.9999762515705266
0.9999895748967205,4.235086205449464e-29,1.0425103279478942e-05
5.922530960298216e-19,0.9999763814821945,2.3618517805574734e-05
7.498568815406553e-06,1.772554039123779e-08,0.9999924837056443
0.9999999609376367,1.147545218794811e-34,3.906236326476349e-08
0.9995635340297153,2.845533229272538e-24,0.0004364659702846596
1.175194158928488e-21,0.9999999746440416,2.535595840173872e-08
0.9998094077739331,9.356019024484223e-25,0.00019059222606683933
0.0031496097650871614,2.0176511518664352e-11,0.9968503902147364
4.4510641297547077e-20,0.9999973979196035,2.6020803964444184e-06
1.553140393165857e-08,0.000128740024366128,0.9998712444442299
0.9999648193127854,9.692471950159024e-27,3.518068721467074e-05
8.433156177023607e-06,3.661365199264688e-09,0.9999915631824577
3.470465944552606e-21,0.9999992920730734,7.079269265743325e-07
0.9999965509426147,2.7569930083300097e-29,3.449057385161502e-06
1.3656937152978522e-09,0.7622698016159922,0.23773019701831397
1.5588677429703174e-06,1.6000524529583753e-07,0.9999982811270118
5.101690733091301e-18,0.9999981545349856,1.845465014246751e-06
6.634205436487361e-07,3.4916820994054564e-06,0.999995844897357
0.9999979947311902,4.196864724524527e-30,2.005268809891135e-06
3.0915618785924017e-22,0.9999999932455015,6.754498513548914e-09
0.9999999999999851,1.3337751305502126e-50,1.4893380485429582e-14
5.215080529493507e-24,0.9999999993402118,6.597882588501197e-10
2.379114231025809e-19,0.9999844939897384,1.550601026155477e-05
0.9999999999993949,1.764806594638639e-46,6.050050345759627e-13
0.9878678985700471,1.9010531336036103e-20,0.01213210142995276
8.882902863473294e-09,0.00030034587571253985,0.9996996452413845
0.999598217155079,1.5505079847584432e-24,0.0004017828449210493
0.002067340108581748,1.312140390248971e-11,0.9979326598782969
2.9792173582312724e-23,0.9999999973852187,2.6147813524636685e-09
1.4975468944883714e-13,0.999319695975483,0.0006803040243670968
5.5673543755367165e-31,0.9999999999999536,4.645500687889213e-14
4.129660392278614e-05,7.98118836877321e-06,0.9999507222077085
0.0002752565883367897,5.1295769246665666e-11,0.9997247433603675
0.9999806604514937,1.4891710463590474e-28,1.933954850619495e-05
2.1858973491986437e-19,0.99999971965964,2.80340359997256e-07
4.906255754735071e-25,0.9999999998409896,1.5901027919252387e-10
3.897023429522643e-18,0.9998701029685217,0.00012989703147821857
3.835194014356881e-26,0.9999999999684013,3.1598738104639673e-11
0.9999999999999842,3.8048637743968834e-50,1.5671076016480904e-14
1.2174125490944583e-09,0.0026750979321674582,0.99732490085042
6.872165471411069e-05,8.289369764038108e-10,0.9999312775163489
2.0871233180850745e-16,0.99997096221639,2.9037783609814318e-05
1.1576607900852551e-08,0.0001478620479158969,0.9998521263754763
5.833836817556836e-07,0.010601265616996118,0.9893981509993222
0.9996099467132564,7.446602072117402e-25,0.00039005328674361086
0.999626811121335,1.811921424578587e-24,0.0003731888786649697
7.20924586648762e-27,0.9999999999894047,1.0595207111312453e-11
1.473288782135506e-32,0.9999999999998159,1.8399675914931626e-13
0.9999930785464645,1.1820119072042443e-28,6.921453535691282e-06
0.99973443425994,2.2206104805121205e-25,0.0002655657400600841
0.999999999999994,4.4086037294577276e-51,6.1058455749310555e-15
0.9999999999960771,2.26739812419245e-43,3.922878180461162e-12
0.9999999985135648,9.911804498370686e-39,1.4864352033951845e-09
0.9999979898218517,3.740236237102042e-31,2.01017814823115e-06
9.491225057674323e-25,0.9999999997858098,2.141902946950686e-10
0.9999999999999591,1.0707458157601683e-49,4.0793026522822595e-14
6.330860985568523e-11,0.9868466259602326,0.013153373976458821
1.0540207654245325e-06,0.001517112688722062,0.9984818332905125
1.0431447498789742e-06,0.000574879497225114,0.9994240773580251
0.00018909869148028166,9.230178192967044e-10,0.9998109003855019
1.17668824270115e-07,0.2231453851185961,0.7768544972125797
0.9999845577927651,2.4755718497428427e-27,1.5442207234916072e-05
1.7270425128452183e-27,0.9999999999935048,6.4951466065386534e-12
1.820124660067904e-20,0.9999999395733886,6.04266114054086e-08
0.9999999969319258,1.2685763674314592e-36,3.0680742063336676e-09
2.2291117463273522e-13,0.9984812977848391,0.0015187022149380515
5.995340448273859e-33,0.9999999999999973,2.7606840917495773e-15
2.94651041030624e-06,4.521790691999791e-07,0.9999966013105205
0.5234737626873689,6.167477337993023e-12,0.47652623730646365
0.00015439759213395783,2.9299263811718825e-10,0.9998456021148735
0.9999999999715852,1.9528777182828186e-42,2.8414846963670976e-11
1.6325908492805894e-11,0.28228181062013535,0.7177181893635387
2.8930036396369923e-06,1.3240770906509084e-07,0.9999969745886512
1.525041048227792e-09,0.002928067000243399,0.9970719314747156
0.9999999946506901,9.421258514439178e-37,5.34930981741394e-09
2.446462118047732e-36,1.0,3.657762978642969e-17
0.9999534571089697,1.3756039947759573e-26,4.654289103035391e-05
9.395675806494486e-07,0.002750064778416764,0.9972489956540025
0.998433115984168,4.889654207048494e-24,0.0015668840158319932
0.0004678415556122096,3.481174421193671e-10,0.9995321580962704
7.70944412433185e-05,1.9655946359169505e-09,0.9999229035931622
0.9999386116935207,2.031260022002908e-27,6.138830647924121e-05
5.66114812730532e-24,0.9999999992584605,7.415394047558361e-10
0.9997194251579965,3.1180156659077173e-24,0.00028057484200351017
0.0018396640568830492,1.7647722062463938e-11,0.9981603359254693
0.0004582984151588468,3.109454650710561e-11,0.9995417015537466
1.994734276891575e-21,0.9999999819631847,1.803681537813048e-08
7.894851905977187e-16,0.9999709115035477,2.9088496451521656e-05
0.9999999999999885,1.2997687930338452e-50,1.1450611497151758e-14
2.70106064493881e-08,6.166610208441674e-05,0.9999383068873092
1.276157600431119e-07,2.2800202687723484e-06,0.9999975923639712
0.9999998971526703,2.2127689821023264e-33,1.0284732953664771e-07
5.821703771432655e-07,4.3086664506639335e-07,0.9999989869629777
4.388679001751562e-06,0.00015581341235458866,0.9998397979086436
0.9999631233727063,1.1818621957910971e-27,3.687662729364464e-05
3.7790726534388006e-05,1.1648832914680573e-08,0.9999621976246328
8.04567134407244e-06,1.1899434950074519e-08,0.999991942429221
4.904383274932698e-07,2.838293261591821e-07,0.9999992257323465
0.9999785428773679,5.372980350509398e-27,2.1457122632133236e-05
1.7480298543298138e-20,0.9999958788947805,4.121105219390936e-06
1.2353956971363818e-12,0.9981618366058701,0.0018381633928944972
1.2494346260527726e-08,9.500503374955726e-05,0.9999049824719043
0.9999902740730904,2.8551055707365477e-28,9.725926909667268e-06
0.9999999994578397,1.7471534269410254e-38,5.421602227069725e-10
1.5036213556696519e-09,0.8287334870758731,0.17126651142050547
1.1545668002770424e-06,3.498394422681066e-07,0.9999984955937574
3.7626761413407115e-10,0.8222441696460251,0.17775582997770717
0.999993676613785,2.0852166450768476e-29,6.323386214869253e-06
0.9999999999925127,3.1437374884799202e-43,7.487405922309124e-12
0.9999887713768021,2.678847929737193e-28,1.1228623197891417e-05
0.0015711648983392618,3.9230122614631335e-11,0.9984288350624305
0.9999999997179443,1.0907844050116139e-38,2.820556435804905e-10
1.3024198642340796e-26,0.9999999999774472,2.2552823686107156e-11
0.999999678977284,8.578753459465028e-32,3.210227159475614e-07
8.423927503756116e-18,0.9999967403805191,3.2596194808210058e-06
1.4285067732716412e-37,1.0,9.586415992929016e-18
0.9846920135284041,4.503919777025736e-21,0.015307986471595989
8.891063050189602e-10,0.004401292874367818,0.9955987062365259
0.9999999999502529,9.693790603564006e-42,4.974706207080888e-11
4.7407886645137865e-36,1.0,6.046602549429171e-17
2.1338347522727593e-05,2.3309977458377865e-05,0.999955351675019
0.99999999999744,2.025960671494489e-45,2.560025552570722e-12
1.0418360967786052e-33,0.9999999999999973,2.6479963950031415e-15
0.9999999999999911,1.1781338209601381e-50,8.795176377938391e-15
0.9999999887860515,2.1268185100413358e-35,1.1213948464635065e-08
1.983013377846766e-07,0.04185509888914588,0.9581447028095162
3.08368753014351e-06,7.313241461665514e-08,0.9999968431800552
0.9999899274115779,5.449281105735505e-29,1.0072588422149e-05
7.654960477647423e-11,0.9716064143372163,0.028393585586234206
7.162245589673238e-10,0.8568727629043249,0.14312723637945043
0.9999999999999913,1.0176058506195948e-50,8.70279638960826e-15
0.999999999994758,8.80785533997161e-43,5.242049276664535e-12
1.597016651687283e-10,0.9241876744633543,0.07581232537694395
0.9999999999999845,2.4860488985673253e-50,1.5628100070894617e-14
3.9167030648513566e-19,0.9999995410478241,4.5895217595634913e-07
0.000952902590464585,3.292622887926081e-11,0.9990470973766091
0.9999999999999933,4.8250335665147054e-51,6.771139171599381e-15
1.0462335430974611e-10,0.9471677172652265,0.05283228263014998
3.540474181089393e-05,6.095920863660443e-09,0.9999645891622682
5.396833626355247e-10,0.07136983437978271,0.928630165080534
3.7493067957060595e-09,0.774423265656576,0.22557673059411712
2.9368471205861216e-06,9.426394630673564e-08,0.9999969688889331
0.9992627153087894,3.574846059745284e-24,0.0007372846912105155
8.635846204181326e-07,5.194279153877738e-07,0.9999986169874642
8.413671649877117e-06,0.00010126063264498385,0.9998903256957051
0.9999999463578271,1.6203195866516525e-33,5.364217294030786e-08
2.865199195555872e-19,0.9999992839114081,7.160885919339732e-07
2.294094921938481e-08,0.0007896934176831787,0.9992102836413677
2.3501272738968933e-19,0.9999996587831254,3.412168747771876e-07
0.999999999999994,6.907255497107989e-51,6.032544588113183e-15
8.606210633393086e-15,0.9948789421734354,0.005121057826555975
3.27440383828745e-08,0.15634609077298034,0.8436538764829814
1.8507239888344403e-08,9.673945453392494e-05,0.9999032420382262
1.3958038099038886e-10,0.08848726088204753,0.9115127389783722
4.58679448306217e-28,0.9999999999949973,5.0025750794497776e-12
0.003139321851698169,7.735649926726154e-12,0.9968606781405662
2.7076589780062863e-08,0.19512942588951848,0.8048705470338918
9.8968717323735e-15,0.99985865982579,0.0001413401741999418
5.33899238841603e-10,0.015279625317905172,0.9847203741481956
2.935460525776908e-17,0.9999944476033834,5.552396616464855e-06
2.2399284076344297e-21,0.9999999448918441,5.5108155942651776e-08
0.9999999849116108,7.207796648464993e-35,1.5088389164568745e-08
0.999999999997456,7.517051658718211e-44,2.544037681185355e-12
0.9999999999986087,3.820254827644177e-46,1.3912371587545123e-12
2.542201236760644e-07,3.626438445677504e-06,0.9999961193414307
5.193466261164537e-35,0.9999999999999998,1.731175895767679e-16
0.9974995414986434,1.8528441042363777e-22,0.002500458501356642
2.949261500736033e-14,0.9991434451827127,0.0008565548172577272
4.647561987824854e-20,0.999999838169336,1.618306639449842e-07
0.9999999581995014,6.486605792723675e-35,4.180049854728079e-08
0.999997988281214,5.501204397162288e-31,2.0117187859521082e-06
0.9997803384587604,5.8105238191656685e-25,0.00021966154123965564
0.9999991859759678,1.1467435739932132e-30,8.140240320801471e-07
0.0005204671510627886,1.1936287991706098e-10,0.9994795327295745
1.1880043382797607e-05,5.973843627210823e-08,0.9999880602181809
0.9999990195999204,1.9284438594001375e-31,9.8040007959002e-07
2.250918006373325e-06,3.263612558828468e-08,0.9999977164458681
1.786961299705066e-30,0.9999999999999258,7.413256227230691e-14
1.183278437213793e-12,0.9944163381748607,0.005583661823955976
0.9999999040191884,3.3504148119040425e-32,9.598081154881167e-08
0.9999950653578441,8.725311338150564e-29,4.934642155931102e-06
1.0156451519362292e-23,0.9999999981981711,1.8018288271563966e-09
1.9358074341727533e-13,0.9983035826842196,0.001696417315586846
8.893646500917396e-29,0.9999999999989004,1.0996397591526115e-12
3.373441968828653e-23,0.9999999938789605,6.1210394817028286e-09
7.010610085531218e-07,0.005600652189816068,0.9943986467491753
0.9999583301583885,4.5807947814994624e-27,4.166984161140932e-05
0.9999999587513809,1.470704233664115e-34,4.124861895325818e-08
0.999650516985352,2.906399104699035e-25,0.00034948301464795027
0.9318011003645768,1.0336091272281094e-19,0.06819889963542326
4.705147003458656e-10,0.0211680111332375,0.9788319883962477
6.831501119391295e-20,0.9999949974107778,5.002589222132564e-06
0.0010347053804103967,1.5914647766751003e-10,0.9989652944604431
0.9998399661804795,2.2833724359903673e-24,0.00016003381952046626
7.2423119307105964e-12,0.9901188853389635,0.009881114653794227
3.5564295214548e-12,0.7923379805756634,0.20766201942078005
9.881761576492521e-08,0.05052759066774429,0.9494723105146401
1.0365884172064815e-19,0.9999866580451423,1.3341954857739875e-05
0.9999999994472386,5.676017190571449e-38,5.52761353590446e-10
2.7830805700786295e-19,0.9999858281779637,1.4171822036377303e-05
1.271072332529783e-06,1.464726702904633e-07,0.9999985824549972
0.9999999116170979,7.573185991199144e-33,8.838290213913417e-08
0.99999999989691,4.686085571348652e-40,1.0308998605202441e-10
6.293065635314517e-14,0.9995231272847039,0.00047687271523293287
2.71542447508372e-28,0.9999999999957854,4.214599138896706e-12
0.9999637324147636,1.1221392403282093e-26,3.6267585236491386e-05
9.11048621464356e-12,0.983158841477223,0.016841158513666393
0.999999999927969,2.0583519960756637e-40,7.203115777152471e-11
0.0031845021369237333,8.6317697869839e-12,0.9968154978544446
3.177710738331655e-07,1.8047446917054106e-06,0.9999978774842344
0.0008454597824238749,1.6780962791925033e-07,0.9991543724079481
2.1375051259835712e-08,0.0001526413363493467,0.9998473372885994
3.871393553077657e-09,0.0031793303847874477,0.996820665743819
4.827663147507679e-16,0.9999493592178761,5.0640782123496816e-05
0.9999999999985945,1.0513892143808695e-45,1.4055754040840953e-12
1.8972050967818663e-08,0.4417695968060124,0.5582303842219366
1.1648893202757039e-07,3.091292157038199e-06,0.9999967922189109
0.00848945077561743,1.93806444843431e-12,0.9915105492224444
0.9998778756677881,5.52249904721622e-26,0.0001221243322120142
6.196224423986396e-08,3.847016009213219e-05,0.9999614678776636
6.707023054724771e-09,0.002174509546025673,0.9978254837469512
2.454759333792613e-07,0.024346026484085063,0.9756537280399815
1.2268057966195279e-20,0.9999999316461445,6.835385547905345e-08
2.740681546598904e-09,0.0016401261580388533,0.9983598711012797
0.9999999983499916,1.0010037391615818e-37,1.6500083454850667e-09
0.9999996760764188,1.1839379169868395e-32,3.239235812068397e-07
9.693389031762122e-10,0.8362333691505235,0.16376662988013757
3.6682981563978777e-19,0.999964781957003,3.521804299704625e-05
2.4525003298408996e-15,0.9999408872126803,5.911278731739024e-05
0.9999999879560072,1.7945292741544108e-34,1.204399272157756e-08
0.9999999999998495,9.845251166512103e-48,1.5062108969294018e-13
3.0950707347637443e-19,0.9999907560770837,9.243922916207143e-06
1.0489623328261783e-06,4.244173461875388e-07,0.999998526620321
1.584572484669149e-21,0.9999999676583405,3.234165934255513e-08
0.00033718375410959217,5.849964317552213e-11,0.9996628161873907
0.00016962637632954376,2.4747524059729554e-10,0.9998303733761953
0.01692870108576869,1.9390950516879e-09,0.9830712969751362
3.375916342687805e-07,7.6196080540073595e-06,0.9999920428003117
8.120434394913334e-23,0.9999998170570888,1.829429111486542e-07
3.5797343454942004e-23,0.9999999974693048,2.530695174595723e-09
0.002041278434856744,8.654601882881364e-12,0.9979587215564887
1.4527666397961934e-05,3.975318694063743e-09,0.9999854683582833
3.6303827592075287e-22,0.9999999936067661,6.393233901578185e-09
0.0029800331183957502,3.679708711746116e-11,0.9970199668448071
0.9999999999814861,5.059920599782588e-43,1.8513925948429784e-11
1.4668966921057336e-06,0.0029364224123293913,0.9970621106909785
1.4492261175402927e-22,0.9999999960059887,3.994011311138636e-09
2.9498305315114198e-08,8.693091920982613e-05,0.9999130395824848
0.9997673087742881,4.562819745588525e-25,0.00023269122571193112
1.3212673737721491e-22,0.9999999927990761,7.200923880389286e-09
0.9999999999921616,5.754690088104889e-44,7.838461550118398e-12
0.00031174050733499364,1.2066077174485653e-10,0.9996882593720042
6.756140609331835e-14,0.9994821026613309,0.0005178973386015702
1.0939056958854247e-16,0.9997439024665425,0.0002560975334575053
4.567918131039973e-27,0.9999999998021045,1.978954290436553e-10
3.920045417093772e-19,0.9999896213681003,1.0378631899647138e-05
0.011956523060020671,3.283186425309426e-12,0.988043476936696
1.4724323684069336e-07,2.3679887348835318e-05,0.9999761728694143
0.9938926408977822,5.049351271630019e-22,0.006107359102217762
0.0028768209697076896,3.787220211993437e-12,0.9971231790265052
8.990120119191847e-24,0.9999999982114172,1.788582750986436e-09
0.9999999999912583,1.4147128535476373e-43,8.7415744243654e-12
1.55047409175333e-30,0.9999999999998992,1.008262692598432e-13
2.8278611593426476e-06,0.0003265795683967542,0.999670592570444
5.126461703053628e-13,0.99698284178853,0.003017158210957305
2.887547836052798e-06,0.002659469873919399,0.9973376425782444
4.074714845125385e-17,0.9999874153564258,1.2584643574115105e-05
0.9995343478931373,1.8088526014371295e-24,0.0004656521068625914
3.1243545399116514e-06,4.9343910599984505e-08,0.9999968263015495
0.00021915543401316702,2.955644856184585e-10,0.9997808442704224
2.0242734629945357e-28,0.9999999999968918,3.1081965811552267e-12
1.2341042600421705e-08,0.5021394365219204,0.497860551137037
2.2985701715558352e-05,2.3905139200369232e-09,0.9999770119077706
8.150787212003125e-05,5.481141031503621e-10,0.9999184915797659
4.332960100262977e-08,0.00022958040924167915,0.9997703762611573
3.327936468108919e-14,0.9993902811608804,0.0006097188390864874
0.9999999999968501,3.6296608805642697e-44,3.149847467209656e-12
0.9998443241794374,2.675761060383302e-25,0.00015567582056259875
4.482106029973317e-06,0.00029320688451127565,0.9997023110094588
0.9999999999739198,1.9099045990449464e-42,2.6080191740309025e-11
2.0686706016200037e-06,0.001351602948507891,0.9986463283808904
0.9999999999908886,7.082245723642467e-44,9.111320320702585e-12
0.9999999998231881,4.029443875832128e-39,1.7681191415940356e-10
0.002757297188809556,1.5932267640988125e-11,0.9972427027952583
5.0343015629813625e-34,0.9999999999999989,1.064136044507391e-15
1.1602459770571255e-06,1.4753246507696027e-07,0.9999986922215579
5.906143673878004e-08,3.4908394273919914e-05,0.9999650325442893
6.74750648411445e-10,0.003967992483812398,0.9960320068414369
0.9999999540637049,3.2156434535698664e-31,4.593629503329465e-08
0.0006700805734637219,1.1737473030264692e-11,0.9993299194147989
0.00018999032483153902,1.482059756602347e-10,0.9998100095269624
1.1842588297480842e-13,0.9458183741241087,0.05418162587577287
0.9999989041044721,1.776276338976328e-30,1.0958955279772373e-06
1.3877426462834693e-07,1.5413053009894552e-05,0.9999844481727255
1.1779797864266634e-05,2.632921586795637e-08,0.9999881938729198
2.8130336398639774e-10,0.9421553750315937,0.057844624687103
0.9999999999842091,3.1123978879986064e-42,1.5790962024390872e-11
8.044523224251592e-06,5.62935617275184e-08,0.999991899183214
0.0013660828646862697,9.3755633596525e-11,0.9986339170415581
0.00011566919596189647,3.1778691202725454e-10,0.9998843304862511
9.500494348791379e-10,0.008254829007199935,0.9917451700427506
7.323392395555292e-22,0.9999999735512097,2.6448790282096726e-08
0.9927192109130484,1.5788005199672598e-21,0.007280789086951743
1.0629099082095955e-25,0.999999999899555,1.0044503913770344e-10
3.713568873246192e-25,0.9999999999055778,9.442234461300467e-11
1.233727805187654e-09,0.0017031439846046758,0.9982968547816675
2.943569587682837e-16,0.9993200603184226,0.0006799396815773044
4.7542923387520334e-06,2.3777802197483584e-07,0.9999950079296392
0.9999999998192561,1.1464687908930532e-40,1.8074392899318778e-10
5.2083130076279005e-09,0.6905726361427752,0.30942735864891174
3.30240583167214e-22,0.9999999928483982,7.151601688759229e-09
3.929051887296319e-08,4.0492938174717734e-05,0.9999594677713063
0.9999999723977956,5.373390820380981e-35,2.760220432914323e-08
0.9999999999999867,1.2741657149547186e-50,1.3428348007484149e-14
2.3709097395171598e-23,0.9999999985577797,1.4422204098479156e-09
0.9999999983598211,6.50213719704888e-39,1.640178985412362e-09
5.474006165539556e-09,0.0002719056725775527,0.9997280888534164
0.00841639958560278,1.630022488393231e-08,0.9915835841141724
1.6556015648759643e-09,0.004826837383951509,0.995173160960447
0.9999999183957071,7.154525361245491e-34,8.16042928577761e-08
4.0536033535608416e-20,0.9999998483798905,1.516201094037287e-07
0.999999999784658,1.2137877985274883e-39,2.153418639511673e-10
0.9997483760587575,2.1583951560540784e-24,0.00025162394124240506
4.978755920266861e-08,1.7792626831867714e-05,0.999982157585609
0.9999989357467669,1.6663358021155371e-31,1.0642532330241326e-06
5.519464441821757e-21,0.9999998980949696,1.019050305671689e-07
6.865758974357502e-17,0.9999899391215906,1.006087840940434e-05
0.9999999973197837,1.5042195597810954e-36,2.680216279418975e-09
4.064837228749745e-07,1.1408216860599463e-06,0.9999984526945912
5.3615533487564285e-15,0.9914791233549224,0.008520876645072414
0.9998483665125123,2.0330127853938276e-25,0.00015163348748773047
0.9997581850269777,3.016953279017921e-25,0.00024181497302239012
2.384063447507669e-10,0.0368066136616515,0.9631933860999421
0.00025010106211360747,2.254278572992884e-10,0.9997498987124585
2.98151073016449e-07,0.008711893204750954,0.991287808644176
0.9999760358563106,1.184585683479497e-26,2.3964143689517512e-05
4.751546500644852e-15,0.9998939973619034,0.00010600263809194372
0.9999861515680055,9.420004524586552e-29,1.3848431994565672e-05
2.102994869343481e-07,2.15162416580112e-06,0.9999976380763471
0.9999999999866107,1.817145345857805e-42,1.338933883202355e-11
0.017832706402259424,3.784529880886038e-09,0.9821672898132107
7.789470126625741e-22,0.9999999821906204,1.780937965768016e-08
0.9999492905933298,3.093729903924748e-26,5.070940667004961e-05
6.638716635779981e-08,5.738465738804034e-06,0.9999941951470949
0.9999961294929849,3.678734129571135e-30,3.870507015110703e-06
8.105180256657213e-05,1.8867612386739827e-09,0.9999189463106722
1.0771961963203724e-27,0.9999999999947495,5.250481406807573e-12
6.853721888733206e-07,1.2973755030076051e-06,0.9999980172523082
2.514357982953874e-18,0.9999986929093224,1.3070906775103245e-06
0.00014872475898852102,1.4329992434811934e-09,0.9998512738080122
2.83919644462784e-05,1.7685707781221074e-08,0.999971590349846
0.9999999999766813,6.422197848757362e-42,2.3318663405174423e-11
0.9998468465039232,1.991966103526915e-25,0.00015315349607685448
1.3396334820081853e-07,6.321921165293417e-06,0.9999935441154864
1.0382159946592052e-34,0.9999999999999996,4.1163282966757084e-16
6.940643314425026e-05,1.7219787300624124e-09,0.9999305918448771
5.766001088969841e-33,0.9999999999999976,2.5504762476115842e-15
0.9999999999903835,2.8134044149385504e-42,9.61662855568922e-12
0.9998381069069603,5.077101807352041e-25,0.00016189309303962752
0.9999952856524824,5.075514643881724e-30,4.7143475176699745e-06
0.0002487381373298168,1.0622984595671958e-09,0.9997512608003717
2.5546515044676695e-08,0.3529453526283321,0.6470546218251528
0.9999999981778642,2.1131755750130986e-37,1.822135809960991e-09
0.9977735021550892,2.4178334669865438e-22,0.0022264978449107703
0.9999999999997282,2.1280822586811026e-47,2.718510660705113e-13
0.9999996962888867,2.885256849330136e-32,3.037111133349044e-07
3.417664572646241e-05,4.47223472736902e-09,0.9999658188820388
0.9982079826927218,1.314937069780993e-23,0.0017920173072782542
1.1131834902203236e-08,7.233669926964346e-05,0.9999276521688956
0.9999999711152927,2.4411342938700113e-35,2.888470734335455e-08
5.9196623349213856e-12,0.9948302077276289,0.005169792266451405
0.9999994586857827,1.8058596686048671e-31,5.413142172477775e-07
0.9999598605259952,8.899860664476978e-27,4.0139474004723435e-05
1.087983362222457e-18,0.9999811459438126,1.8854056187383484e-05
9.937105968213367e-06,0.00018607418109171426,0.9998039887129401
0.999999974206383,1.6336224486510793e-34,2.5793616932989125e-08
1.4643774999570665e-06,1.189889034023952e-06,0.999997345733466
0.9999816929537091,2.1211992708375263e-27,1.8307046290939895e-05
0.9999976045627524,2.4371809209519107e-30,2.3954372475582943e-06
4.091432851430722e-06,2.6220901551480507e-07,0.9999956463581331
0.9999993947948934,5.921112660057296e-32,6.052051065018563e-07
0.9999999981151808,7.0170605755453116e-37,1.8848191009330773e-09
4.910351268519192e-06,1.0457132805651765e-07,0.9999949850774034
7.296529746143942e-25,0.9999999997434632,2.5653673827748274e-10
5.666233058369976e-19,0.9999992601852357,7.398147644138939e-07
2.788186541568474e-34,0.9999999999999991,8.540035315787779e-16
0.9999999999999838,3.0041385317380366e-50,1.6101563014944356e-14
0.9999987634851417,6.215655091429322e-30,1.236514858381823e-06
0.0012081154474115259,8.530574504311675e-12,0.9987918845440578
0.9999999008359443,3.867227892603929e-34,9.916405582413885e-08
0.9999999999961182,3.747336258724473e-43,3.881830959977161e-12
8.574812562873729e-24,0.9999999990354842,9.645158660873634e-10
0.999999999950584,7.325662360658338e-42,4.941601932189852e-11
5.679323761596255e-31,0.9999999999999194,8.063991569526843e-14
0.9999999998526417,7.737813005603859e-40,1.473584369139302e-10
0.00043177503350832916,5.108632325774622e-11,0.9995682249154054
2.213235876387985e-06,0.0020099305738629017,0.9979878561902609
2.3285613454038168e-08,6.761012396912328e-05,0.9999323665904175
6.489888975246184e-09,0.0009327574915143385,0.9990672360185966
0.9999993131070568,6.604271394090686e-32,6.868929431256155e-07
1.2596720024223074e-07,0.059502332744166546,0.9404975412886333
0.0010154273929639255,4.050123816512046e-07,0.9989841675946545
1.3943019348444907e-09,0.0031590370163936143,0.9968409615893044
8.42835494128895e-28,0.9999999999942708,5.729167931919592e-12
4.826236903776032e-07,4.3808114240360053e-07,0.9999990792951671
0.9999999999999829,2.9215914655608767e-50,1.7121838533751143e-14
4.0356720475485824e-14,0.9896855180131583,0.010314481986801337
0.00037093399272648586,2.7525011792082363e-11,0.9996290659797485
0.9982715442836612,1.054045235340637e-22,0.0017284557163389277
0.00038358031673105914,2.6941303147460104e-07,0.9996161502702375
2.041090293383529e-06,6.325863204905923e-07,0.9999973263233862
0.9999999993989825,4.5523945969172205e-39,6.010173766575459e-10
0.004477708334180409,7.1647788558501834e-12,0.9955222916586548
3.7063778066019054e-16,0.9999366673140838,6.333268591588618e-05
2.1216149924347753e-36,1.0,5.443377968637032e-17
6.265142636584508e-08,0.19394632279419527,0.8060536145543784
0.9999999999999474,1.9168153733632632e-49,5.2635235265090324e-14
0.999999938031321,1.713867533963454e-33,6.196867907122333e-08
0.9999999999976725,9.399999706519192e-44,2.327416616202846e-12
0.9999837723513769,1.2731556470146898e-27,1.6227648623032355e-05
0.9999966005159229,2.899256741189364e-29,3.399484077196825e-06
3.583808263130008e-11,0.2639459620104684,0.7360540379536936
1.9523203010496764e-08,0.0001852567155906176,0.9998147237612064
8.852063313141624e-20,0.99999144004306,8.55995694005541e-06
0.9999999977083731,5.505030049479559e-38,2.2916269074590653e-09
5.638624561780347e-11,0.1653912126287481,0.8346087873148658
1.777597041087454e-20,0.9999960749295987,3.925070401214072e-06
8.380434372394756e-08,0.059228151290316604,0.9407717649053396
1.447319146235575e-12,0.9968079605478433,0.0031920394507094687
3.168849430808953e-25,0.9999999998879492,1.120508806792469e-10
3.504559986554783e-30,0.9999999999997804,2.1954925046668083e-13
0.0026602658085449968,2.986963999723611e-11,0.9973397341615854
4.566572661525695e-36,1.0,6.962214814235774e-17
2.4812670814856376e-36,1.0,3.9762147240765275e-17
8.142507452342384e-20,0.999999742129433,2.5787056700615794e-07
2.134210493240076e-22,0.9999999925624647,7.4375352207923635e-09
4.0882718623998415e-05,1.0691039315234604e-09,0.9999591162122721
9.328590712650605e-30,0.9999999999997335,2.664904215350397e-13
4.528159292593515e-36,1.0,6.744458764956435e-17
0.9931140914574261,2.8243032448763976e-21,0.006885908542573984
3.718576337474108e-18,0.9999982888587796,1.7111412203411777e-06
4.4632454350584295e-09,0.0032152862571956545,0.9967847092795589
1.0400064759009767e-08,0.0007157141769999736,0.9992842754229353
0.9999914455443116,1.9408464740197426e-28,8.554455688432753e-06
6.526157561234679e-08,3.3810433078427513e-05,0.9999661243053459
1.1821025092409167e-12,0.9948508925578154,0.005149107441002635
4.588288174391768e-20,0.9999998677987753,1.322012247836395e-07
5.905415766731627e-31,0.9999999999998763,1.2371914683908635e-13
5.2745962830630865e-08,3.3073064451972845e-05,0.9999668741895852
2.4452762846522414e-05,2.22225427523351e-09,0.9999755450148993
1.298506032532684e-34,0.9999999999999993,6.666971035374886e-16
0.9999946828282138,1.5751753065664758e-29,5.317171786198441e-06
0.9999994909238097,1.0999159155950093e-31,5.090761901903419e-07
3.392115348079475e-05,5.4003481838260065e-09,0.999966073446171
0.9998878756533969,3.7467984906564615e-26,0.00011212434660316457
0.9999999970555014,4.2185982221730705e-36,2.9444986097225356e-09
2.4579357282482045e-12,0.9943648146895966,0.005635185307945546
4.775700293093933e-37,1.0,2.686886795372028e-17
0.9997484065247729,1.3583061709922947e-24,0.00025159347522710283
8.907902011959843e-06,1.0504369302304237e-08,0.9999910815936187
0.9987343193530247,4.2791438866205825e-24,0.0012656806469754452
4.001624433079065e-16,0.999959967623042,4.0032376957509626e-05
0.9999999999789899,2.992439177343431e-43,2.101012594997524e-11
9.958916033817827e-07,8.617482788669679e-07,0.9999981423601176
1.6777650495033377e-06,4.293110963327341e-08,0.999998279303841
9.606699473939274e-09,0.0007547310507049648,0.9992452593425956
6.028691147450642e-06,3.106270513899186e-08,0.9999939402461475
3.838462792145293e-06,0.00018473740597885996,0.9998114241312289
3.51943209531468e-06,4.443753051277922e-08,0.9999964361303741
2.3871405215364376e-08,5.0956660745367835e-05,0.9999490194678493
1.6947916042126998e-13,0.9991158851177637,0.0008841148820669025
0.0007189558199900972,6.710769818539792e-11,0.9992810441129021
4.163393881645833e-05,3.546630841663071e-06,0.9999548194303419
1.8805780701683174e-36,1.0,2.7235969582005552e-17
0.9999892378192217,1.136680403977459e-27,1.0762180778452708e-05
4.537584970965543e-21,0.9999999722482412,2.775175872999686e-08
6.496007111437318e-35,0.9999999999999996,3.355831364922472e-16
0.9999146195938553,2.0452322530441343e-26,8.538040614477474e-05
5.152643073889225e-09,0.0011705528157225581,0.9988294420316344
0.9999997121270965,5.418142931016076e-31,2.8787290357510286e-07
8.191099399756307e-31,0.9999999999999216,7.839648398310857e-14
0.9879169103871376,1.6319696674653476e-20,0.012083089612862398
0.000846243510271244,9.651121556851457e-11,0.9991537563932176
1.4417048252239705e-19,0.9999889504068636,1.1049593136498474e-05
0.00010190526858770867,5.750045965507125e-10,0.9998980941564077
9.207607708668598e-06,8.43837099058375e-08,0.9999907080085814
0.0019924945271193603,1.1873808662607675e-11,0.9980075054610068
9.098442213150469e-23,0.9999999946485074,5.351492580071649e-09
0.9964275593354218,1.2329267535864868e-21,0.0035724406645781326
2.86043709208615e-24,0.9999999991622996,8.377004126142165e-10
0.9999995889157165,1.7253537985118844e-31,4.110842834806208e-07
0.9999999999796572,5.043338176325363e-43,2.034276980757853e-11
1.99620169265017e-05,2.0090624022718526e-08,0.9999800178924494
1.4335617626394164e-07,0.026999598037364653,0.9730002586064591
2.6920215197562624e-22,0.9999999944238689,5.5761310242183985e-09
2.0283654689556537e-07,5.524588317548605e-06,0.9999942725751354
0.9999918888463128,4.2389719322086997e-29,8.111153687069778e-06
0.9999999999996763,1.5801971051973968e-47,3.2378222547890055e-13
0.9999999999861657,1.5930416279901181e-43,1.3834329170216169e-11
0.9999244723326116,3.3384611393855237e-25,7.552766738826279e-05
0.9999791237101506,1.0683114258835887e-27,2.0876289849385055e-05
3.81808480168089e-37,1.0,1.624623114656957e-17
2.6047843264526447e-27,0.9999999999841498,1.5850243435700166e-11
3.00015988494062e-22,0.9999999933554937,6.644506295704357e-09
0.9999999999890501,2.318066839266687e-43,1.0949900203997088e-11
8.495579554205437e-19,0.999999356121057,6.43878942953975e-07
0.9999866196997571,1.3380018389732345e-27,1.3380300242760735e-05
8.37888826151267e-34,0.9999999999999758,2.4306743642689525e-14
0.9999999838893898,3.109415830582953e-35,1.6110610126564278e-08
3.1031015460449938e-15,0.9999109982346621,8.900176533471448e-05
0.9999403022658089,7.516237460165123e-26,5.969773419113698e-05
3.6990734913795313e-16,0.9999752140399987,2.4785960000906705e-05
0.9999999993966875,4.4574027201917013e-38,6.033124027538087e-10
5.467614887406607e-23,0.999999891561389,1.0843861093139616e-07
4.79865597629522e-06,4.269629073111122e-07,0.9999947743811164
0.9999999999999871,1.2242022824807189e-50,1.2896797673210055e-14
0.9992748640151646,5.113136508453016e-24,0.0007251359848352924
8.970847083041857e-05,9.94335888885961e-10,0.9999102905348337
0.0001307256540544948,2.6531052416951573e-10,0.9998692740806351
1.592008943707915e-11,0.9766458569349533,0.023354143049126624
0.9999999999972324,2.7808606877045298e-43,2.7674808834061526e-12
3.517089931170038e-27,0.9999999999921905,7.809548470953197e-12
0.9999999996863551,5.157559650600223e-37,3.1364493039563517e-10
4.0134847158923656e-23,0.9999999970548272,2.945172662577109e-09
0.9996635795599388,2.0412565441727297e-25,0.00033642044006129576
8.0282292461267295e-19,0.9999992519536209,7.480463791088347e-07
4.993328544113056e-10,0.006229951721277599,0.9937700477793895
0.999999973260344,1.784216662080668e-34,2.6739656079672845e-08
5.9785341167756055e-09,0.00106160936302533,0.9989383846584406
0.9999685215361833,9.982032572235122e-27,3.147846381677649e-05
0.9998547696855535,1.2372062547094855e-25,0.00014523031444648924
1.5108057515254113e-08,0.00014340052039011445,0.9998565843715523
0.9999999922349799,5.012567661842211e-35,7.765020200341849e-09
2.039803046803419e-15,0.9980751566812106,0.0019248433187874048
1.6881331145603919e-21,0.9999999565316579,4.3468342090810295e-08
0.9999354406182424,6.224280813168529e-26,6.455938175768832e-05
5.658453903713836e-07,1.7007481860527799e-06,0.9999977334064236
0.9999999999999876,2.2644846145095048e-50,1.2336685539766864e-14
8.255089422075915e-07,4.733554880817383e-07,0.9999987011355698
4.0852678841175386e-37,1.0,1.2884218690913937e-17
0.9999999999999698,1.3341607998452546e-49,3.013772581099114e-14
8.352343610571718e-05,6.879241050665226e-09,0.9999164696846532
0.99999999999885,3.2668669195133657e-46,1.1500756360793502e-12
3.1476729248157287e-06,1.0728480948968344e-07,0.9999967450422657
1.5309943096694134e-14,0.9998162263028408,0.0001837736971438521
2.5133650024921097e-27,0.999999999983398,1.660215282270239e-11
6.4182262606345755e-37,1.0,2.130806942389889e-17
0.999999870348662,1.6495995160317152e-32,1.296513380195492e-07
3.532953075818787e-18,0.9999989199957842,1.0800042158248512e-06
0.9999968197154373,2.407890691850543e-30,3.1802845627707106e-06
2.1237134804253976e-06,5.998529303000773e-07,0.9999972764335894
8.135212082553875e-35,0.9999999999999993,5.773868101197463e-16
1.244125545518276e-22,0.999999995213469,4.786531003006567e-09
0.9999999998279843,6.988234289353812e-41,1.7201583955146984e-10
2.8976950753898286e-36,1.0,7.855456616123073e-17
0.999876394671806,6.191574972782231e-25,0.0001236053281939673
3.107299270756092e-13,0.9451079463480384,0.05489205365165089
3.4955892046730706e-08,4.603871023021222e-05,0.9999539263338777
0.9999999997148985,3.61789748961174e-40,2.851015053364877e-10
5.527720791197111e-16,0.999939021699529,6.0978300470488135e-05
5.109860648934761e-24,0.9999999992238624,7.761376706152804e-10
3.5214514692087493e-19,0.9999995187607269,4.812392731494488e-07
1.0185191626095471e-07,5.513569677135758e-05,0.9999447624513124
3.4105649262611026e-06,0.001031645290112189,0.9989649441449615
0.9993423651611703,6.049468038364383e-25,0.0006576348388298506
0.9999998851723756,1.584546938598785e-32,1.1482762452397215e-07
1.087185337990282e-27,0.9999999999964884,3.511718924004227e-12
4.154622370892364e-06,3.694797459448235e-08,0.9999958084296546
0.9999999999690843,1.578966547929632e-42,3.091581477760012e-11
3.057166542436085e-17,0.9999877169318802,1.228306811980843e-05
0.9999640482088049,7.014561715491598e-27,3.595179119513248e-05
0.00030303029040364246,1.2463900958275532e-10,0.9996969695849574
1.2656429779839788e-18,0.9999796980566719,2.0301943328168923e-05
3.200756411724798e-08,0.04867055764235143,0.9513294103500844
0.9999852836525123,2.0000949684769227e-27,1.4716347487721155e-05
0.9999999999861016,4.0077030510189825e-43,1.3898475905262225e-11
0.9999999999999605,1.389814343169759e-49,3.944234609161038e-14
0.9848707360785859,4.5564194500702785e-20,0.01512926392141424
5.319401755731297e-09,0.6414016247043899,0.35859836997620836
0.9999999593235592,1.8381371096997468e-34,4.067644071100556e-08
0.9999999999910205,3.2835589415235525e-42,8.979586066304615e-12
4.378115680837482e-10,0.8595743366330552,0.14042566292913336
0.9990064045321781,2.365444255099523e-23,0.0009935954678218278
2.9890546872105864e-14,0.9831873586283898,0.01681264137158021
0.9999999995643178,1.0417747370963405e-39,4.356820839165515e-10
0.9999999999925162,1.0588158543842266e-42,7.483695620797328e-12
0.0013755599349555758,9.222839613768408e-12,0.9986244400558217
6.632491741523765e-05,1.1833651082028121e-09,0.9999336738992197
0.991572503473245,4.396806056711184e-21,0.008427496526755023
0.9991394138418705,8.098901864867036e-24,0.0008605861581295474
9.100792834688249e-07,4.508332624598055e-07,0.999998639087454
0.999960800456135,3.317166254445643e-27,3.919954386495032e-05
1.4117816350847026e-25,0.9999999998845019,1.1549803463002111e-10
3.322299427093045e-08,0.00011253585937510837,0.9998874309176307
1.3283152071421375e-21,0.9999991544376106,8.455623893879141e-07
2.021512136858874e-10,0.9330967765013595,0.06690322329648922
0.00013490886576021373,1.9716280275349435e-10,0.999865090937077
0.9999999999971996,8.231129010699217e-44,2.8004980157782934e-12
3.0436444196721154e-23,0.999999998922664,1.0773360764008168e-09
5.77329801889181e-18,0.9999982346415827,1.7653584173121718e-06
6.481710604655047e-11,0.11244646974422692,0.887553530190956
0.9999999999906524,5.264214906361212e-43,9.347645377061097e-12
0.9997910411377195,2.20771943882459e-25,0.00020895886228039395
0.9999938194786951,3.050095951681699e-28,6.180521304784596e-06
1.335913565637515e-21,0.9999999853964081,1.4603591813127247e-08
0.00030596265916917243,1.984858305455503e-10,0.999694037142345
9.764064243722678e-05,2.0194064502326684e-09,0.9999023573381564
7.579501302895869e-35,0.9999999999999998,3.121231474963365e-16
0.998893919821156,3.9506845995159896e-23,0.0011060801788438958
1.213662158563812e-19,0.9999922123680436,7.787631956542662e-06
4.380716221970944e-33,0.9999999999999942,5.665802146434533e-15
0.2118196848222586,3.2008552063870326e-15,0.7881803151777382
0.9999995234725833,1.0011594610873695e-31,4.765274166238694e-07
1.7365477601966187e-07,4.893291207393494e-06,0.9999949330540164
4.720416341987045e-16,0.9999569169093734,4.308309062628314e-05
0.0001538468693832736,4.7748992464619165e-06,0.9998413782313703
0.0001318658946396505,1.2675337960931096e-09,0.9998681328378265
2.4193374442778967e-12,0.9965780430710739,0.0034219569265066963
1.0142629539967234e-14,0.9936535967250542,0.006346403274935789
0.0005071760418915667,2.2546974902930515e-10,0.9994928237326388
0.9999999998471714,4.997407182611831e-41,1.5282854227670763e-10
3.4257835224516613e-25,0.9999999998604312,1.3956869241722526e-10
0.00298867562458462,9.219230526441424e-12,0.9970113243661961
0.8815695991271428,3.581480081828178e-18,0.11843040087285711
4.394546769482545e-35,0.9999999999999998,2.5542826852149456e-16
1.886228829505519e-20,0.9999984614626641,1.538537335764403e-06
3.1243529727380784e-06,4.215064325086847e-08,0.9999968334963839
0.9999999999956055,1.9061384782050638e-43,4.394585448217835e-12
8.520065781971523e-05,6.311367092894032e-10,0.9999147987110436
1.4000771983455605e-35,0.9999999999999998,1.6985744793593058e-16
6.894617618519908e-32,0.9999999999999789,2.1142614506782148e-14
2.344225948060047e-09,0.0038170765881210492,0.9961829210676529
1.0083957565876959e-36,1.0,2.3958995267610632e-17
0.9999999541736148,1.0557796867614045e-33,4.582638528496297e-08
1.0857583502842743e-15,0.9999591641690397,4.083583095918082e-05
8.059438211644033e-05,6.273404987323172e-05,0.9998566715680104
0.9999999637572572,7.138000052616127e-34,3.6242742839268765e-08
1.9921932048995022e-14,0.999502381551688,0.0004976184482920324
4.204853461529161e-15,0.9953472637007096,0.0046527362992861655
0.9999999999999829,5.27981987497507e-50,1.713033900800459e-14
9.370841196647296e-14,0.999187225457578,0.0008127745423283243
0.9999999999999907,3.333561267955381e-51,9.315619949365543e-15
0.9999981641308597,9.490118930780145e-31,1.8358691401531346e-06
1.1704194260254818e-08,0.18034353370269135,0.8196564545931144
2.3197989028712806e-16,0.999983619503168,1.6380496831631353e-05
7.635359370268044e-29,0.999999999999234,7.65957151954338e-13
9.055290457240692e-32,0.9999999999999709,2.9086171329670545e-14
9.990838402842079e-15,0.9947461474979775,0.005253852502012635
0.9999999999885003,2.7185010039208195e-43,1.1499709631034932e-11
1.9782044664144145e-35,0.9999999999999998,1.2765113171101633e-16
0.0006648591284121774,1.626733625778537e-10,0.9993351407089146
3.570057737148926e-11,0.9780882817400661,0.021911718224233448
2.463331653562376e-09,0.7498774403034677,0.25012255723320065
0.9999999999960438,2.780400470931866e-43,3.956070006572259e-12
9.845747733596253e-07,3.8895566222001167e-07,0.9999986264695645
1.0137344999479349e-24,0.9999999996320181,3.6798188553285194e-10
3.5666951125298787e-20,0.999992848612589,7.151387411083398e-06
0.9928181250862168,3.424760388962929e-21,0.007181874913783169
2.661654883147024e-05,2.9152766797842485e-09,0.9999733805358919
4.4658848778826585e-09,0.0002662448122856355,0.9997337507218294
6.889455852956432e-17,0.9999862200991485,1.3779900851573154e-05
0.019899553975746734,2.1170282832796693e-12,0.9801004460221362
0.999999953479619,5.144406151645156e-35,4.652038082769452e-08
0.999670161443108,1.761415007363409e-24,0.0003298385568919496
0.9964527409717789,2.432075594328819e-22,0.003547259028220982
1.885825397788333e-36,1.0,4.200338078988873e-17
1.7715346351207307e-35,0.9999999999999998,1.575670515040985e-16
4.833896705323795e-17,0.9997313067213016,0.0002686932786984105
3.3317787407142194e-06,0.020511358903470372,0.9794853093177888
0.999620924215138,8.188632555063411e-25,0.0003790757848618298
1.6218342963036296e-21,0.9999999471959514,5.2804048509492193e-08
7.515786536990034e-05,8.428483160789892e-09,0.9999248337061469
0.9999964572238282,5.648030298385135e-29,3.5427761718250353e-06
0.9999999695221797,1.913239451609646e-35,3.0477820173074406e-08
0.9998847836326206,7.372266029566252e-26,0.00011521636737943151
9.410236567344918e-09,0.0002579073042963633,0.9997420832854671
0.999999999999988,1.1952275201096516e-50,1.208401751186456e-14
0.9999999999986318,1.7799257430137154e-44,1.3683218835246296e-12
0.991122449023176,6.523976146569056e-21,0.008877550976823991
0.9999998713658004,3.066253106159646e-34,1.2863419951445514e-07
0.9999999095410783,2.795266598681463e-33,9.045892177034478e-08
0.9999999999999598,1.530581937643761e-49,4.027633848755668e-14
2.6704969560758316e-16,0.9999798234326005,2.0176567399212614e-05
2.7802409913939425e-06,2.7071650403182917e-07,0.9999969490425045
2.553339545435772e-18,0.9999827097589272,1.7290241072832082e-05
0.999999211170277,1.7002966686345435e-31,7.888297229435083e-07
0.00010133934035379857,3.3745815255392682e-06,0.9998952860781207
2.8613366250658392e-27,0.9999999999891376,1.0862441082155456e-11
0.999999999905997,1.6279021401616226e-41,9.400305464205068e-11
0.999923814998719,4.838385397926729e-26,7.618500128109526e-05
0.9999999942894144,5.9170895335436444e-36,5.71058543041234e-09
0.00281126694542668,4.483640708942248e-12,0.9971887330500897
1.1444661060777103e-06,3.509969772011854e-07,0.9999985045369166
9.555072612529798e-06,9.97137888422515e-08,0.9999903452135986
0.015169280672865645,2.133635458016016e-12,0.9848307193250008
2.3484626126033026e-18,0.9999352765725807,6.472342741931675e-05
2.235197260937397e-05,3.921912317219324e-09,0.9999776441054783
0.9999999996437421,3.407715940613718e-40,3.5625795155689824e-10
1.4305550946424014e-18,0.9999783077375535,2.1692262446500748e-05
0.9999999999999825,4.895359597115621e-50,1.7531045950859734e-14
3.305678629671665e-06,5.32254994998487e-08,0.9999966410958709
1.4610452737414846e-09,0.003081093585594113,0.9969189049533606
7.840685529609246e-28,0.9999999999905576,9.442399682185881e-12
6.128824936241649e-19,0.9999992529712827,7.47028717365032e-07
2.1498830739456097e-18,0.9999984000185622,1.5999814378198604e-06
1.3115924656398732e-35,0.9999999999999998,1.8536672227439043e-16
2.4764638081758814e-07,1.5465064354249894e-05,0.999984287289265
0.9999999999942626,4.8387005957523775e-43,5.737384851013664e-12
5.014797697822749e-08,7.945259620712939e-05,0.999920497255816
1.2097406301496063e-19,0.9999899727491869,1.002725081315768e-05
4.0034177421628025e-05,3.4864491198901458e-09,0.9999599623361292
3.625328164179667e-14,0.9881928575494519,0.011807142450511864
2.8866218747366547e-22,0.9999999925266684,7.473331649245632e-09
3.068125497814755e-27,0.9999999999938285,6.17155967764804e-12
0.9999999999996168,9.672994783316871e-47,3.8325115487398325e-13
7.142639410782088e-07,9.626961488195011e-07,0.9999983230399101
0.00013979299914789733,6.846964455408401e-10,0.9998602063161557
0.0009196498892581317,4.6449773641833474e-11,0.9990803500642921
0.9891887036063626,3.0461229439531085e-21,0.010811296393637562
5.928658046217262e-15,0.9998053134133869,0.0001946865866072415
0.00034416479591581665,6.606004296454362e-10,0.9996558345434837
0.9999999999569953,7.653396643206577e-42,4.3004729646213466e-11
7.485771259310418e-23,0.999999992848023,7.151977034184261e-09
0.9999869929460602,4.839247881840053e-29,1.3007053939800127e-05
1.1740750552111209e-27,0.9999999999959122,4.087904857843339e-12
3.7870465686367668e-19,0.9999996755874407,3.244125591568747e-07
7.602716495085183e-05,1.6381964572873387e-10,0.9999239726712295
2.432574499256941e-25,0.9999999999211893,7.881073617246788e-11
0.9995506328194944,3.268113111244036e-25,0.0004493671805056075
0.9999999999938072,5.479904494484409e-43,6.192779884204495e-12
2.4696003779481794e-29,0.9999999999993974,6.026989984788144e-13
0.9999999999937801,1.2143256140118496e-42,6.21993474476124e-12
0.9999999850111376,1.5053941360185497e-35,1.4988862316168953e-08
0.9999999997605049,1.3544220101320132e-39,2.3949504962030453e-10
6.774405473537293e-05,5.1957284414318515e-06,0.9999270602168232
0.9999999999999898,9.707900453338501e-51,1.0208779214759135e-14
6.288591878086063e-06,8.638280385187977e-05,0.99990732860427
4.947682348102102e-15,0.9979356010836338,0.002064398916361326
0.9999999998554236,1.0227405740504947e-40,1.4457637179223922e-10
0.9999998930294182,5.876123409298407e-34,1.0697058183604297e-07
0.9999530032025995,7.903270961545758e-22,4.699679740053665e-05
0.9999972251269386,2.9089568779043355e-30,2.774873061530979e-06
3.0321414597931084e-24,0.9999999784488023,2.1551197789589425e-08
0.9999999999999718,6.81349988512255e-50,2.8178123608171e-14
0.9999999737958523,4.196551087636112e-34,2.6204147632503845e-08
0.9999984753027159,1.3424719054463142e-30,1.5246972839833106e-06
0.99999999999998,5.758905536543168e-50,1.9883839383031567e-14
5.9661420002413465e-15,0.9949388205027805,0.005061179497213657
0.013731025832996457,2.0385349994498712e-13,0.9862689741667996
3.191619394145863e-09,0.004983753870190659,0.9950162429381899
0.999999998966379,4.522372071238546e-39,1.0336210708770884e-09
0.9999934583060284,1.3766783083933947e-29,6.541693971520694e-06
0.00010272060120002956,3.172844246295174e-10,0.9998972790815156
4.512473481915945e-11,0.9748712014388399,0.025128798516035535
0.9999336396933507,7.941701665320756e-27,6.636030664919556e-05
1.213422673976853e-05,1.5650178161286377e-08,0.9999878501230821
2.4312513835600185e-09,0.002907283821140796,0.9970927137476079
0.9999882374430888,3.3841178126529227e-28,1.1762556911102502e-05
1.237168122804631e-25,0.9999999999386922,6.130781359585284e-11
0.9995457485920574,2.3784601297187266e-24,0.0004542514079425612
6.321194633683928e-18,0.9999581340769402,4.186592305978916e-05
0.9999999999983189,2.9821190480721574e-44,1.6810802448273966e-12
7.471375320448482e-09,0.599467956556387,0.4005320359722377
0.9999999983443784,2.0251626822752777e-37,1.655621699454893e-09
1.0700671394243494e-06,2.1648232566810566e-07,0.9999987134505349
3.484730303556339e-05,5.6013041000931526e-05,0.9999091396559634
9.249929942132745e-06,2.4371562194673514e-08,0.9999907256984957
0.9991381859546777,5.944964549826834e-24,0.0008618140453221574
1.3503319727808925e-15,0.9999395572283185,6.044277168016663e-05
7.483467211819498e-11,0.9236441164780008,0.07635588344716433
0.999999999962006,1.9537172693625988e-42,3.7993976369236834e-11
1.8156655002221408e-07,0.02090926662667807,0.979090551806772
2.6398220630525865e-10,0.03827407814729389,0.9617259215887238
0.9999996114134408,1.0417159591761031e-31,3.8858655907610297e-07
1.2642669495866946e-15,0.9999173141220593,8.268587793944883e-05
1.6513993318804506e-08,0.40669214651652574,0.593307836969481
0.00047674644368886896,1.3418872405806427e-09,0.999523252214424
6.590029192738134e-09,0.4168037882320058,0.583196205177965
0.0002994608484405669,1.3198055126005e-06,0.9996992193460469
4.593807300265698e-09,0.0004629915974228279,0.9995370038087699
9.906774697501147e-11,0.07909663943728872,0.9209033604636435
2.844912048581961e-19,0.9999993936724981,6.06327501762945e-07
8.656290905775218e-14,0.9990930582820701,0.0009069417178435317
4.148341253506454e-18,0.9999967724455175,3.2275544825001663e-06
2.702984836943932e-23,0.9999999982497767,1.7502233332864954e-09
3.969425070711323e-20,0.9999976341855741,2.365814425824558e-06
0.9999999999789082,1.127409164684685e-41,2.1091869562078094e-11
0.9999999788273832,1.156205617338131e-35,2.1172616757766356e-08
4.7953181983060315e-09,0.00025494686308573296,0.9997450483415962
0.9999998605231336,2.4003486091382456e-33,1.3947686644661254e-07
0.9921960007068865,2.3910974085464215e-21,0.00780399929311349
1.4920181248526357e-10,0.9680110904376028,0.03198890941319552
0.9569933127242409,9.452940648116852e-20,0.043006687275759126
0.9634948036479379,1.7893733644355863e-14,0.03650519635204408
0.16683553087185846,1.7798175152044986e-14,0.8331644691281238
0.9999112176149068,1.0892672428496181e-26,8.878238509336069e-05
0.9999991907365603,1.1144366495234808e-30,8.092634396282978e-07
2.478149658031523e-13,0.9987188987842935,0.0012811012154588291
0.9999999999999691,1.0488323599918778e-49,3.0836121924728945e-14
2.448093502670879e-28,0.9999999999975877,2.4123511246368836e-12
5.6941501982811845e-16,0.9999736291031731,2.637089682636369e-05
1.0183677360545423e-21,0.9999999832067624,1.6793237637035672e-08
5.588356967156362e-07,1.8710495532159679e-07,0.9999992540593481
9.520791077696942e-07,3.720685601118335e-07,0.9999986758523322
1.3010031811016722e-26,0.9999999994502176,5.497825309686822e-10
2.675841703313461e-07,5.591649574693871e-06,0.999994140766255
0.0030106313152901665,2.1701412648877564e-12,0.9969893686825396
1.8478271244464427e-30,0.9999999999998912,1.0881630366696873e-13
0.9999028206382786,2.306427426981331e-25,9.717936172135854e-05
3.4535271766304907e-22,0.9999997258695953,2.7413040476406016e-07
0.9975456417919906,5.534493062039322e-23,0.0024543582080094684
0.9970234153884092,1.9880018226029638e-22,0.0029765846115906323
0.9999887276080067,1.45528711223644e-28,1.1272391993209952e-05
8.943693990252629e-10,0.8548580939540652,0.14514190515156525
1.2129056737817816e-10,0.05646143164602092,0.9435385682326886
1.6268640434476075e-19,0.9999997399360873,2.600639127772549e-07
2.1671770305861672e-07,1.8928804594861332e-06,0.9999978904018374
8.431598211414353e-16,0.9999602334280661,3.9766571932953395e-05
2.358694210441846e-24,0.9999999991270252,8.729747725414338e-10
4.5889093782179805e-15,0.9947050936623079,0.005294906337687475
0.999997292487745,1.195445130421927e-30,2.7075122549357835e-06
2.7716259659300267e-14,0.9995465500722227,0.00045344992774963143
1.306853757245125e-33,0.9999999999999976,2.49623242817446e-15
0.9931983493428365,3.7837109806054652e-22,0.006801650657163399
0.9985041078097934,4.6833784498393935e-24,0.0014958921902065024
1.8792910317056476e-22,0.9999998468179677,1.5318203232467666e-07
1.0158550670584462e-08,0.0005562014878288407,0.9994437883536206
5.1341814617556884e-05,9.943329967127595e-06,0.9999387148554152
1.565388240036965e-06,3.4242120031762373e-07,0.9999980921905596
0.9999183245563688,1.3657146158273705e-26,8.16754436312821e-05
5.328882416756711e-07,4.269788190302859e-06,0.9999951973235679
0.9999999999999674,3.5895711543045954e-50,3.266784544397648e-14
0.0012604636874221514,3.3361028964293806e-11,0.9987395362792169
5.424564555159295e-05,7.849280949804368e-09,0.9999457465051673
0.9999934080400165,1.8545938304310177e-28,6.591959983663027e-06
6.293563655416797e-09,0.0036926358510977145,0.9963073578553386
0.9999999999538294,2.6940069828688584e-40,4.617063032346902e-11
2.561827521540644e-09,0.001542029848025261,0.9984579675901474
0.9999999281415487,6.628422603192152e-31,7.185845146355556e-08
0.9996858606160166,1.3714742795617967e-25,0.0003141393839835326
8.472905956127543e-08,2.3002894745001876e-05,0.9999769123761955
6.605474684843187e-37,1.0,2.3821865495483092e-17
0.0011837988539912133,1.497188572245444e-10,0.9988162009962899
0.999999967019308,5.231144671594168e-35,3.298069205106999e-08
1.1848118766795979e-14,0.9998826385268148,0.00011736147317352023
1.357777659337068e-30,0.9999999999965115,3.4886000312454825e-12
2.6780694349798776e-15,0.9999148943758926,8.510562410472423e-05
0.9999912489682818,1.9813982638078613e-28,8.75103171800907e-06
1.0779358204865583e-07,0.02731933342090636,0.9726805587855116
1.283982428133418e-34,0.9999999999999996,4.775578022829354e-16
0.994825047706351,4.470885466044371e-21,0.005174952293649056
2.0483237365720858e-20,0.9999985617605118,1.4382394882166729e-06
0.9694465854717982,2.940956673006523e-20,0.03055341452820175
3.0480934469432213e-11,0.6540954846023079,0.3459045153672111
0.9999999999999842,3.152602170919322e-50,1.5727986316851482e-14
2.6899872906437883e-10,0.939161752580593,0.06083824715040847
9.862758243254599e-09,0.49042180277576086,0.5095781873614809
0.00013611201765999635,1.011668791123944e-09,0.9998638869706711
6.388436489785393e-37,1.0,1.5769877657940417e-17
1.932694080571415e-14,0.999497811695747,0.0005021883042335939
0.9999999999999487,3.947592956571969e-49,5.1354829464922954e-14
2.248989217971341e-05,3.5648191072883837e-09,0.9999775065430011
6.635379379422137e-20,0.9999972124845313,2.7875154686308123e-06
0.9999999999923994,2.042679203220537e-43,7.600532912847012e-12
2.2818053261437917e-19,0.9999996754349468,3.245650531802217e-07
0.9999023471198185,5.926445121374948e-26,9.765288018138702e-05
0.9896797788332412,3.703880319162942e-21,0.010320221166758679
1.0002904966407133e-11,0.9868349445143528,0.013165055475644238
1.498976322179817e-09,0.0013252794195613411,0.9986747190814624
0.00024307765592980832,2.9093546116069065e-10,0.9997569220531347
0.9996875515394527,6.788726737415702e-24,0.00031244846054728786
0.000712939498214541,4.7168897194036177e-11,0.9992870604546166
0.9999944546673029,7.613931040932874e-30,5.545332697111025e-06
1.054613682131575e-07,6.878095762335573e-06,0.9999930164428695
6.347851823632009e-05,5.323147657584201e-10,0.999936520949449
1.9607954570038577e-06,0.0014786872544911398,0.9985193519500519
0.99999999999998,3.814941342652078e-50,1.9917108777250424e-14
5.023528988447915e-12,0.9930040181099176,0.006995981885058897
1.0824864662653428e-05,4.7194131928902884e-05,0.9999419810034084
0.9999999999999793,4.279355794923962e-50,2.0751968074372575e-14
2.4548763740624468e-24,0.9999999995557447,4.4425527340301876e-10
0.9999999998826967,6.755689470126426e-41,1.173031943695754e-10
2.6376427138602156e-09,0.655119351606727,0.3448806457556303
1.1891512509213125e-05,2.2300011804113607e-08,0.9999880861874789
2.3681176557772978e-08,0.0002751695717502892,0.9997248067470732
6.139512330351912e-06,5.713453125692185e-09,0.9999938547742164
0.9999999796460635,1.3051796119841868e-35,2.0353936457388687e-08
0.9999950965373705,4.3531712897948097e-29,4.903462629564116e-06
0.9999989335887324,4.345073707708175e-31,1.0664112676831771e-06
2.0474266906212817e-05,8.673452169366285e-09,0.9999795170596416
2.908138387585379e-08,0.17330877301607348,0.8266911979025428
6.116223148098339e-07,1.1250909671510918e-06,0.999998263286718
1.732564357743435e-18,0.9999813898641126,1.861013588741698e-05
0.9999999999926446,3.2975318439986197e-43,7.355387508009125e-12
1.7050849072884063e-07,2.226450761522839e-06,0.9999976030407478
1.1424829477270897e-07,0.021140391058652487,0.9788594946930528
0.9999901084803019,1.9454504716546417e-29,9.891519698099333e-06
8.053976654856537e-15,0.999641020251591,0.00035897974840100663
0.004462214018835226,1.7248016123115244e-12,0.99553778597944
9.461397336832227e-06,0.00032628683933782587,0.9996642517633253
2.1124988092435684e-16,0.999984700336496,1.5299663503820964e-05
5.691375465508109e-06,0.00047401056436173646,0.9995202980601726
7.713553808704481e-14,0.9803386408920003,0.01966135910792261
2.4148667952847154e-05,5.067927806721087e-10,0.9999758508252544
1.5964221625738725e-08,0.5237944972763473,0.4762054867594311
3.804027013370017e-14,0.9989699384367275,0.0010300615632344715
0.00028807708604338897,5.186667315084496e-11,0.99971192286209
5.683872506595598e-22,0.9999995574472602,4.425527396710266e-07
3.902938846270771e-05,1.674051217666246e-05,0.9999442300993607
6.882332860526438e-21,0.9999999517908699,4.8209130086978233e-08
4.959467570851704e-07,1.853148066526473e-06,0.9999976509051764
0.999999999961459,2.3292281482674344e-41,3.854089891905481e-11
0.9995906269343372,4.44204565589962e-25,0.00040937306566275836
0.9983773018726136,1.3102269547250982e-22,0.0016226981273862577
1.3043280460853765e-10,0.9445073567645691,0.055492643104998005
2.280747393965876e-19,0.9999997277478112,2.7225218879897766e-07
4.804550366550009e-09,0.0003098220044958191,0.9996901731909539
0.9999999999927089,1.3949685484427852e-43,7.291087966212891e-12
2.714247030073002e-23,0.9999999552373382,4.4762661810219754e-08
1.3921985418593458e-19,0.9999997786085585,2.2139144137645528e-07
2.504804984456603e-18,0.9999986763492766,1.3236507233868944e-06
0.9999999993048616,7.645766633559972e-38,6.951383637183935e-10
1.4362518859211423e-08,0.00019518176698413771,0.9998048038704969
2.322385838060533e-10,0.950733148997004,0.049266850770757445
0.9999999999916862,1.506936517874194e-42,8.313750544549877e-12
0.00048254576182264264,1.6397283921156095e-10,0.9995174540742044
2.7356629290025703e-10,0.021535356459628046,0.9784646432668057
0.9960650073395864,9.914284709263939e-22,0.003934992660413622
6.0609650689659594e-18,0.9999958523539606,4.1476460394815845e-06
2.0827950756267092e-13,0.9839966532869368,0.01600334671285504
7.013143140368383e-08,0.09489423146238948,0.9051056984061792
2.361828215222643e-06,4.393425451795888e-07,0.9999971988292395
1.7777929503687158e-21,0.9999999828678628,1.7132137295436153e-08
8.646884234337455e-05,5.927745261639927e-10,0.999913530564882
7.104653515973468e-19,0.9999723314557439,2.7668544256126742e-05
2.5334094789889254e-06,3.6620141144929774e-07,0.9999971003891095
0.9999998088819767,7.51431606416226e-33,1.9111802333099656e-07
2.4323583481397263e-12,0.8380289084471895,0.16197109155037814
6.040234917404409e-19,0.9999994648843361,5.351156639764447e-07
0.9996405903083956,4.026746041913413e-25,0.00035940969160445246
0.9999999999912279,6.273438256307587e-43,8.772001060730968e-12
1.6408248255485284e-05,0.00010394422192302205,0.9998796475298216
2.759171779700677e-34,0.9999999999999984,1.5303676246425337e-15
0.996439806395581,3.586164481539599e-22,0.0035601936044189503
7.1797129794764644e-09,0.46772986082074935,0.5322701319995375
0.0022875206825182645,1.386293506355397e-11,0.9977124793036187
0.002490981151277907,4.8895999863355164e-11,0.9975090187998261
6.347278624212775e-09,0.0012328004879530628,0.9987671931647685
4.9629032187775125e-12,0.9827790183110291,0.017220981684007933
4.640630816709115e-07,0.020894791713230026,0.9791047442236882
0.9995283853156943,3.2462585731966147e-24,0.00047161468430571265
1.2838166546741029e-11,0.9887881385655626,0.011211861421599167
0.9994177558528868,4.159722095603329e-25,0.0005822441471131614
1.2049226494153643e-33,0.9999999999999993,5.792490182312782e-16
2.613419733600746e-08,6.989911904984358e-05,0.9999300747467528
0.9829319558926419,6.145811316797927e-16,0.01706804410735741
2.2085310518059093e-06,1.7881769053945257e-07,0.9999976126512578
2.6535051737817127e-25,0.99999999976997,2.3003010093399609e-10
0.9992623138778698,6.832394406288664e-25,0.0007376861221301898
7.987850237371893e-05,1.4407721502374292e-05,0.9999057137761239
1.510439626886982e-11,0.9768059599040008,0.02319404008089492
6.438189796347496e-27,0.9999999999806661,1.9333941718971807e-11
6.707748260242041e-08,2.125919434782497e-05,0.9999786737281695
5.5117179847507256e-36,1.0,7.266826750398835e-17
7.938693202280245e-16,0.9999595569972818,4.044300271730829e-05
9.301497562425702e-18,0.999950614868808,4.938513119215065e-05
2.648418378142221e-09,0.007218874149424685,0.9927811232021568
0.9999998436104196,2.9824865920337293e-33,1.5638958028316634e-07
5.969271968409926e-07,7.339984320065933e-06,0.999992063088483
1.3342070774382025e-33,0.9999999999999964,3.525042143025959e-15
8.875070707096248e-05,1.415809633072079e-09,0.9999112478771194
0.9999999999992581,9.85638851217675e-47,7.418156565825503e-13
0.9999999999871187,1.4829881296589594e-42,1.2881204396001516e-11
0.9999995969013928,2.5334210696265627e-32,4.0309860717221517e-07
6.131476847680666e-11,0.9618448958510725,0.038155104087612905
2.020097147255366e-10,0.05947530580811699,0.9405246939898734
1.851179102208781e-06,0.003839021589175856,0.996159127231722
0.999963255287146,2.100293147469442e-27,3.674471285386889e-05
0.9999971354629028,1.219298320887336e-29,2.864537097154708e-06
4.6558244234094085e-34,0.9999999999999991,9.40847565539671e-16
0.003913949531018122,5.835937449049111e-12,0.9960860504631458
0.9999999969200419,4.2760539578113116e-36,3.0799580542764423e-09
0.9999998932242556,6.763827955575028e-34,1.0677574431332659e-07
2.7728171807785317e-19,0.9999996554727403,3.4452725977182085e-07
4.233522844241766e-05,7.961087840560387e-09,0.9999576568104697
5.0472112213301325e-09,0.6737977086531876,0.32620228629960124
1.7907242375140642e-05,0.00016294029651172295,0.9998191524611131
2.871408597458917e-27,0.9999999999905107,9.489371534746395e-12
0.9999999980301026,8.917999325204461e-38,1.9698974439195752e-09
1.2212733061347863e-27,0.9999999999948952,5.1048197695869025e-12
2.880619349339813e-10,0.026862636442106298,0.9731373632698317
2.0704679004922377e-05,7.656082242784212e-09,0.9999792876649127
0.0004939727531107334,2.4491062926311954e-10,0.9995060270019788
2.049960077087907e-10,0.950155853586028,0.049844146208975974
4.0518925610917895e-18,0.9999988680348687,1.1319651311869363e-06
1.3365547775260832e-28,0.999999999998437,1.5630096092818934e-12
0.9999999990766892,8.046019829293118e-38,9.233106535434486e-10
2.7099322957648725e-05,5.024833288238148e-09,0.999972895652209
0.9999998633695704,3.326983563896105e-33,1.3663042957622907e-07
0.9999999989977797,2.1951607327856743e-38,1.002220261747955e-09
3.67952863854692e-20,0.9999976122808929,2.3877191071373193e-06
0.00039439626136487466,3.542310514782369e-10,0.9996056033844042
1.879254021082082e-05,2.311196113200527e-08,0.9999811843478281
4.01165926723834e-15,0.9998500254867182,0.0001499745132778046
0.9867651861177513,1.0525123844620974e-20,0.013234813882248718
0.00014033552229154669,4.6419999459150325e-10,0.9998596640135083
0.9977957435345653,3.9260555158094613e-22,0.002204256465434628
2.0259208692981082e-05,1.6154644981135793e-08,0.999979724636662
8.870781244241154e-06,1.0553572914282919e-08,0.9999911186651828
1.1359709346308757e-08,0.48102983168036223,0.5189701569599284
8.566148146542819e-26,0.9999999999218889,7.811097033577514e-11
0.9999999999889218,1.524402435846172e-43,1.1078150843745557e-11
7.368961298738362e-09,0.3183983614081791,0.6816016312228595
0.9999999997549205,3.575519028689124e-40,2.450795416953627e-10
0.9999999999999158,1.0115214468483711e-48,8.420637650779652e-14
4.5084296003917215e-18,0.9999977065328152,2.2934671848017e-06
0.9999957143886425,4.736186044719876e-30,4.285611357350401e-06
2.0383229707325794e-11,0.986052526845952,0.013947473133664809
0.9999992148375559,3.227753018139336e-31,7.851624441645772e-07
2.9818808815643484e-16,0.9992618307445109,0.0007381692554889133
2.358246487899909e-11,0.9845170747648423,0.015482925211575158
1.0201589055579342e-36,1.0,5.140365691557559e-17
0.9999999999879723,8.620958123457424e-43,1.2027773185836477e-11
1.020321130279004e-10,0.9503324433970635,0.049667556500904625
0.9999999999999913,3.745563370786612e-51,8.755878924373905e-15
7.698186226158027e-09,0.35327514884328326,0.6467248434585304
7.190980778142277e-05,6.033157943029472e-06,0.9999220570342756
0.9999999633589343,3.868054289609722e-34,3.664106568568032e-08
1.1682347449591242e-11,0.989361974933302,0.010638025055015739
1.423310964572123e-08,0.0002902508865631005,0.9997097348803272
3.847568561561963e-14,0.9995073625417904,0.0004926374581712097
0.9999999999926532,8.077653715244866e-43,7.34686901921267e-12
0.999999999999986,2.9208170910420047e-50,1.4026481112046908e-14
3.2902661498727734e-06,1.2803580769335386e-07,0.9999965816980425
1.716582504209473e-06,1.5333322124902514e-07,0.9999981300842744
1.929282810895045e-14,0.9919417418001731,0.008058258199807452
0.00017005757253746851,5.138815096446999e-10,0.9998299419135811
0.9998134097050227,3.168901831434456e-26,0.00018659029497728575
0.9999999394875895,1.8857074000336087e-33,6.051241049617056e-08
1.3449610739638719e-05,4.123214857622834e-09,0.9999865462660456
1.0985604704149463e-08,0.00019458530994789934,0.9998054037044475
5.909674486676534e-08,3.950559815322734e-05,0.9999604353051018
9.759528970590272e-16,0.9999543469370739,4.565306292528939e-05
1.1864991191556817e-17,0.999997224560987,2.7754390128240286e-06
4.994277594185386e-17,0.9999869676706822,1.3032329317883893e-05
8.497075025292682e-29,0.9999999999988667,1.1332175678491558e-12
0.9997281153704278,1.7867875374166686e-24,0.0002718846295721583
5.2155339435159254e-17,0.9999890213412608,1.0978658739192589e-05
3.256663961780107e-37,1.0,1.0542301847029613e-17
7.749709082796365e-28,0.999999999996108,3.891990277915909e-12
0.9999999872450428,3.164129912502876e-35,1.2754957117020085e-08
0.9999999831979282,2.4513846383976337e-34,1.6802071968477312e-08
0.9994045211262098,1.863995862654419e-24,0.0005954788737901129
0.9999998704103567,1.0679371491996727e-32,1.295896432725416e-07
7.266659675915588e-32,0.9999999999999838,1.6125835429148056e-14
0.9999997430867752,2.1126379087433598e-33,2.569132247493744e-07
7.429167382484052e-17,0.9999939452092916,6.0547907082830435e-06
1.086567317552473e-06,0.0015242281663539311,0.9984746852663284
0.999998052552254,2.8184981745346573e-30,1.9474477458069167e-06
0.9999999999998641,3.51556133015272e-48,1.358505433291203e-13
0.001255616530709227,1.5323330081413883e-11,0.9987443834539674
0.999999998751468,6.496018971004115e-39,1.248532004927297e-09
2.7841249751197137e-16,0.999981698411458,1.8301588541889103e-05
2.1116773771099584e-10,0.01172841193481489,0.9882715878540174
0.9999999683383477,3.8144829411321604e-34,3.166165230796243e-08
6.76166005756036e-06,5.694948556930135e-08,0.9999931813904568
0.9999999996727815,1.4048549447692248e-38,3.2721844155885946e-10
5.043051521702892e-31,0.9999999999999727,2.729262759650429e-14
1.0868436194893542e-37,1.0,1.2733071339705055e-17
8.595250623588793e-13,0.9977273486790156,0.0022726513201247246
0.999678564026978,3.940672050338462e-24,0.00032143597302196916
0.9999953279895412,3.8982478985850463e-29,4.672010458907883e-06
4.268153091280511e-14,0.9995787167922326,0.00042128320772468234
0.999999967614985,9.64283296270644e-35,3.2385014875899525e-08
2.4304245474437103e-05,5.9455956913797235e-09,0.9999756898089299
1.2370749595562523e-10,0.9706481495729155,0.029351850303377097
5.9147483580418284e-05,6.310444055130613e-10,0.9999408518853752
6.610859883141174e-22,0.9999999795568237,2.044317620498255e-08
0.9999896459565336,1.0737217368651583e-27,1.0354043466504367e-05
0.998699858532874,7.725543404048995e-23,0.001300141467125828
4.088437039361561e-14,0.9995868328411989,0.0004131671587602538
0.9995494809940708,5.6633353051322896e-24,0.0004505190059291446
0.9999981507706164,2.0354069746476404e-30,1.8492293837329175e-06
0.9999999999950833,1.4902865514075767e-43,4.91681974574747e-12
0.999999999999952,1.6850949217332583e-49,4.8030800046120493e-14
2.847802321410428e-31,0.9999999999985865,1.413620487718312e-12
1.90122903113216e-12,0.9933818500786643,0.0066181499194344654
6.219643148749517e-08,2.3376747487885443e-05,0.9999765610560807
0.9998529093587847,1.4488010901992182e-25,0.00014709064121521935
4.436862120173039e-13,0.972550086509895,0.02744991348966121
0.9999999947575389,3.191430658009124e-36,5.242461200199115e-09
0.9999999999999833,1.3760292365206295e-50,1.668087566846576e-14
1.1859377450125221e-08,0.00013345289954360749,0.999866535241079
6.398596374241588e-25,0.9999999997245932,2.754068887959699e-10
0.9999999996572471,2.133510907466553e-38,3.4275285418953705e-10
0.0002450928445327802,3.7961766346753037e-06,0.9997511109788325
6.429136988519181e-20,0.9999997609891415,2.3901085850227985e-07
0.9935994467267731,2.0670336699168456e-21,0.006400553273226776
0.012563726577380249,1.0522671571782886e-12,0.9874362734215675
0.9955384480399853,4.438214491593364e-22,0.004461551960014678
0.9999999999983964,2.324022425309936e-45,1.6035084031058564e-12
1.991992338414668e-25,0.999999999884633,1.1536704614025841e-10
4.070295248658478e-08,0.1510873285280925,0.848912630768955
0.0006018902729510585,2.665728615314987e-11,0.9993981097003916
4.100933439986795e-05,6.364705755252595e-09,0.9999589843008944
0.00020799352857509386,3.9489196169344433e-10,0.999792006076533
1.4816532308269165e-08,0.496026122493618,0.5039738626898497
8.070819017856979e-14,0.9989867630111466,0.0010132369887725368
4.482630738418811e-18,0.9999966151637781,3.3848362219462753e-06
0.9999999820532571,1.7824340293417642e-35,1.7946742873881194e-08
4.483622794964124e-14,0.9993842716454,0.0006157283545552563
0.9999991071839727,5.22340085714059e-31,8.9281602727133e-07
1.5794343028206448e-27,0.9999999999929554,7.044636662597601e-12
5.2225181709564695e-05,9.81519980733895e-10,0.9999477738367705
0.9999998260960152,4.2427775524669046e-33,1.7390398470119308e-07
0.9986784175232346,5.352852489250368e-23,0.0013215824767654587
0.9999999872570718,1.147716538831784e-34,1.2742928164296667e-08
3.161915140409428e-17,0.9999933695822506,6.630417749424933e-06
0.9979975400426147,1.4843661961017697e-23,0.002002459957385488
1.1791649939869628e-27,0.9999999999932627,6.737304789923e-12
1.0417689528167534e-15,0.9984326301101573,0.0015673698898415547
1.2850128048992224e-23,0.9999999965465569,3.4534430817488336e-09
1.6907729340134002e-25,0.9999999999089104,9.108968781138696e-11
0.9960049825612428,8.458158038217568e-22,0.00399501743875714
0.9999999999999836,1.820318876215825e-50,1.642375986063291e-14
0.9999999706581748,2.511551787243567e-34,2.9341825201875446e-08
0.000384236018258734,2.4140059670814774e-10,0.9996157637403406
5.0887234697015914e-08,8.176251580999006e-05,0.9999181865969554
0.9999906058022384,8.309806651140623e-29,9.394197761435774e-06
2.083501718157777e-05,1.0923535196510477e-08,0.9999791540592832
4.434951485656043e-28,0.9999999999974101,2.590001075604999e-12
1.618252469625139e-06,5.082628115441872e-07,0.9999978734847189
8.443309659968824e-13,0.9968450798521135,0.0031549201470421574
0.0005474442213427659,5.482445053563145e-10,0.9994525552304129
8.30012066395424e-15,0.9997966047353116,0.00020339526468016362
0.9999968859492026,4.0576700886175195e-29,3.114050797350683e-06
1.1703576670378293e-14,0.9995982440406511,0.0004017559593371461
3.013171275432413e-08,0.0001683097460919833,0.9998316601221954
5.83501926880718e-09,0.0008465454130803427,0.9991534487519003
0.9999999999943032,7.141878235517825e-43,5.6966823019210596e-12
0.0024139985407083953,7.874936946619972e-08,0.9975859227099221
0.9997113906450346,1.0332046407060164e-25,0.0002886093549654317
2.6035759384592924e-24,0.9999999995334634,4.665366700600881e-10
0.9999974751023857,1.8974054162808062e-30,2.5248976143194904e-06
7.467638530570939e-07,0.01517268089674944,0.9848265723393976
1.358400248096957e-07,0.044152113821832595,0.9558477503381426
0.9999997932850356,3.265650318912246e-33,2.0671496434263148e-07
4.996562571898957e-20,0.9999998080055985,1.919944014639384e-07
0.0023745479002672963,5.870920354200827e-08,0.9976253933905291
0.999999999414745,4.192445038049542e-39,5.852550215036364e-10
2.8115325420566766e-05,1.7114314818359166e-08,0.9999718675602647
0.9999999999955307,2.1921312972876493e-44,4.4693582799284775e-12
3.352690867361176e-16,0.9999690122232427,3.0987776756834444e-05
1.3517641605598048e-14,0.9994682335219046,0.0005317664780819166
5.407423561626639e-09,0.0008284516530932409,0.9991715429394832
5.792270925362399e-19,0.9999989818854751,1.0181145248548123e-06
3.11138381119765e-07,5.084323354308373e-06,0.9999946045382646
0.9998788148756788,1.9602532998610724e-26,0.00012118512432130889
1.5086495339618825e-12,0.997304439009901,0.0026955609885902904
0.00012737815517127095,1.852039517778706e-10,0.9998726216596248
0.9999666391429312,2.2683478692649138e-27,3.336085706874543e-05
1.1707446901815272e-19,0.9999890055695326,1.0994430467401096e-05
1.2215617103537077e-25,0.9999999998987628,1.0123730195262437e-10
0.0005305864487268772,2.4736985454529806e-10,0.9994694133039033
2.350034565638648e-22,0.9999999904916023,9.508397803455277e-09
1.0536207027355027e-06,0.006473835086369193,0.993525111292928
0.9999999999845255,1.061104441561683e-43,1.54745152785476e-11
0.9999942939070252,7.263490765565997e-29,5.7060929749372305e-06
0.5328682125491138,1.2399674265259025e-15,0.46713178745088507
0.9999999999938411,2.858538695246454e-43,6.158746366312532e-12
4.422493051607278e-08,0.16206444966498773,0.8379355061100818
2.3095806742450337e-30,0.999999999999881,1.1898692468574376e-13
0.9999999864396325,1.453969215537714e-34,1.3560367560733053e-08
0.9999999999998559,2.80019026915551e-48,1.4404994440192386e-13
0.99999999718886,2.537432586883995e-37,2.81114003920472e-09
1.5739338873011745e-06,1.988962553052866e-07,0.9999982271698574
2.6904885002531123e-23,0.9999999987527823,1.2472177227156974e-09
0.0001495159602494105,1.6570471149021921e-09,0.9998504823827034
0.9999999999748814,1.2626765450311163e-41,2.5118563713085766e-11
3.7921625232732015e-07,3.0352186814921254e-06,0.9999965855650663
2.4860716644048716e-05,0.00015037803094394261,0.999824761252412
1.8824826599441762e-09,0.0018601081046954939,0.9981398900128218
6.635468676511428e-07,7.136652574516848e-07,0.999998622787875
0.9770471841388757,2.470073170145202e-20,0.02295281586112439
2.411772259870316e-37,1.0,1.501442857863322e-17
0.9998312722148283,7.835618117406691e-26,0.00016872778517174053
0.9998607758541213,6.742432625866407e-26,0.00013922414587870494
2.8574181748092173e-08,0.00018404062234394182,0.9998159308034743
1.2826321428444554e-13,0.9990895914277025,0.0009104085721692549
0.9999999827355693,5.225865336395854e-35,1.7264430646138755e-08
4.286131042759974e-09,0.0005764787492741257,0.9994235169645947
7.567244831167045e-09,0.00043034266224764757,0.9995696497705074
4.088078324914049e-28,0.9999999999964766,3.5233773714366977e-12
0.0007513372938183351,1.1116619098257564e-10,0.9992486625950154
0.9999999999919993,1.6854267478453232e-42,8.000794379156864e-12
9.787942903982163e-09,0.0015042402286867605,0.9984957499833704
1.6023605973000674e-08,0.0003629429650645768,0.9996370410113294
0.9999999997310138,1.732908452194856e-39,2.6898606342869543e-10
0.0003753987984488517,3.7545494503243e-10,0.9996246008260963
0.9999999999871065,1.4314518510692091e-42,1.2893467880420406e-11
6.642671850526109e-20,0.9999998623270571,1.3767294295175906e-07
6.362398498512841e-09,0.000832301098714421,0.999167692538887
0.9999999488321845,7.205097555611813e-34,5.116781560681888e-08
0.9995643079772509,1.8350573407884615e-24,0.0004356920227490837
8.196044000789453e-09,0.30663402039076537,0.6933659714131906
0.9999999999893769,1.4200337858365318e-42,1.0622965933662567e-11
0.9999757388672416,3.2669890685555588e-28,2.426113275838477e-05
5.946861716164584e-15,0.9936874099374136,0.00631259006258061
0.9999999993420823,7.899383999538933e-38,6.579177272987111e-10
8.071264134934304e-08,1.5636886333931563e-05,0.9999842824010248
0.9999999999090265,1.752721966155772e-41,9.09733720892237e-11
0.9999797517859628,1.2189077563372727e-27,2.024821403726915e-05
3.6653563998608106e-23,0.9999999977904441,2.2095558854107106e-09
9.93252143916742e-23,0.9999999937515078,6.248492043637986e-09
0.9999999999999898,1.4100441105353873e-50,1.0148028463220243e-14
0.9999999999882945,1.8018418229894702e-42,1.1705512085209439e-11
0.003943475126946623,7.580746779554371e-12,0.9960565248654727
0.9988503688243475,2.3174961721244704e-23,0.0011496311756524437
0.0002699719353866997,3.4806424893445126e-10,0.9997300277165491
0.008860294490858435,2.195187754141899e-12,0.9911397055069463
3.660443177675562e-06,0.001130601073326422,0.9988657384834958
0.9999999999939444,2.4278081126973354e-44,6.055601999616851e-12
1.3325965874724619e-07,0.028688943076504676,0.9713109236638365
3.406978047035243e-30,0.9999999999997735,2.2640544564666127e-13
3.992501859549122e-14,0.9993113846873547,0.0006886153126053332
1.8305401276088194e-06,7.191648975858927e-07,0.9999974502949749
1.1879943156235471e-17,0.9999967701012336,3.2298987664322136e-06
5.7817473429204695e-09,0.0016579537763216246,0.998342040441931
0.9999999870176017,5.162278625076344e-35,1.298239829984514e-08
2.85988082578962e-07,0.045996508092811576,0.9540032059191057
4.275817286043558e-24,0.9999999861109157,1.3889084380440446e-08
0.9999999998247493,4.360268809966431e-39,1.752507583896191e-10
5.349764274724825e-33,0.9999999999999951,4.891304671397054e-15
6.28466488370708e-27,0.9999999998752718,1.2472812588033554e-10
0.9978604168312409,9.02602152060543e-22,0.002139583168759082
6.9880004649235e-07,0.017614300068074205,0.9823850011318792
0.00014136068372796312,2.238826707180803e-09,0.9998586370774453
0.9998153823887495,3.784016666159358e-25,0.00018461761125052904
1.6436304968597675e-07,0.21199161650866433,0.788008219128286
0.999337498710667,1.1519363821212351e-23,0.0006625012893328759
7.27613480535838e-08,5.220607221002062e-06,0.9999947066314309
0.0005223637766139616,6.993219690187289e-07,0.9994769369014169
4.644713137287563e-08,3.648370691769129e-05,0.999963469845951
2.998372377142684e-08,5.436906431739664e-05,0.9999456009519587
3.393479532605078e-09,0.0016055544326941352,0.9983944421738262
0.9996246785865577,4.676763658661126e-25,0.0003753214134422806
2.82287960597536e-35,0.9999999999999998,1.4576286591207043e-16
1.6838844271756086e-33,0.9999999999999967,3.275588027005822e-15
5.01923527089274e-07,6.672374231878328e-07,0.9999988308390497
1.5508656021630583e-10,0.919269769304985,0.08073023053992852
0.999357020835988,2.0926632085127663e-23,0.0006429791640120228
8.143076051356048e-09,0.7047903294499679,0.295209662406956
2.0147874675214992e-09,0.007423595121731626,0.9925764028634808
0.9999825612862667,2.0681923479987424e-28,1.7438713733211108e-05
2.565562248247016e-05,6.448310210639009e-09,0.9999743379292072
0.9999999958527888,1.0055742200435487e-36,4.147211207237713e-09
0.004065260532847429,5.2977025348683253e-08,0.9959346864901272
2.180478427067842e-08,0.45598574808481596,0.5440142301103998
0.0003098752775202984,3.001838534281323e-11,0.9996901246924613
0.9957930464249543,1.0155805523198742e-21,0.004206953575045651
5.233745596377985e-33,0.9999999999999967,3.2744692793659143e-15
4.6144769538253055e-34,0.9999999999999989,1.200022895058023e-15
0.9999999991068396,1.5371757123831753e-37,8.931603421007211e-10
5.393809969441545e-05,1.6517984953541227e-08,0.9999460453823207
1.3345235378301992e-16,0.9996006752379264,0.00039932476207338216
2.846173207499022e-09,0.001323871430439625,0.9986761257233872
2.5633544191557782e-33,0.9999999999999978,2.2071156337061445e-15
0.999950871073673,2.2305621187322117e-26,4.9128926326923406e-05
0.999969024381709,3.7439318964084037e-28,3.097561829099864e-05
5.812912568234144e-09,0.5592537937334287,0.44074620045365875
5.5677604392021914e-27,0.9999999999685918,3.140817866627592e-11
5.045150949185584e-05,4.236130480738121e-09,0.9999495442543777
0.0706251143346661,2.4119187384544746e-10,0.929374885424142
0.000361852755652068,2.560930063080602e-10,0.9996381469882548
0.9999998933871739,5.7241417964436504e-33,1.0661282597086876e-07
1.272224615112137e-13,0.998992703079438,0.0010072969204347707
6.670487942211902e-12,0.9912874631629996,0.00871253683032998
0.9999999791331253,1.5762626541071414e-34,2.0866874607876428e-08
0.00046741226633019613,1.0445075384870314e-10,0.999532587629219
5.8753123708361364e-36,1.0,7.370319223005603e-17
7.137006412442289e-13,0.9085360634082303,0.09146393659105596
0.9999388379410138,2.8141406538263227e-26,6.116205898627507e-05
1.1959910011634355e-33,0.9999999999999978,2.2756656006533355e-15
1.076828099378636e-31,0.9999999999999836,1.64510786113513e-14
0.00012417724710022453,7.098274191297814e-10,0.9998758220430723
3.781392873531187e-28,0.9999999999979714,2.0286984034468377e-12
0.9999999999999851,2.1020386903966922e-50,1.4804441869975073e-14
4.773385002557057e-23,0.9999999957151688,4.2848312419375615e-09
0.9999999999999201,1.1495809759448739e-48,7.995768609485308e-14
3.1494923515137366e-07,9.64694071284508e-07,0.9999987203566935
6.658560757673093e-31,0.9999999999999376,6.23988142598997e-14
0.9999999981035825,1.1642888512743197e-36,1.896417489911674e-09
1.830100734644699e-27,0.9999999999879574,1.2042494124820902e-11
0.010507858941822764,4.991222188379272e-12,0.9894921410531861
0.004829091501792831,5.395508121451053e-08,0.9951708545431259
2.0206855009310398e-20,0.999999955289038,4.4710962108178294e-08
0.9999998289791264,2.5950152794753068e-33,1.710208735109804e-07
0.0004185799782538982,1.28914854720183e-10,0.9995814198928312
0.999999999806193,1.2361579944777844e-40,1.9380691800753483e-10
2.1294467779680345e-27,0.9999999999939526,6.047292246152709e-12
4.850680242138338e-07,0.004131818741582937,0.9958676961903928
1.850981647876239e-14,0.9995683286586907,0.0004316713412909088
3.264328438163432e-06,0.0012659003886837698,0.998730835282878
0.9999999995592628,4.409066665494298e-39,4.407371693303048e-10
3.689914756929449e-36,1.0,5.886863519309665e-17
1.2161667604859276e-06,0.00031786728112047634,0.999680916552119
0.9924411850545033,1.41603803998924e-21,0.007558814945496595
0.9900355166154616,2.7107613559725695e-21,0.009964483384538288
0.9999999999423614,4.130395122087833e-41,5.76385154468904e-11
2.9424526856796414e-15,0.9998072472904468,0.0001927527095504029
0.9999999276591475,3.0316550544216144e-33,7.234085261931181e-08
1.8411699037995616e-07,1.989498966364311e-06,0.9999978263840432
0.001290744674768226,2.356331699594041e-11,0.9987092553016684
1.0812376167999018e-08,7.432105419060347e-05,0.9999256681334333
1.3599204923513837e-35,0.9999999999999998,1.3427397005065504e-16
1.1812766552081455e-08,0.00011812145734902569,0.9998818667298845
6.752705356726059e-08,2.7961622081862777e-05,0.9999719708508646
6.698188715186327e-05,2.159751770702433e-06,0.9999308583610775
3.390618440424875e-05,3.3398133295569116e-05,0.9999326956823001
0.016916025648808713,1.5367403632917395e-12,0.9830839743496544
3.66083334267284e-07,2.2320977375081837e-06,0.9999974018189282
0.9973950664315041,1.8828166061753175e-21,0.0026049335684959008
1.0684894625711604e-09,0.014255895057254286,0.9857441038742562
1.661274636820129e-10,0.07577640881754165,0.9242235910163309
4.979582753734442e-16,0.9978901078548119,0.002109892145187513
1.4231047603728306e-15,0.9954525537510681,0.004547446248930659
7.1443649136232695e-06,2.0096735329470273e-08,0.9999928355383509
4.004445107826328e-05,5.206316240876126e-06,0.999954749232681
1.020894180520554e-20,0.9999999397272593,6.027274076193754e-08
0.9999989681443013,1.1180561614026889e-30,1.0318556986254792e-06
1.3101156744620896e-26,0.9999999999745162,2.5483873634373557e-11
0.9999999999956386,1.2694967769792378e-44,4.3614972522963034e-12
1.960041419269715e-10,0.9282224276549841,0.07177757214901194
0.9999999951708787,3.9922120022773315e-36,4.8291211924585145e-09
0.9976154873616953,4.971470359675641e-22,0.002384512638304673
6.18385711383008e-05,6.4626868827675986e-09,0.9999381549661748
1.882366439843162e-06,1.179433486235794e-07,0.9999979996902115
2.147735483696154e-15,0.9981227679198293,0.0018772320801683194
0.9998813764197926,9.935100019151774e-26,0.00011862358020747728
0.9999999999999871,1.0685958401366926e-50,1.293780827044429e-14
6.688094437821862e-27,0.9999999999884763,1.1523612431544798e-11
2.547448119377859e-18,0.9999974575680741,2.542431925814399e-06
0.9973663451053013,9.915295408700071e-23,0.002633654894698686
0.9999999999883487,1.729679392665014e-42,1.1651282850019578e-11
0.9999999999680496,8.22141570807535e-42,3.195048093220935e-11
0.9999999621929504,4.847109871651459e-35,3.7807049667427275e-08
0.9999999441879199,2.063490669324245e-34,5.581207998952745e-08
0.9999999999999889,1.0739186450363142e-50,1.1134266184926887e-14
1.2980317923399943e-21,0.9999999675287335,3.2471266362650564e-08
0.9998766275095835,4.640742664947478e-25,0.0001233724904164764
2.2124927870783127e-05,7.460122498414066e-09,0.9999778676120068
0.9999999999962883,2.139614107992206e-44,3.71174732362474e-12
7.998440421670637e-23,0.9999999977075726,2.2924272815335697e-09
0.9999997134373411,1.4705804972511383e-32,2.86562658941518e-07
7.107999547122944e-19,0.9999992638841974,7.36115802689095e-07
4.948253467708553e-24,0.9999999993943514,6.056487516277619e-10
1.4687360855961063e-21,0.9999996322751523,3.6772484767576545e-07
2.4714252107776926e-05,1.921604220363441e-08,0.99997526653185
0.9999887797282954,7.943155385530635e-29,1.1220271704753137e-05
7.890271565738738e-15,0.9998080488684857,0.00019195113150621124
0.952585835040047,8.809104877284362e-20,0.04741416495995307
1.7011479976185625e-05,2.6696836097623523e-08,0.9999829618231877
3.814733362002863e-15,0.992916867819708,0.007083132180288298
5.000386526049965e-10,0.12335805529399886,0.8766419442059625
2.307227612437128e-12,0.9948723368994198,0.005127663098272985
3.9721173229633477e-07,0.012559914323621111,0.9874396884646467
1.7008697491948452e-11,0.9867259018326952,0.013274098150296124
0.9999545370649353,2.0893686486917295e-27,4.5462935064808406e-05
0.00028057500072377285,1.7903077544305231e-06,0.9997176346915219
0.0024654944604092024,1.4242149757692198e-07,0.9975343631180933
8.165146247792163e-08,2.4095726867552794e-06,0.9999975087758509
0.999999999771082,1.752877684639847e-40,2.2891791837439743e-10
3.3482212074326914e-22,0.9999994738858172,5.261141828225035e-07
1.645261908217853e-05,2.871233466841524e-08,0.999983518668583
2.6971458591427185e-05,6.78959461415139e-05,0.9999051325952669
1.3384033760944436e-24,0.9999999943757039,5.6242960765443504e-09
0.9852690011261378,3.830285668386543e-20,0.014730998873862245
4.937535995709006e-08,0.19871112353734718,0.8012888270872929
2.0970902148356294e-06,5.043188475606518e-07,0.9999973985909377
0.99999999999999,8.790447260582242e-50,9.966659229953883e-15
1.1164177347419915e-07,0.11061643667293823,0.8893834516852883
5.3837154569379415e-08,2.4701297387114066e-05,0.9999752448654583
2.5417594510588105e-29,0.9999999999992919,7.082062056128607e-13
4.058137913201125e-16,0.9999733380915915,2.6661908408143173e-05
1.7448592526277658e-25,0.9999999998974158,1.0258424646347075e-10
0.0001968275760456769,1.7954281354132638e-10,0.9998031722444114
2.3323311517153502e-23,0.9999999970154283,2.984571625492595e-09
0.22995744520274833,1.3139032104313987e-10,0.7700425546658615
1.3393435977476098e-14,0.9998138607392281,0.00018613926075863247
0.9994887842776186,7.814883798870104e-25,0.0005112157223814853
1.2973647293366208e-13,0.9986621453285289,0.0013378546713413801
0.9999598065806743,2.0786807411193185e-27,4.019341932581539e-05
0.9999999953757999,4.475135604687938e-37,4.624200037484591e-09
0.0017606295569653904,2.55023684765437e-11,0.9982393704175322
2.5194375948375034e-21,0.999998909717183,1.0902828169958461e-06
4.279074339103794e-06,1.4180134658124939e-07,0.9999955791243144
4.0109620329871125e-25,0.9999999997443507,2.5564919440265966e-10
0.0054631871793099805,3.1861381123816168e-12,0.994536812817504
2.338248198476012e-18,0.9999986224602975,1.3775397025410232e-06
0.9999999378880197,2.9843690211889024e-34,6.211198035644631e-08
0.9999991276556253,1.816139082225505e-30,8.723443746583559e-07
6.178565255475567e-05,3.058844252512803e-09,0.999938211288601
9.338592891692598e-20,0.999991875892279,8.124107720983921e-06
1.729964945317166e-08,0.5223578630391924,0.4776421196611581
0.001017957881113891,1.5222397973278927e-10,0.9989820419666622
6.960570958226845e-23,0.9999999979545635,2.045436440146951e-09
0.000630205134684911,2.050910703476963e-10,0.9993697946602239
2.922651958962125e-16,0.999160592816208,0.0008394071837917567
2.4590600914963466e-15,0.9975155215215012,0.0024844784784962817
0.999999987653139,3.9554909557167435e-36,1.2346861034003441e-08
1.789449804343646e-21,0.9999999841659803,1.5834019635007836e-08
2.803067212398781e-25,0.9999999998977369,1.0226302082642107e-10
3.36270200455885e-16,0.9999623606376395,3.763936235993164e-05
0.9999999921906922,2.0444721883071374e-35,7.809307715585565e-09
2.8107090762705164e-11,0.982025671511195,0.01797432846069784
4.157116793853418e-09,0.598940634083988,0.4010593617588953
0.99999999963691,4.355351954733988e-39,3.630900772834991e-10
0.9999999525658596,1.1557270487384359e-34,4.74341404435563e-08
1.787017792592241e-15,0.9999539126622532,4.608733774500994e-05
0.9999995962279662,3.566805609857878e-32,4.0377203365703984e-07
7.73461240903161e-10,0.9367618209450042,0.06323817828153448
0.9999999999999609,1.7369545451008786e-49,3.9122238729624534e-14
3.490591723389977e-18,0.9999979852455774,2.014754422526701e-06
0.9999999999887914,1.9482170700812903e-42,1.1208543464941648e-11
0.9999997585381574,7.771924889594244e-33,2.4146184262838235e-07
2.7482113439371032e-08,0.26865505213024743,0.7313449203876391
0.9999999999919329,1.0393293233922763e-43,8.06715053912679e-12
1.357066989980746e-06,9.203941062736447e-07,0.9999977225389037
1.6798066651142668e-21,0.9999999837124944,1.6287505571035233e-08
1.3170506346278682e-07,3.108969553633205e-05,0.9999687785994003
3.61045885550539e-24,0.9999999880542539,1.1945745964752168e-08
0.9999999998977387,3.974967714107317e-41,1.022611998231499e-10
1.1678975729002892e-24,0.999999999818953,1.8104697018465854e-10
9.073437115938804e-20,0.9999997614964506,2.3850354942334546e-07
4.141285858100646e-05,7.173296732209601e-09,0.9999585799681222
0.9999263889968982,4.2919823266934766e-27,7.361100310170902e-05
4.6452609757653124e-05,1.7094755182293373e-09,0.9999535456807668
7.607086448946747e-19,0.999999149258895,8.507411049599289e-07
8.89723254520718e-05,1.6647671936329086e-05,0.9998943800026117
0.0002828403690196729,7.59305372214995e-11,0.9997171595550497
0.999999999926453,1.839864271885139e-40,7.354696331061364e-11
9.661846252722766e-14,0.9996235202608172,0.0003764797390861833
0.9999999999856548,2.491506394127898e-43,1.434520324681564e-11
0.9999705565007857,1.1481072563674112e-27,2.9443499214324022e-05
1.2429306116507269e-06,0.004544017963869294,0.995454739105519
0.9999999999992637,3.169948590246661e-46,7.362549397204405e-13
1.0612351072440932e-12,0.9973067385632185,0.0026932614357203584
4.040683548728116e-06,3.0304844408166575e-07,0.9999956562680071
1.6105961463163614e-05,1.0754725813733828e-08,0.9999838832838112
0.9999999318360435,5.811404098613793e-33,6.816395653672788e-08
1.0549803960215173e-19,0.9999998886653583,1.1133464178877408e-07
8.262353397484253e-06,1.8442529750743897e-08,0.9999917192040727
0.9999999999964326,1.4419091367753788e-43,3.5672824305757906e-12
9.192871530627531e-17,0.9997635852944062,0.00023641470559378937
1.2653444304018373e-09,0.7377269591910219,0.2622730395436336
8.923028701676751e-07,0.006057844000456445,0.9939412636966735
0.9999999999944766,5.291737381450743e-43,5.523353943413289e-12
0.00028143452527397395,6.329196709720429e-10,0.9997185648418062
0.999999979392139,2.1237671882340945e-35,2.0607861085085727e-08
1.848678733308445e-32,0.9999999999999865,1.3577757496280878e-14
1.6696780947962522e-28,0.999999999997943,2.0570615229559892e-12
0.999999999999982,4.188565579467425e-50,1.7966564601626143e-14
4.439698095596997e-28,0.9999999999921187,7.881254634415286e-12
0.9999999737092,1.2106444128445008e-34,2.6290799854962326e-08
0.013972561316149984,5.5613127972930256e-09,0.9860274331225372
5.752831320539338e-23,0.9999999982050161,1.7949839815210314e-09
8.61002693895268e-08,0.1479314013327686,0.852068512566962
1.475965528440335e-05,8.570115200190383e-09,0.9999852317746005
0.9999999999999638,1.2068657371485262e-49,3.61368258181679e-14
0.9949858453260247,9.956828665934622e-22,0.005014154673975157
2.1539731039346642e-16,0.9995391262920121,0.0004608737079877428
0.9991991833740714,2.525487695348946e-24,0.000800816625928643
0.9997761588791262,9.762027059123497e-26,0.0002238411208737253
2.8299543163197696e-20,0.999999894547625,1.0545237511193767e-07
2.3277523940938152e-11,0.9842053451436046,0.015794654833118
0.0005368761575064336,1.47143783803015e-10,0.9994631236953498
4.7222554406244494e-06,2.9363163336970745e-07,0.9999949841129259
0.9999763267275744,5.524244626636884e-27,2.367327242563643e-05
1.092473248213744e-11,0.9932262594581303,0.006773740530945044
3.54167974016699e-21,0.9999989962532408,1.0037467591057772e-06
1.6511355559348062e-08,7.66061659198739e-05,0.9999233773227246
5.3605246913526266e-05,4.2693138781932005e-09,0.9999463904837727
0.005002687540464718,1.0326409936604643e-12,0.9949973124585026
2.1574796485843804e-22,0.9999997143325373,2.856674627461343e-07
7.836616633868258e-14,0.9994549027559345,0.000545097243987072
5.1212230604767857e-26,0.9999999999553479,4.465215290716559e-11
1.7182901158207029e-06,0.0008147461332115993,0.9991835355766726
0.9999999991390747,4.6413702752440984e-38,8.609253947324528e-10
0.9999999979765686,4.65043841437542e-37,2.0234314075363453e-09
0.998303042961623,5.815744771573667e-23,0.0016969570383769158
3.6538453008699344e-28,0.9999999999974212,2.5788689574521122e-12
2.6766209132091e-06,1.4450895363393476e-07,0.9999971788701332
0.9999983929943675,1.0438260453744145e-30,1.6070056323842352e-06
3.154643542866506e-08,0.4593834083936537,0.5406165600599109
7.581355511565052e-06,0.0001568204699566349,0.9998355981745318
3.4868585358058106e-13,0.9981262848614191,0.0018737151382324198
5.743441273384139e-10,0.004560188233973222,0.9954398111916827
1.2533415651303322e-11,0.9914063034913805,0.008593696496086144
4.025941330486027e-21,0.9999998916254853,1.0837451463982107e-07
0.9999999114359234,1.7239789574451132e-33,8.856407677391484e-08
0.9968570463768995,1.3348364877639854e-21,0.003142953623100365
0.9999322012507686,3.491612904598746e-27,6.779874923133793e-05
6.470466899859249e-06,0.00016338200063104364,0.999830147532469
0.9996235744022476,6.483936805496622e-25,0.00037642559775245653
0.00010194986100575822,5.9216667767296775e-06,0.9998921284722175
0.9944641550173822,6.560587265942286e-21,0.005535844982617829
4.1457612719428825e-18,0.9999981338732707,1.866126729362954e-06
0.0025406909395540135,5.118199724760115e-08,0.9974592578784487
3.2711814369683086e-14,0.9996862367412224,0.00031376325874494214
0.9999778411342742,6.258685148440666e-28,2.2158865725867784e-05
0.9999999999998779,3.2371660420412064e-48,1.2213350689036528e-13
0.9999999999720597,2.3357095238687254e-42,2.794031238354275e-11
0.9999997300442176,4.493812035024661e-32,2.699557822679471e-07
1.1945707649335711e-19,0.9999997300482923,2.699517075705954e-07
0.00014887601273401915,7.334715947400877e-06,0.9998437892713186
2.0648403292331284e-09,0.0009378256099519871,0.9990621723252077
2.710377397533902e-23,0.999999949510389,5.04896110819265e-08
2.095288892840228e-18,0.999998949144307,1.0508556930682987e-06
1.8769792271048516e-06,2.5276864962552004e-07,0.9999978702521232
1.1965032748365036e-17,0.9999927837594585,7.2162405413797164e-06
1.6021015069874395e-20,0.9999981529851101,1.8470148898394825e-06
3.250703515759796e-36,1.0,5.555333934114972e-17
2.1356555805895308e-08,8.552240408106113e-05,0.9999144562393631
1.2841454098007781e-33,0.9999999999999989,1.1479010577465054e-15
1.395819890613392e-06,0.0007034610452069118,0.9992951431349024
0.999999999920469,5.578659033910793e-41,7.953096154766499e-11
0.9999992075072458,1.1431437835352559e-30,7.924927542008647e-07
0.9915255305872551,1.417964585721326e-21,0.008474469412744814
1.261248540077766e-13,0.9989588463948179,0.0010411536050559886
1.9521360561348336e-10,0.9368214978789381,0.06317850192584837
8.528594963366049e-37,1.0,2.1209592923403086e-17
0.9999999789310996,2.2490984931419453e-35,2.1068900489926596e-08
0.9999967236452785,3.2281098052803785e-29,3.2763547215534145e-06
3.668673650657522e-29,0.999999999999059,9.40940590025328e-13
4.702240992300121e-07,8.161481285084198e-07,0.9999987136277723
1.2515043078347596e-14,0.9998619205308625,0.0001380794691250029
6.85727260128136e-13,0.9968662337744489,0.0031337662248653304
0.9998233873881146,2.0975847640843796e-24,0.0001766126118854134
3.1501786118213676e-21,0.9999999813939714,1.8606028621140312e-08
0.9999999996883813,2.495180479126249e-40,3.116186227830147e-10
1.2335477902148473e-24,0.9999999799588946,2.0041105468288658e-08
0.9999907360497973,2.085385898998093e-29,9.2639502027184e-06
0.9999999996908766,8.780082157814942e-40,3.091234996903514e-10
1.457638836013438e-20,0.9999999280399684,7.196003166051572e-08
3.393454431641121e-07,2.3367549158654774e-06,0.999997323899641
0.9999999970225002,2.283548405159069e-36,2.9774997298644213e-09
0.9999999999911664,9.515528344028515e-44,8.833665906637559e-12
0.9999999999064069,9.070617332344622e-41,9.359312103437422e-11
0.998958658280242,3.9929102971526927e-23,0.0010413417197578597
9.75233181539607e-07,0.0012521520451917096,0.9987468727216268
1.2633814401349254e-09,0.8380859070085942,0.16191409172802426
4.2367795882634695e-24,0.9999999558912065,4.410879350580976e-08
4.477258387499031e-06,0.0005780512845081752,0.9994174714571044
3.2618506095639266e-36,1.0,6.02286950271356e-17
0.0003873540274447881,7.465008904009895e-10,0.9996126452260543
0.01735717742285266,9.279336612260812e-13,0.9826428225762195
2.0814292395848928e-21,0.9999999787507794,2.1249220686549778e-08
2.2363982644288514e-21,0.9999999555701531,4.4429847033793043e-08
0.9999999441499923,3.2384453442069e-33,5.5850007711306425e-08
1.4023283070289583e-06,0.0018649060265910576,0.998133691645102
0.9999998557684581,2.342048959111651e-33,1.4423154180910725e-07
6.618410192003034e-07,0.01286921918539919,0.9871301189735815
5.594336433950547e-19,0.9999758075145249,2.4192485475156154e-05
0.9999999966746882,1.3051806626434874e-36,3.3253117355134525e-09
2.5349936473348283e-09,0.5402189956430377,0.45978100182196874
1.2957412333983197e-14,0.9934427367773634,0.006557263222623541
2.8524561660904187e-26,0.9999999999335809,6.641904940487087e-11
6.756983380061449e-11,0.9496775060832652,0.05032249384916512
0.9988359642031337,2.677302373696568e-23,0.0011640357968662445
0.9835596115544544,4.267139488558632e-21,0.016440388445545618
3.5563423093205585e-07,2.4832171557619577e-06,0.9999971611486134
3.8931592464483734e-37,1.0,1.9363228068282044e-17
5.128460371764141e-24,0.999999998637078,1.362921968002451e-09
0.9994846235004448,2.7955665221439994e-24,0.0005153764995553374
3.7036579580713134e-29,0.9999999999991327,8.672924708311132e-13
0.9999998133224202,8.405725477842822e-33,1.866775798780634e-07
2.525305731538773e-08,0.0001887717921889917,0.9998112029547538
6.793203713228766e-19,0.999970880463737,2.911953626295477e-05
0.9999993335951403,3.713223889444566e-31,6.664048596600016e-07
0.9999992359398682,1.3680925960628885e-31,7.640601318645628e-07
7.931933559185533e-10,0.8771637954997401,0.12283620370706652
2.1281878848079207e-06,0.0016333997087894304,0.9983644721033259
3.696456300241862e-11,0.9846449811221492,0.015355018840886097
0.9999154737182984,3.2103826828930973e-25,8.4526281701523e-05
9.402268397893128e-09,0.0004185552991438734,0.9995814352985878
2.9080004734845506e-10,0.9059124506652569,0.09408754904394306
0.9997809380275026,2.987926655563389e-25,0.0002190619724974899
0.0013245552580720163,4.8868816592498483e-11,0.9986754446930591
5.814964343595976e-32,0.9999999999999702,2.9760480936355535e-14
2.897846626020708e-07,0.032787823836029815,0.9672118863793074
0.9999999999998399,5.738851993812562e-48,1.601482260925003e-13
0.9998626765319398,3.563892080980951e-25,0.00013732346806008135
2.037227537441279e-15,0.999881707026741,0.00011829297325695152
4.529490836019834e-06,0.0005080531643669579,0.9994874173447971
0.9999996987191331,1.4662629532360346e-31,3.0128086692048783e-07
2.129864956577975e-22,0.9999999955373822,4.462617861824148e-09
2.9236922777181546e-11,0.979609477219321,0.02039052275144219
0.0005053070821707902,2.543725967876972e-11,0.999494692892392
6.883176948096472e-06,1.0609193038069879e-08,0.999993106213859
0.0026827380148067076,3.3572538812053545e-12,0.9973172619818359
9.980845644454728e-19,0.9999793333837836,2.0666616216330975e-05
7.872624734496415e-15,0.9997826922145715,0.0002173077854207606
4.7638670695729564e-09,0.0006504000464404314,0.9993495951896925
8.814214403031669e-09,0.5002493477188525,0.49975064346693304
5.4038384150960155e-28,0.999999999897017,1.0298287372675516e-10
0.0018797294215877494,1.9268623946720065e-11,0.9981202705591435
0.9999632407588557,5.664405825054528e-28,3.6759241144361415e-05
1.3014888983554551e-23,0.99999999804643,1.9535699447750523e-09
1.012645596413861e-06,2.2052496855520406e-07,0.9999987668294349
0.06380164439745016,7.31763822491227e-14,0.9361983556024767
0.9999999997851079,2.7507585560779805e-40,2.1489217966476279e-10
2.9211579581678238e-25,0.999999997434917,2.5650831285723124e-09
0.9999275596247709,1.0066198353366301e-25,7.244037522918067e-05
1.6916574458086285e-08,5.737493718283535e-05,0.9999426081462428
0.9998892010205028,4.689214576135093e-25,0.0001107989794971908
0.9999999999999836,8.728663447361629e-51,1.6402070270178926e-14
0.0004462964224060751,8.335673669363954e-11,0.9995537034942371
0.9999997920897382,2.3430688757445273e-33,2.0791026164583002e-07
0.9999999999854439,1.9716607232945892e-42,1.4556024095339954e-11
2.0577841653905412e-16,0.9999596621412906,4.033785870908321e-05
0.9982217230498663,1.4213922881449187e-23,0.0017782769501335654
0.9999977672959252,9.701683770842483e-30,2.2327040747968784e-06
0.9999915043966251,1.132327090394413e-28,8.495603374858334e-06
1.2752570318691935e-07,6.974163570996356e-06,0.9999928983107258
3.7285457247699556e-17,0.9997594924810784,0.0002405075189214823
0.9993358607609285,6.815530459772282e-24,0.0006641392390716332
0.9996817355024586,8.610031815430692e-25,0.0003182644975414926
7.522474652990398e-24,0.9999999985300343,1.4699657614783715e-09
0.999943882961612,3.887824002114778e-26,5.6117038387993656e-05
1.4181735425097692e-06,2.153871569221182e-07,0.9999983664393006
0.00046704192585520545,3.4361728528811757e-07,0.9995326144568595
3.5799722325335955e-21,0.999999921732705,7.82672950399585e-08
0.002727196699656851,8.447656954079166e-09,0.9972727948526862
3.970511563413218e-05,1.1678261097520362e-09,0.9999602937165398
1.5672927820761987e-05,1.4019002225039032e-08,0.999984313053177
1.9942168032503436e-25,0.9999999997746607,2.2533936787213669e-10
1.7217752185385462e-18,0.9999989039904131,1.0960095869431795e-06
1.298256657154665e-26,0.9999999992480313,7.5196867885757e-10
0.999999999999978,3.387326239095603e-50,2.19373751029851e-14
0.9993273622911931,7.915435530401393e-24,0.0006726377088069214
1.0889957018977455e-06,2.0865103100836587e-07,0.9999987023532672
1.3649787082283765e-08,0.4671378522811235,0.5328621340690894
0.9991656970071604,3.829039468553953e-23,0.0008343029928396048
6.672403127568535e-09,0.00011958138976772276,0.9998804119378292
1.513731100297788e-06,2.3384189791892871e-07,0.9999982524270017
0.9996374871966343,1.0845148401997927e-24,0.0003625128033657649
4.639141616027868e-25,0.9999999996841098,3.1589017407252993e-10
0.9999999989947357,1.3165819012678522e-37,1.0052642807424194e-09
0.9999880893462498,5.051649037805221e-28,1.1910653750240015e-05
3.479190421713953e-05,9.862566741076712e-09,0.9999651982332161
1.8651515746559208e-21,0.999999403377382,5.966226179611048e-07
2.0688590953535347e-26,0.9999999999781479,2.18521175194136e-11
0.0009559536521388622,1.4477374798068104e-07,0.9990439015741132
0.9999999856035116,8.819384201754945e-35,1.439648856193438e-08
0.9984320338963666,3.5192821485092505e-22,0.0015679661036333942
0.9999196521817086,1.167639186257695e-26,8.034781829128149e-05
8.262836333642908e-10,0.01628772471459483,0.9837122744591215
0.9999999999923495,1.9406362079108044e-43,7.650600971898321e-12
0.9999979206613856,6.794681237011633e-30,2.0793386145057467e-06
3.642682959425602e-15,0.9999044177724667,9.55822275297819e-05
0.00019215988965690364,2.7189388357444553e-10,0.9998078398384492
0.9999997285454678,1.942925149381248e-32,2.714545322569242e-07
5.838743819992207e-08,3.485561693662502e-06,0.9999964560508682
2.4643890021288645e-08,0.00013875684819179224,0.9998612185079181
0.9999999400994992,3.151357656352482e-34,5.990050081557291e-08
0.9999942151004402,1.2006612241409612e-28,5.784899559869633e-06
0.00041516662592488046,1.5587608177540876e-07,0.9995846774979934
6.969961363286829e-29,0.9999999999989251,1.0750013249276703e-12
0.9999999999749429,5.937056050558643e-42,2.5057152837040395e-11
0.999999999979065,7.998670489073576e-42,2.093500033252647e-11
2.5366765078233745e-21,0.9999999711258476,2.8874152427968757e-08
1.7329363866679043e-06,4.0114575930449663e-07,0.9999978659178541
7.642307071123389e-11,0.96689910251129,0.03310089741228692
1.6021106351851707e-16,0.9999811077127035,1.8892287296218226e-05
1.78300959848979e-35,0.9999999999999998,2.0232869131051213e-16
9.102377337067978e-27,0.9999999999739095,2.6090485247256754e-11
3.92602772823275e-19,0.9999991518744186,8.481255813618002e-07
0.9999999999999878,2.0502592070419964e-50,1.2192534390339987e-14
3.0971753325273178e-12,0.9934878070134845,0.006512192983418333
1.5067386945627797e-05,1.5041481489878008e-08,0.9999849175715728
0.9946229293149708,3.911013218926274e-21,0.00537707068502915
1.697937602304233e-05,6.638484531884225e-09,0.9999830139854924
6.04201714558781e-06,1.8743898146722133e-08,0.9999939392389563
1.313545408538922e-08,0.3009841594203402,0.6990158274442058
5.172850919782155e-16,0.9999808584436916,1.914155630814106e-05
0.00010648413910201226,5.934535171275047e-10,0.9998935152674445
2.1406024307543196e-05,4.0631266745874e-09,0.9999785899125658
2.3433423377965757e-27,0.999999999995977,4.022924480226254e-12
1.5241168567042817e-13,0.9794514842679225,0.02054851573192514
3.825951603268555e-24,0.9999999996052698,3.947303587071073e-10
1.9510140077891232e-23,0.9999999497571636,5.024283653156554e-08
6.080222260645927e-20,0.9999996740803995,3.259196006521848e-07
1.2515349820581572e-20,0.9999982275125836,1.7724874164391428e-06
3.943863975349564e-07,0.007690803125784734,0.9923088024878177
0.0004410965863303306,4.749893263309884e-07,0.9995584284243434
1.840026445650946e-16,0.9999834029366478,1.6597063351983592e-05
0.9894365198278937,6.556065694195869e-21,0.010563480172106343
0.999999999941364,2.9663552101124006e-41,5.863596255156199e-11
9.578413293573812e-09,0.532719786775619,0.4672802036459677
0.0029283597439484573,1.785690053418832e-12,0.9970716402542659
0.31643016980939703,7.692125995829835e-16,0.6835698301906021
0.9999817717183742,1.876132366886995e-27,1.8228281625714284e-05
0.9999999997455629,2.0747047561951616e-40,2.544371739348016e-10
0.9999807257430284,4.712742505943168e-27,1.9274256971650222e-05
2.8984651218919463e-06,2.1689006748685586e-07,0.9999968846448105
0.00012837385193221372,3.111868833289777e-10,0.9998716258368808
4.772570562497953e-05,4.121955702354892e-10,0.9999522738821793
4.1172225943438606e-24,0.9999999992653679,7.346320980549245e-10
0.9999999998590658,1.655673749296296e-39,1.409341436883898e-10
1.159377433856071e-21,0.9999997409322775,2.5906772258045897e-07
1.899885690272013e-18,0.9999986998888354,1.3001111646144232e-06
5.880745696385294e-05,3.4512581976060886e-09,0.9999411890917779
0.0008522630963196734,2.8599092560249015e-11,0.9991477368750812
2.966100770974911e-14,0.9996988428610056,0.0003011571389646468
5.490848901106298e-24,0.9999999992197146,7.802854097481065e-10
3.7687078526035385e-22,0.9999999907496816,9.250318505613774e-09
7.237188643993436e-05,2.0755009646100114e-09,0.9999276260380592
0.9992207829522604,2.192259603493026e-23,0.0007792170477396936
5.307355091880472e-23,0.9999999972081144,2.7918856534238517e-09
1.2150939929039183e-13,0.9991391962612229,0.0008608037386555567
6.953491424965781e-13,0.915462510824088,0.08453748917521658
0.9999959779440034,2.527356593155194e-30,4.022055996461717e-06
0.9999999999997875,1.458512237815779e-47,2.1239208102722955e-13
2.695317865259267e-12,0.9924262168729625,0.007573783124342256
6.153803982234473e-16,0.999942725694907,5.7274305092390236e-05
3.010658306254042e-06,1.1187564693023279e-07,0.9999968774660468
3.347006294948947e-06,0.0009955009984625204,0.9990011519952426
8.786275693356755e-13,0.9979852593105722,0.0020147406885490794
0.9999999999796372,3.11505206687555e-42,2.0362776690791633e-11
0.999999793334129,4.5485796701232595e-33,2.0666587099182818e-07
6.132396456351408e-15,0.9999108512557413,8.914874425255347e-05
0.9999998879976569,3.222624880379481e-33,1.1200234298636612e-07
0.9999999999999556,1.1077459715866178e-49,4.437225734590662e-14
0.9998404561034747,5.897419947494506e-26,0.00015954389652529319
1.8592298366944875e-09,0.004493700597457222,0.995506297543313
6.401394769303951e-07,9.08905679151107e-07,0.999998450954844
4.182450233215327e-21,0.9999987096208058,1.2903791942963968e-06
0.9999999999999167,1.21980545430583e-48,8.318176711316578e-14
0.9895564124874607,1.349429148463971e-20,0.010443587512539376
3.0825879267581642e-24,0.9999999990939994,9.060006944586753e-10
0.9999999998657605,1.0648476516530494e-39,1.3423944797108966e-10
0.9975324472457776,3.470051062835845e-22,0.0024675527542224436
4.654880369126864e-08,1.6140872303648816e-05,0.9999838125788927
1.1066359000720681e-07,2.186589358441803e-06,0.9999977027470515
5.247124105433075e-10,0.016100415019046965,0.9838995844562407
3.062029762360205e-23,0.999999998684838,1.3151620838675466e-09
1.0440037988479601e-35,1.0,9.159202281091409e-17
0.9999605305617345,7.695448065051656e-27,3.946943826553875e-05
2.2558335740837977e-22,0.9999999936756083,6.324391710833427e-09
2.195907797430996e-12,0.9942465464725034,0.005753453525300644
0.9999999999914073,1.38389610324766e-43,8.592746715591602e-12
1.1140384189870867e-09,0.001079399431125951,0.9989205994548356
3.0045375133920054e-09,0.001280842505839575,0.9987191544896229
0.9999841641027176,7.308179914486614e-29,1.5835897282414205e-05
1.239246007670645e-18,0.9999987821041902,1.2178958096833103e-06
2.1792022268720187e-17,0.9999920681265392,7.931873460768209e-06
5.214458108983343e-32,0.9999999999999831,1.6950074016017842e-14
1.5153232910095478e-20,0.9999997861546615,2.1384533858268315e-07
1.315612329705269e-09,0.015550047567627949,0.9844499511167596
6.349554408440623e-17,0.999715155878095,0.0002848441219050251
0.999999999999958,1.5058697147491914e-49,4.189976169336758e-14
0.9999999999589342,1.0864723542232798e-42,4.1065716317179965e-11
3.595692804224051e-15,0.9998530649136883,0.00014693508630819627
0.9999999895876729,1.1577026821197195e-35,1.0412327063631232e-08
1.404580955153413e-07,4.461685828465286e-06,0.9999953978560759
9.615775148035893e-05,5.093799120567134e-09,0.9999038371547205
4.063157758884388e-14,0.9991457679742759,0.0008542320256834192
3.966333735200303e-09,0.0023038489397177913,0.9976961470939486
3.3764586999026966e-19,0.999999150148576,8.498514239375227e-07
2.1512551752125114e-27,0.9999999999946914,5.308643684573198e-12
7.926133825427587e-08,3.368123777284246e-05,0.999966239500889
9.755057401351784e-09,0.0005881213942166417,0.999411868850726
0.9999999999721372,1.6929475767433161e-41,2.7862793065099106e-11
0.9623999095004319,7.751875794904529e-20,0.03760009049956809
0.9999999879597697,1.76236382279862e-35,1.2040230240361753e-08
1.0250749215142867e-32,0.9999999999999964,3.545149801298452e-15
4.254031754966142e-08,0.06362237565733489,0.9363775818023476
5.76899471429121e-23,0.9999999949797738,5.020226272311311e-09
1.1344950130381082e-35,1.0,1.1054872150811228e-16
3.8996575861935104e-08,0.12057078456828717,0.879429176435137
4.584083315952538e-17,0.9998347133308485,0.0001652866691516143
0.9999922953357672,3.73719366164867e-29,7.704664232827352e-06
6.998582047829184e-20,0.9999959993983766,4.0006016233135495e-06
1.5012265089251357e-26,0.9999999999787546,2.1245496841529335e-11
0.9999999997491444,3.723614709654832e-39,2.508556220252008e-10
2.8120119032360454e-05,1.12105046666313e-09,0.9999718787599171
7.420126372603338e-07,0.0027343214532759112,0.9972649365340869
0.999978180956329,2.868527693250011e-27,2.1819043670974313e-05
5.823155240435449e-26,0.9999999998870821,1.1291798699060923e-10
2.5487508238415357e-26,0.9999999999647924,3.520757470299871e-11
0.9999999999910334,3.1116833230109058e-43,8.966587221611664e-12
0.9996257579686249,2.6217585384071546e-25,0.0003742420313752325
0.9999197670497103,5.623299922663561e-26,8.023295028972411e-05
1.6165768167903493e-29,0.9999999999995612,4.387370071725247e-13
2.634254983435913e-23,0.9999999984475727,1.552427392445273e-09
0.9999643788238284,1.0306671617366496e-26,3.562117617163517e-05
0.9979469761772456,1.291538366978889e-22,0.0020530238227543783
2.697000311965133e-06,0.002567826087160033,0.9974294769125279
1.3959366280487552e-06,4.8750249518071304e-08,0.9999985553131224
3.1038712617305886e-07,5.1853820165342e-07,0.9999991710746722
0.9999830585580911,3.886522342803282e-27,1.6941441908809536e-05
1.3695538814397845e-08,0.0006783259538104865,0.9993216603506508
0.9998458789440694,5.93074796809248e-26,0.00015412105593057792
8.199777928721755e-05,2.3040610604693937e-09,0.9999179999166519
1.1521976902889156e-08,0.345767540768466,0.6542324477095571
0.0002612395059450253,1.6373772107802496e-05,0.9997223867219471
3.803933107146283e-12,0.9951747158239933,0.004825284172202791
5.359936574081883e-26,0.9999999999611493,3.885066081993503e-11
0.9999999999722888,1.0870931140123402e-41,2.7711262717945282e-11
3.95962888384013e-31,0.9999999999999614,3.857839678329807e-14
0.9999169808157308,1.1414573093049865e-25,8.30191842692915e-05
0.9999985826845172,4.17678541026336e-30,1.417315482839202e-06
4.16540429019563e-06,5.891055566591484e-08,0.9999957756851542
0.9999999999651095,4.433302811243483e-41,3.489049955051953e-11
5.2286145775761764e-06,3.973851734180161e-08,0.999994731646905
0.022203890382664817,1.8040437153779498e-09,0.9777961078132914
0.00012931902820330642,3.6291774893399604e-10,0.999870680608879
2.420908693133324e-20,0.9999999154866552,8.451334481307086e-08
0.9999983561334342,1.2704310952491323e-29,1.6438665656724097e-06
3.344060371067736e-20,0.9999998635686531,1.3643134687283076e-07
1.7986551269666625e-06,1.927196339268701e-07,0.999998008625239
0.9999523475115154,2.2044831407366435e-26,4.7652488484592223e-05
1.74212763702831e-07,5.363766461126141e-06,0.9999944620207751
0.9999999999999925,2.832467530640101e-51,7.46919485281583e-15
5.897389404716661e-36,1.0,6.971442533663385e-17
0.999913641767793,1.9081166873003533e-27,8.635823220711632e-05
6.290776649930028e-23,0.9999998209589845,1.7904101539874523e-07
0.9999997593135992,6.046750601716916e-33,2.406864009287851e-07
2.5648726860803526e-16,0.9995832699376003,0.00041673006239943905
3.113222996457856e-21,0.9999999551703784,4.482962159707149e-08
1.631939548724007e-07,0.02274757667808405,0.9772522601279611
1.966969050457864e-17,0.9999929649677682,7.035032231727704e-06
0.9999999999995737,2.0579927081485506e-47,4.262500792176521e-13
0.9999086909551483,2.9039811952813512e-25,9.130904485157204e-05
0.049999271841052094,2.6243497791636088e-14,0.9500007281589217
3.16087760563587e-09,0.002574544673406703,0.9974254521657158
0.9994966010201725,5.708438394432179e-24,0.0005033989798276879
0.9999999995903952,1.0854728944878948e-38,4.0960488753147553e-10
2.4875383398373593e-20,0.9999999045646983,9.5435301617094e-08
6.782099131283693e-11,0.9724371306719319,0.02756286926024703
0.9999992548053078,1.1498254211116409e-31,7.451946922073577e-07
0.9995771573756923,2.5154064801231514e-25,0.00042284262430770215
4.79947361085205e-08,0.06348793882249455,0.9365120131827694
2.1211844044275187e-12,0.995933951036441,0.004066048961437777
1.2312470120137722e-34,0.9999999999999818,1.81084666046061e-14
1.4690428360751717e-17,0.9999944480665369,5.5519334629886736e-06
0.9999999999996065,4.61377963289077e-47,3.934530366864723e-13
2.6773455482059315e-18,0.9999585695714268,4.143042857313108e-05
4.2912687344223984e-07,8.720718357755602e-07,0.9999986988012908
0.9999926516757164,2.529375419701024e-29,7.348324283556881e-06
2.804559636355857e-05,8.043674670762462e-09,0.9999719463599618
0.9999998966913535,5.4086031658302616e-30,1.0330864652342383e-07
4.245600777707643e-17,0.9998396192387413,0.0001603807612586292
0.9665685311968162,2.977800125379496e-19,0.033431468803183866
2.0781625726406555e-19,0.9999868498166858,1.3150183314197856e-05
1.150497580363642e-07,4.39507246154493e-06,0.9999954898777803
0.9999346156046196,1.608900739379723e-25,6.538439538037365e-05
5.931776310455075e-22,0.999999988778051,1.1221949041536787e-08
4.5171149461622134e-05,1.1840189200704183e-09,0.9999548276665196
4.2206395695712415e-28,0.9999999998760305,1.239695817111873e-10
1.1021147930901132e-25,0.9999999998813813,1.1861865293245004e-10
0.9994165536423227,1.3289738259388497e-24,0.0005834463576772308
0.9999964740689811,1.2855021472712504e-29,3.5259310190201496e-06
4.8487441466837694e-05,1.4315691924712357e-09,0.999951511126964
3.550478218380041e-20,0.9999998891484233,1.1085157677737914e-07
2.1587500990127918e-10,0.9599598755605362,0.040040124223588734
0.9999999999589222,2.048881150911795e-41,4.1077787477944703e-11
0.0001653700484349132,7.144588796717118e-10,0.9998346292371061
4.115715570893505e-14,0.9996241654222426,0.00037583457771634353
4.748242062209901e-22,0.9999999914256875,8.574312424123497e-09
0.0001271078418885153,4.311858598934241e-10,0.9998728917269255
1.4528325071940672e-28,0.9999999999981664,1.8336418619731026e-12
4.274754409042417e-22,0.9999999891722967,1.082770324034007e-08
2.885572115873401e-10,0.06846298243843131,0.9315370172730114
0.9999999993852204,2.3269924702259093e-38,6.14779607124081e-10
0.9999999999976812,1.0522149685946481e-43,2.318775518743394e-12
0.00012765159029382952,2.5480423840257206e-09,0.9998723458616636
0.00015659805947433874,1.0675820401281313e-06,0.9998423343584856
0.9999999999998581,3.413400586509616e-48,1.418841121044429e-13
1.1649881450145532e-06,4.768064899794694e-07,0.999998358205365
0.9999999894526065,5.969520685067411e-35,1.0547393511810296e-08
0.0008082281066142664,1.0909454696521197e-10,0.9991917717842911
3.222808846239872e-28,0.9999999999974238,2.576231069140433e-12
0.0066257166414938114,3.8252590613245514e-08,0.9933742451059157
2.4290962293093675e-13,0.9981199516384086,0.0018800483613484683
5.611427383088685e-20,0.9999996947962319,3.052037681580766e-07
1.9303785419316051e-31,0.9999999999999696,3.0369648539145567e-14
6.698180185836937e-07,0.033853815266687966,0.9661455149152934
0.9887857678550254,1.0424813766794558e-20,0.011214232144974662
1.5388464536459028e-20,0.9999971950652198,2.8049347802025285e-06
0.999999999842242,4.718898391912157e-40,1.5775808106427848e-10
1.44486420217174e-17,0.999995175680627,4.824319372911941e-06
0.9999988855035375,2.5697545903296058e-30,1.1144964624107245e-06
0.9999999999977249,2.4182559091931246e-45,2.2750291374353306e-12
6.176812542261907e-07,5.209804521416043e-07,0.9999988613382935
0.9999871856287046,5.628292150417901e-29,1.2814371295404708e-05
1.0690995435570473e-23,0.9999999993629358,6.370641861983459e-10
2.8249675104096734e-19,0.999985577844563,1.4422155437093278e-05
4.547069875909725e-12,0.9935763739965655,0.0064236259988871905
3.4047988333960965e-25,0.9999999975487148,2.451285139992628e-09
1.45480730616372e-09,0.011304076026086086,0.9886959225191067
5.239142450733283e-10,0.7255495963235603,0.2744504031525253
4.3180233226071366e-37,1.0,3.2298738284852637e-17
0.9999840698334023,1.2272642756060905e-28,1.5930166597716882e-05
0.9999991264122359,5.7255381266733876e-31,8.735877641619713e-07
3.5386753642138475e-06,8.761666180681385e-08,0.9999963737079739
0.9999999999179787,1.0008529853053504e-41,8.202132109265166e-11
0.004395501484153912,3.35634737251005e-12,0.9956044985124897
0.999999999999994,2.8027491760832e-51,5.980825578678517e-15
1.300048756640382e-09,0.03368662322221246,0.9663133754777388
0.9999999999862001,2.8462051068691855e-43,1.3799853415747363e-11
5.9020207441514195e-08,1.0835887359773074e-05,0.9999891050924327
3.559935319372819e-05,1.38110011801647e-09,0.999964399265706
0.9999999999863569,5.8861211989757e-42,1.364308326626728e-11
1.0750365752242799e-09,0.018051365889633318,0.98194863303533
0.9999999999426146,1.4011811185862302e-40,5.738546794439048e-11
7.393489435438133e-08,0.04200552847677884,0.9579943975883268
1.5143902276674564e-07,0.05821453990877721,0.9417853086522
0.999657992035526,1.2367081723990263e-24,0.00034200796447399033
2.603414199719618e-19,0.9999896920783442,1.030792165585885e-05
2.0242026969126402e-13,0.9990405871157897,0.0009594128840080463
1.2030027466405207e-27,0.9999999999941334,5.866638106863028e-12
1.2036090806071282e-07,1.4617701383973339e-05,0.999985261937708
1.3629999593370864e-11,0.9884473603480718,0.011552639638298359
0.9999858425968012,2.1779530379145395e-28,1.4157403198802017e-05
0.9999999992757045,3.78878292639263e-38,7.242955472139279e-10
0.9999999999999569,5.979216990216768e-49,4.318132691677533e-14
1.3740645136539604e-10,0.3370395853365032,0.6629604145260904
1.0879624360134564e-20,0.9999999261866602,7.38133398550186e-08
9.5745489805492e-05,2.246147390344472e-09,0.9999042522640471
2.4020716355661716e-08,0.00014602826489110577,0.9998539477143924
0.9998979477218416,5.359101235446905e-26,0.00010205227815829721
1.7236576927445227e-10,0.9078267390424964,0.09217326078513786
0.9999994779813526,1.4698473948926134e-26,5.220186473102543e-07
1.0423089145793234e-06,3.8897324488242546e-07,0.9999985687178405
1.6568740862163736e-17,0.9999913521278995,8.647872100404843e-06
5.343027999834177e-20,0.9999964251025136,3.5748974863342467e-06
6.878488400338062e-07,8.050140834764512e-07,0.9999985071370765
0.0007275593978487278,2.527959600433769e-11,0.9992724405768718
1.2047028435168774e-13,0.9516209572294376,0.048379042770442054
0.9982597444540163,1.9894534382970058e-22,0.0017402555459835886
0.9958626752393351,1.5345753336484975e-22,0.004137324760664778
0.9999440072120939,3.3320284488287203e-26,5.5992787906201304e-05
9.446013821965038e-17,0.9999858227184664,1.4177281533613965e-05
3.698329130069381e-12,0.9910757493862816,0.008924250610020086
0.9888255284349985,1.0272793596255343e-20,0.011174471565001507
1.6825778508192572e-06,1.5275516780454334e-06,0.9999967898704712
9.88838434250202e-28,0.9999999999971423,2.8577758014099984e-12
0.9999843033743215,1.1147453229502177e-27,1.569662567845126e-05
0.99999999798531,2.0736853989456623e-37,2.0146899343707414e-09
0.021528963443156454,2.751456713615523e-13,0.9784710365565684
6.396109786937335e-19,0.9999876485617709,1.235143822912937e-05
1.129620162490757e-34,0.9999999999999996,3.412465590908258e-16
0.9999999999769482,1.2523136548037814e-41,2.305185338188594e-11
0.9999998760653737,8.852623434742235e-33,1.239346263328548e-07
7.93030093233525e-22,0.9999999775807512,2.241924880579434e-08
0.9999997596050377,6.027262090191132e-32,2.403949622861064e-07
2.0737934591886834e-25,0.9999999998869695,1.1303043851547589e-10
0.9999999999999867,1.0113075907787633e-50,1.3296447537427351e-14
3.669971819676918e-05,3.871983528942852e-09,0.9999632964098197
4.849630407899023e-07,0.008241135392767805,0.9917583796441913
0.9999958983491544,3.726476704456861e-30,4.101650845728388e-06
0.004214414293896432,1.4466999899835624e-12,0.9957855857046569
1.5313728334093234e-17,0.9999913993804301,8.600619569813084e-06
1.1324852350343147e-07,1.732117312051034e-05,0.9999825655783561
0.9999999997523796,1.058389011900878e-39,2.476204010177282e-10
5.213066141539687e-10,0.008979165190079767,0.9910208342886137
4.07281618850722e-11,0.9849009828749619,0.015099017084310105
0.9999980823561078,2.979780223624097e-30,1.917643892251854e-06
4.12375963872735e-15,0.9998834588185052,0.00011654118149074671
1.0826274079415167e-37,1.0,7.905335258693222e-18
3.23201900614199e-09,0.7393329775756904,0.2606670191922907
2.0325280473225238e-05,3.243859719360748e-08,0.9999796422809295
3.343693111968439e-23,0.999999945293028,5.470697196378754e-08
1.443902823183998e-35,1.0,8.839196719402142e-17
1.3309960947751682e-16,0.9995004572448891,0.0004995427551106657
0.9939584107549627,2.1160051681639345e-21,0.006041589245037277
0.0019990571120292273,4.477367407229139e-08,0.9980008981142968
2.30800120467329e-06,8.797643850345126e-08,0.9999976040223568
0.9948176922517571,1.0691772866761398e-22,0.0051823077482429074
7.832603646001058e-27,0.9999999999823881,1.761183440445678e-11
2.6735755800428875e-05,6.104665434806523e-08,0.9999732031975452
4.934174303343627e-07,6.848022064449779e-06,0.9999926585605052
1.3822106045913043e-14,0.9994449916243627,0.000555008375623516
5.924126589983891e-08,4.0584556120220834e-05,0.9999593562026139
0.9999999999970026,1.530961074776736e-44,2.9973060921848946e-12
1.6466545014146886e-09,0.006803618782477478,0.993196379570868
6.231321002803416e-09,0.0002906904542894973,0.9997093033143895
0.00022837939719143715,3.1678465009092643e-10,0.999771620286024
0.0007913923085986328,2.950717316039544e-07,0.9992083126196697
1.0436996072679522e-16,0.9990867101050261,0.000913289894973886
3.395010855090246e-28,0.9999999999983447,1.6553843461822469e-12
0.99997094154467,4.236038301369189e-27,2.9058455329907156e-05
6.006237193875598e-20,0.9999998665794634,1.334205366819892e-07
2.346989131834704e-25,0.9999999999034372,9.656268912475116e-11
2.1707856992556078e-23,0.9999999980384391,1.9615609159413667e-09
6.519386811939095e-26,0.9999999999029137,9.708633262671685e-11
0.008929095501370601,7.3507641846883e-12,0.9910709044912787
0.9999996993969384,2.0134080602203657e-32,3.0060306148810794e-07
1.9378596877269974e-24,0.9999999992035051,7.964949730237335e-10
5.00949798613469e-28,0.9999999999972777,2.7222969931893318e-12
0.9991501129836834,3.697714374269919e-23,0.0008498870163166103
3.2823728354044305e-09,0.0037106526913786523,0.9962893440262485
0.9999946637571957,3.666002570906319e-30,5.336242804257496e-06
1.2986978933182028e-05,0.00017501420689965225,0.9998119988141673
9.35685500630055e-08,1.854319483824992e-05,0.9999813632366116
0.0010403450849776575,2.5879202224959406e-11,0.9989596548891431
1.1510004110031598e-08,0.00019666368844652968,0.9998033248015493
0.9999624621782889,1.6270287587874022e-27,3.753782171117417e-05
2.8840173416109277e-25,0.9999999998725773,1.2742274937863967e-10
0.9999999999973594,5.74112264630301e-44,2.6405825864450324e-12
0.9999999999860683,2.9918449991294854e-43,1.3931660531252738e-11
2.2092450918142206e-15,0.9999353318281242,6.466817187359446e-05
0.9999981586483961,3.290090259504913e-30,1.8413516038919326e-06
1.9077647926018025e-06,0.0005341328883323274,0.9994639593468749
7.199716037546468e-20,0.9999999093255629,9.067443697888885e-08
0.9999999999865601,2.4602743216004555e-42,1.3439887620043041e-11
1.3618271246006818e-07,8.118899987091685e-06,0.9999917449173005
1.7905417390728573e-05,1.7380817987491557e-08,0.9999820772017912
1.5825791197993842e-19,0.9999997216310605,2.783689395110365e-07
0.9999999999863098,1.6056908233219815e-42,1.3690115815100036e-11
4.470627626598023e-36,1.0,4.686975888492812e-17
0.9999999998362294,2.899327793659117e-41,1.6377064300360127e-10
5.5422305547096484e-37,1.0,2.4771820954339967e-17
7.0893601021852296e-15,0.995021756765502,0.004978243234491046
3.4893986540276716e-25,0.9999999997962887,2.0371128003721762e-10
7.613649553930488e-19,0.999960938643393,3.906135660709276e-05
2.0703904527432036e-26,0.9999999999437854,5.621467969694858e-11
2.9018221678078593e-06,1.0664793825181415e-07,0.999996991529894
0.9999999998832858,9.513462899706128e-41,1.167141779678801e-10
3.5924099090802474e-06,0.001565474079132135,0.9984309335109587
2.350430851292049e-12,0.9958647992732932,0.004135200724356407
1.5507452741056948e-07,5.810206885461893e-06,0.999994034718587
1.1845258400158834e-07,0.05328240295534397,0.946717478592072
5.712889420341048e-06,3.647540265372875e-08,0.9999942506351769
1.6844733233413534e-18,0.9999989434482391,1.0565517609305067e-06
4.3317642537170475e-19,0.9999993358074408,6.641925593004252e-07
4.785893688591701e-08,0.0015186915531859293,0.9984812605878772
0.9993710168358406,3.958233120974188e-25,0.0006289831641592705
0.9999633719382827,1.0295652053852745e-27,3.6628061717268966e-05
1.0049724562628408e-32,0.999999999999994,6.007175296585163e-15
6.954120383105682e-37,1.0,3.28914805938616e-17
1.1696110065529937e-05,9.865749448978716e-09,0.9999882940241851
0.9999886915596449,1.1920856874985583e-28,1.130844035518537e-05
5.585666120624097e-11,0.1643056785715726,0.8356943213725707
3.0613694123853047e-15,0.9999052284396005,9.477156039632498e-05
2.3148315070010786e-06,1.2055923817995448e-07,0.9999975646092548
7.894590243368207e-09,0.0012121089570282255,0.9987878831483815
1.2878146151471282e-18,0.999999239042076,7.609579240976718e-07
2.291929453579255e-21,0.9999999559796314,4.402036858022879e-08
0.9999937339674784,1.9677221148437394e-29,6.266032521676733e-06
0.0020063075465797326,7.3397258270865e-12,0.9979936924460805
1.9398274027673097e-12,0.9933073476476303,0.006692652350429783
1.9412052492815897e-05,1.929587658530156e-09,0.9999805860179196
0.9999994163149185,1.182683383163257e-30,5.836850814755299e-07
0.9984590909460525,1.184782178633525e-23,0.001540909053947642
5.077379168493161e-25,0.9999999998135596,1.8644051434141464e-10
6.104795857818395e-25,0.9999999996500237,3.499762194621159e-10
0.9999999831763192,2.6511630736217557e-35,1.6823680938918052e-08
0.9999999999999913,6.436173214177306e-51,8.686033225331474e-15
7.992764000391507e-22,0.9999999886836551,1.1316344760539679e-08
3.1802923207720757e-22,0.9999999919023693,8.09763068797653e-09
0.017227030122334234,2.750566180011787e-13,0.9827729698773907
1.054639735408197e-15,0.9999353535235939,6.46464764050353e-05
1.0282177461628265e-09,0.012726747759333579,0.9872732512124487
0.9999999999949272,1.2807605567214517e-44,5.072872215799107e-12
1.7901431866146473e-06,2.1048944781918426e-07,0.9999979993673656
2.6310969725066926e-42,1.0,7.549097463435448e-19
0.9999993658726232,1.017652985901598e-31,6.341273769355354e-07
8.087046328465455e-05,1.3808030002482587e-05,0.9999053215067127
0.999999999999984,2.508000264599158e-50,1.6048073752419477e-14
1.4148463414481242e-09,0.8244909795427111,0.1755090190424426
4.801791264461078e-09,0.614521448451898,0.38547854674631066
4.058997550375658e-37,1.0,1.7091675740346537e-17
1.3517767392299227e-15,0.9999151644714166,8.483552858213453e-05
4.272009844757081e-06,7.105960682969551e-08,0.9999956569305485
0.0011193080222307863,1.1686651838686032e-07,0.9988805751112507
4.6917662151428214e-07,1.935791779762825e-06,0.9999975950315988
2.982359167792128e-25,0.9999999998599831,1.4001692381506297e-10
2.4155424849943137e-16,0.999981110495308,1.8889504691770148e-05
5.074325385899179e-08,0.1064399884760478,0.8935599607806983
0.9999999999986855,2.974500926714614e-44,1.3145727497764836e-12
2.0249916262309455e-10,0.9483576889259578,0.05164231087154304
1.0687666208756968e-05,2.431419812947073e-08,0.9999892880195931
0.9999999999999856,1.3441277138154684e-50,1.4389384954440133e-14
2.625475965780693e-34,0.9999999999999991,9.877854177325653e-16
9.876787204299924e-07,1.065924325189109e-06,0.9999979463969544
0.9985578472713769,1.7604631590639186e-22,0.0014421527286231672
7.379155739862927e-24,0.9999999989600172,1.0399826721584255e-09
0.9999999999831795,5.363456741599313e-43,1.682044725833576e-11
0.0001111037476880014,7.659300221651499e-10,0.999888895486382
0.9999999959995762,1.31022974232122e-33,4.000423697878223e-09
2.0729029913839213e-34,0.9999999999999989,1.0847338082497098e-15
4.703502002412037e-19,0.9999992047920176,7.95207982345164e-07
0.9999999999982245,1.2338337378041736e-45,1.7754734954226793e-12
1.4151425231656516e-07,1.4516376130125382e-05,0.9999853421096175
3.6191409364607726e-17,0.9999895010248869,1.0498975112989605e-05
1.7838077850781934e-33,0.9999999999999987,1.408963622616888e-15
3.379048356256593e-26,0.9999999999597036,4.029647246934864e-11
2.3017875441138266e-10,0.9569359394967197,0.04306406027310139
0.9999981063370833,1.0355975179524013e-29,1.8936629166878762e-06
9.608332244443052e-07,0.010412192069966972,0.9895868470968087
1.5564895861933765e-07,0.11421262597631493,0.8857872183747264
0.9999999999999865,9.87611527969975e-51,1.3584503708129025e-14
7.494801010035221e-07,8.617519012827241e-07,0.9999983887679976
1.5055155556239206e-09,0.0029420183577662288,0.9970579801367183
0.0005652701412346526,1.0570981856487712e-10,0.9994347297530555
0.9999999999974927,5.787911558135543e-45,2.507347714549024e-12
0.0002246032660315548,8.594645671589381e-10,0.9997753958745039
2.6087773998315503e-29,0.9999999999993343,6.656392516566522e-13
0.9999999999985911,8.17025219862345e-46,1.4088757599848274e-12
2.079034405243232e-12,0.7600052217951544,0.23999477820276663
0.9999997753431286,1.7547924847190786e-32,2.2465687139955596e-07
0.9989756269462138,4.7241401557713197e-23,0.001024373053786292
7.040578591979923e-14,0.9990700075087975,0.0009299924911322312
0.9999994770876269,8.985426155452054e-31,5.229123731806479e-07
6.423779999342276e-09,0.6073145117751692,0.39268548180105095
0.9999999999997282,3.397174742282519e-47,2.7182747057720584e-13
0.9999999504001027,9.652915741245613e-35,4.959989737485542e-08
3.6800250213457443e-08,1.0897177867838035e-05,0.9999890660218819
1.4923543146220893e-18,0.9999992124640957,7.875359041918495e-07
1.4982377030238253e-06,2.415629987874816e-07,0.9999982601992983
0.9999999999993903,4.661317826626186e-47,6.097118811111284e-13
0.9999951533862458,9.985612717926648e-29,4.846613754204524e-06
0.0003367086991279989,6.786474367136533e-07,0.9996626126534351
4.971399894460022e-06,2.0397257742181905e-08,0.9999950082028478
0.9999997411977376,1.3673059489121068e-32,2.588022623713727e-07
0.07485858479876051,1.3248078620882514e-13,0.925141415201107
0.999052554592367,8.153602405571199e-23,0.000947445407633113
7.817343698810187e-06,1.1043809495255927e-07,0.9999920722182061
7.038787115677635e-10,0.0037032583399215337,0.9962967409561998
1.380614262378719e-05,1.1737611203520784e-08,0.999986182119765
6.357637089972258e-20,0.9999950800236822,4.919976317835525e-06
0.001561228851581171,9.416001487591925e-11,0.9984387710542587
5.865251285209077e-11,0.9672726512559094,0.03272734868543812
1.8978364422907335e-25,0.9999999998741231,1.2587691051157597e-10
5.300213058066595e-13,0.9973418637183805,0.0026581362810894197
7.00725804364183e-05,3.0615762381771357e-10,0.9999299271134059
0.9999999999979505,9.181158716186617e-44,2.0494092493592265e-12
0.9998803211255916,3.286421882130774e-26,0.00011967887440840858
3.3751399036161886e-06,0.0012416334570707135,0.9987549914030257
5.456744462635788e-14,0.9994933215522115,0.0005066784477338066
5.166907703111726e-19,0.9999994104909664,5.895090336658429e-07
2.6590690258346146e-09,0.5511859173009477,0.44881408003998335
1.779021393737595e-07,7.351398172487554e-06,0.9999924706996882
3.6612898002526283e-05,1.5697153330440068e-09,0.9999633855322821
3.5782643063613463e-32,0.9999999999999885,1.153343449977765e-14
4.421790521117384e-22,0.9999999786720895,2.1327910593368713e-08
1.0839199629286775e-06,1.5398003636053982e-07,0.9999987621000007
0.9979670274522826,1.4095414530630734e-22,0.0020329725477174574
2.653357990483486e-09,0.00651698573792994,0.9934830116087121
8.68928832558105e-21,0.9999999442242229,5.577577709183933e-08
5.0623286278083466e-08,9.967283069139104e-05,0.9999002765460223
0.9999999991232489,4.4878070606186766e-38,8.767510713364528e-10
0.9999999971623861,1.2155579498511254e-36,2.8376138845108045e-09
0.9990327597183393,2.5123179928923294e-23,0.0009672402816608054
9.105193835572379e-10,0.025407889662324767,0.9745921094271558
7.007053464633211e-10,0.005452646853524328,0.9945473524457703
1.8821667645228936e-24,0.9999999827215086,1.727849142910603e-08
0.9999999999999869,1.669092999408735e-50,1.3061086491888561e-14
0.0017916084439622032,3.365270580796458e-12,0.9982083915526725
1.1642207872318277e-21,0.9999999854339663,1.4566033711120813e-08
3.099526021750893e-16,0.9999774131663983,2.2586833601524986e-05
0.00032853256667095363,4.441436544006387e-10,0.9996714669891855
1.9686230915683629e-25,0.9999999998867763,1.1322365983000139e-10
7.212886032281396e-05,4.545292645115819e-09,0.9999278665943845
5.110325895415213e-25,0.9999999998164737,1.8352622960644902e-10
5.516069075198642e-21,0.9999999440941656,5.5905834456620206e-08
1.483153317923221e-07,0.0772286471698283,0.92277120451484
2.1481968257147532e-17,0.9999962785526694,3.7214473307428183e-06
3.571353900755601e-24,0.9999999992118955,7.881044975911906e-10
4.043267337793777e-12,0.6837923736123239,0.3162076263836328
0.999894154279676,1.7807316964730354e-25,0.00010584572032409803
2.7394773839904943e-27,0.9999999999937632,6.236865670416939e-12
0.9993954132375794,4.9664790204357414e-23,0.0006045867624206218
0.9999999999999765,5.673623029976887e-50,2.3453002092824234e-14
1.3620450291518152e-18,0.9999576805404164,4.2319459583475456e-05
0.9999999160473191,2.195015480421548e-34,8.395268086511516e-08
0.9999994637744021,6.110891355214301e-31,5.362255980405905e-07
0.0010972924753908059,1.4226962738312143e-10,0.9989027073823397
0.9999999916397698,6.178308639686354e-36,8.360230225623978e-09
5.694009851636321e-17,0.9999761336337754,2.386636622470535e-05
0.9999999999999147,1.589004980883588e-48,8.524548096076074e-14
0.002666359575515293,2.9289038314667122e-08,0.9973336111354464
0.9999999999999691,1.2442534886752424e-49,3.076687986893468e-14
2.164462215022431e-08,0.00011573904682455717,0.9998842393085533
4.8204963527974895e-25,0.9999999995178608,4.821393023859928e-10
2.3115527521807122e-20,0.9999999259666247,7.403337533568766e-08
3.452164335471824e-15,0.9999022004628745,9.779953712205738e-05
1.8269592483221575e-07,0.011041927914000037,0.9889578893900751
0.9999996782976619,1.1149726177394884e-32,3.2170233800869875e-07
7.107563665650756e-26,0.9999999999520968,4.7903255888880676e-11
0.999999969076503,2.15183541138564e-35,3.092349701976586e-08
5.161759781750407e-18,0.9999576610722438,4.233892775624304e-05
2.8690015676617374e-07,4.103912584756337e-06,0.9999956091872585
1.4540089443039471e-08,6.676815816599452e-05,0.9999332173017446
8.469635408879605e-08,1.309872591604891e-05,0.9999868165777298
0.9999999999999678,1.6113136392917091e-49,3.2222370559155657e-14
0.008787193895025084,2.5014150841758318e-12,0.9912128061024735
0.0020559445520797427,9.844612295962923e-12,0.9979440554380757
0.00010739602270513808,1.3752837142397209e-09,0.9998926026020112
1.3277298961822306e-16,0.999596294255907,0.000403705744092795
1.2493913911054962e-05,1.2512069959380812e-08,0.999987493574019
0.9999963178905708,7.557639894312417e-30,3.6821094291170787e-06
1.0841096070390694e-07,0.07769047224405941,0.9223094193449799
6.1316859192844865e-06,0.0001995866070773574,0.9997942817070034
0.9999999813661814,8.574020940217175e-35,1.8633818689306705e-08
1.274701060993006e-19,0.9999997397192586,2.602807414892338e-07
0.9999479811024725,2.460020950755379e-27,5.2018897527453796e-05
0.9999224897469084,6.1294582877947044e-27,7.751025309154503e-05
0.005941212891330965,3.210655798249111e-13,0.994058787108348
1.6505248653704609e-06,0.0008330718182244471,0.9991652776569101
1.0439534962225522e-05,1.3461176709781885e-08,0.999989547003861
1.5510294402587764e-07,0.05471901552396041,0.9452808293730954
4.349365195886548e-17,0.999673504636275,0.00032649536372506666
0.9999994962489163,1.2253695771949498e-31,5.037510838074663e-07
0.00021828500759379745,6.052381266226658e-07,0.9997811097542797
0.9999999999933493,2.560717130815075e-43,6.650624571537919e-12
5.634510673163265e-09,0.00045071399460351494,0.9995492803708858
0.9999891827149244,5.838099847059448e-29,1.081728507564649e-05
3.835359923111094e-08,2.3689124656233716e-05,0.9999762725217445
5.626310158736937e-10,0.05717815026074237,0.9428218491766266
4.036857384011017e-05,8.340011769759854e-09,0.999959623086148
0.9964445384334601,2.796941689709252e-22,0.003555461566539778
0.0010862518019755954,2.7511725971603786e-10,0.9989137479229071
9.89158531600727e-37,1.0,3.23123433081888e-17
2.623506974600909e-07,2.4280686957018732e-06,0.9999973095806068
2.8359101425637003e-08,0.00022354815522515056,0.9997764234856734
2.9590797649680095e-05,2.3233977818052163e-09,0.9999704068789526
1.0423933976881852e-33,0.9999999999999982,1.842913982420676e-15
4.073161104846922e-09,0.004239713272002487,0.9957602826548365
5.345545805144348e-37,1.0,1.1835164884801094e-17
1.4476451403863443e-30,0.9999999999998646,1.3551448152311244e-13
6.774594939950273e-12,0.9866647741057238,0.013335225887501733
8.044931356993177e-16,0.9993408571014933,0.0006591428985057439
8.211051723154261e-17,0.999982249391755,1.775060824498565e-05
0.9999999999348539,6.6641987154960714e-40,6.514608094195956e-11
6.034474670244991e-23,0.999999922895835,7.710416513332353e-08
2.6434298147387175e-29,0.9999999999885771,1.1422762704191081e-11
1.1195240788085955e-20,0.9999999361564592,6.38435408714958e-08
5.026334985472273e-06,0.0005028061608448939,0.9994921675041697
2.3057479481004208e-31,0.9999999999999596,4.0510677947817394e-14
4.710415151276077e-15,0.9998433679566385,0.00015663204335681534
7.818382050981669e-10,0.01211659924012504,0.9878833999780368
5.714839519545014e-15,0.9998969218485718,0.0001030781514224342
0.9999999999896201,1.3996524720622931e-42,1.037989574919442e-11
8.183603454365914e-06,1.388314601303817e-08,0.9999918025133996
4.4088130916953777e-07,3.3253134608094785e-07,0.9999992265873447
3.515900031067982e-09,0.6597090890074054,0.3402909074766945
0.9973972072568746,1.442087385424692e-22,0.0026027927431255117
1.6187612266496426e-34,0.9999999999999996,3.875740130191489e-16
1.2495919704339573e-37,1.0,1.6313033076665626e-17
1.1870631678959152e-10,0.9038553745316779,0.09614462534961571
0.9999997990005582,2.1198462495055397e-32,2.0099944176002336e-07
5.658740558003636e-08,0.07256416314625724,0.9274357802663371
0.9929921221796584,1.024369351132616e-21,0.007007877820341756
0.9999999999796987,3.976840708650735e-43,2.0301336057568364e-11
0.9999999999687816,3.4922546029446986e-41,3.1218321653294294e-11
0.9999999999968259,2.7725125005276714e-45,3.1740238953665483e-12
0.002466093222310544,5.37218707175535e-08,0.9975338530558187
1.0130165094489005e-36,1.0,2.6183295172596538e-17
0.999999999990713,5.802792930913315e-43,9.28697689148335e-12
1.350892849454946e-05,8.167180050604912e-08,0.9999864093997048
0.999983649492159,3.756377350263637e-28,1.635050784096166e-05
1.9732379591606477e-23,0.9999999973053275,2.6946724415480287e-09
0.9999999999861235,2.6153312693881027e-42,1.3876477812748896e-11
4.118336626448581e-08,7.09944651537256e-06,0.9999928593701184
0.9982655397355281,1.1904895604209687e-22,0.0017344602644718897
7.860767789005263e-15,0.9996557024723954,0.0003442975275966776
0.9999999993407505,1.150995489569464e-38,6.592495461760267e-10
8.909436908314795e-07,1.8121833700258032e-06,0.9999972968729393
0.9999963130636473,9.031502012857395e-30,3.6869363526672103e-06
0.9999999999950875,5.136320952057424e-43,4.912625089860044e-12
0.9989587251970766,1.474055240610904e-23,0.0010412748029233526
0.9999972832674723,2.552336234808823e-29,2.716732527629886e-06
8.0190349004231e-19,0.9999488587801496,5.114121985039172e-05
0.9868115012771276,1.7466219385236053e-20,0.013188498722872507
4.0309325425552186e-08,0.0001223344667887872,0.9998776252238857
0.9999070047989055,4.0845306338118823e-26,9.299520109443405e-05
0.9968689080437788,1.5836634108747755e-22,0.003131091956221169
0.9999999999999785,3.2535002990932948e-50,2.1499764972746977e-14
1.8366419165806525e-09,0.891415129783893,0.10858486837946514
7.305157523982196e-16,0.9999540369476264,4.5963052372901914e-05
0.0006958871305457003,6.257408915102888e-11,0.9993041128068803
0.9999880824005789,1.3509132876532402e-28,1.1917599420948561e-05
3.799056845221627e-07,5.527070704453302e-07,0.999999067387245
4.9815331627462996e-30,0.9999999999997671,2.3287839037763926e-13
8.36528415558538e-09,0.00019501598763493948,0.9998049756470809
0.9999999999068261,9.762900953695603e-42,9.317401416366495e-11
3.7602931495690183e-34,0.9999999999999993,7.248580152801963e-16
2.3011333104855214e-07,1.0337160275510006e-05,0.9999894327263934
0.9984938395097375,7.018225033129179e-23,0.0015061604902625292
0.9994303883583935,1.1516224054464198e-23,0.0005696116416064854
0.00029746180927932585,1.4491415222440775e-05,0.9996880467754983
4.103607600751544e-24,0.9999999995650182,4.349819064050852e-10
1.4830366672269244e-14,0.9997196141015688,0.0002803858984163448
0.9999575442945694,3.1510050791452776e-26,4.245570543049652e-05
0.9991358595911002,8.589503878293284e-25,0.0008641404088998913
0.9995668790410475,1.1203403692199773e-23,0.00043312095895257897
3.1625865942795257e-22,0.9999999933492238,6.650776140785944e-09
0.9995188977203044,5.5486235835906786e-24,0.0004811022796955171
3.4997045722869015e-14,0.9995708876650989,0.00042911233486611514
9.15826281498059e-23,0.9999999943488722,5.651127864170752e-09
0.999999999941831,2.3160476788969225e-41,5.816895913079679e-11
0.9999999968456472,9.011045753960391e-37,3.1543526864405287e-09
9.792798568008646e-05,2.174699575074853e-05,0.9998803250185692
1.0970424905238096e-07,8.312792447645536e-06,0.9999915775033033
0.9999961280058722,4.8495998550491096e-29,3.87199412771823e-06
9.273849171683046e-37,1.0,2.311182671055306e-17
2.5068393485333968e-05,7.169902762666203e-09,0.9999749244366118
0.9999995266540105,3.760821930839592e-32,4.733459895599373e-07
0.002306878747886541,1.3609317530224785e-07,0.9976929851589381
1.5477012371724941e-19,0.9999996631802408,3.368197591744095e-07
6.89527472773351e-34,0.9999999999999982,1.8632042088486145e-15
9.379491444441602e-17,0.9993202421088269,0.0006797578911732324
0.00046223514941573236,9.910006502995753e-11,0.9995377647514841
0.9999999585797691,1.359316419586155e-33,4.1420230967310034e-08
0.9999990965556342,5.641280304874821e-32,9.034443658808512e-07
8.19880784271556e-09,0.0014749051569547865,0.9985250866442374
5.401749413925495e-10,0.9194212069095118,0.08057879255031329
0.9958027076813549,7.969178538737684e-22,0.004197292318645174
1.1041074696177627e-09,0.005782685305885519,0.994217313590007
0.9999998794270125,1.1261073953827065e-32,1.205729874672954e-07
3.9457732618963174e-05,1.0641235462921678e-08,0.9999605316261456
1.929120280985853e-16,0.9996746390438971,0.0003253609561027711
0.999996542474081,5.940622337362858e-29,3.4575259190325625e-06
9.36855102796667e-06,1.4204114759894832e-07,0.9999904894078243
7.33231763852338e-07,4.3820199108870697e-07,0.9999988285662451
2.4220416668850327e-05,2.9222216392342896e-08,0.9999757503611147
1.774020004590767e-05,2.3859618795171685e-08,0.9999822359403353
0.0015802020628431362,7.382482705717199e-08,0.9984197241123298
1.1202883022953069e-07,0.034251433228987174,0.9657484547421827
1.0241104423009494e-06,3.7326489630540135e-07,0.9999986026246614
0.9924904385220137,1.6272724693113827e-21,0.007509561477986326
0.9999975453902338,1.4640943704716514e-30,2.45460976626175e-06
8.515077136393955e-09,0.0002464150649559277,0.999753576419967
1.7927112273654074e-19,0.9999834563965477,1.6543603452242e-05
0.09879585969418046,4.4573227395757745e-14,0.901204140305775
0.9995131404715788,4.455893890272791e-24,0.00048685952842126814
5.845827766128649e-21,0.9999994157950085,5.842049915701939e-07
3.067597045810961e-10,0.032493794190188524,0.9675062055030519
4.085341321437267e-06,1.993592396975217e-08,0.9999958947227545
2.0030097918646238e-07,0.041296923489547666,0.9587028762094731
5.291326697729857e-06,1.607526073811566e-07,0.9999945479206949
2.8007080123904274e-22,0.99999999367243,6.327570091422128e-09
0.9999992411079871,1.1610128108095128e-30,7.588920127635748e-07
0.002825274629001676,3.9876742010978795e-11,0.9971747253311215
0.9999955536195364,1.6821831266604008e-30,4.446380463659723e-06
5.67211487593364e-06,8.639423011671423e-08,0.999994241490894
0.003397052260960421,1.8844950798151214e-11,0.9966029477201946
0.9999999999910569,6.398901631583219e-43,8.943061492262464e-12
0.9991890228801905,8.235296874436946e-25,0.0008109771198095711
0.9999901507180129,2.11387868968717e-28,9.849281986974263e-06
1.8993137746776153e-08,6.036123785685666e-05,0.9999396197690054
0.9999999999734401,1.2699454844949367e-42,2.6559944682743064e-11
0.9999852109961663,3.7260645456598604e-28,1.4789003833692419e-05
0.0007901430627611473,6.584583852289612e-11,0.9992098568713931
0.9999999226248526,9.461519913142891e-34,7.73751473827087e-08
0.9999998897631625,9.437997110600692e-33,1.1023683754065351e-07
0.9999993710390195,1.39436745823578e-31,6.289609805721751e-07
5.296351867080878e-24,0.9999999994142648,5.857353158563544e-10
0.00016317181480808397,3.71217782292561e-10,0.9998368278139742
1.5928669871121517e-14,0.9998319285963275,0.00016807140365649123
2.7717410138457073e-05,9.805994389703153e-09,0.999972272783867
2.8301046760080687e-15,0.9998528254798824,0.00014717452011464428
0.0046345178793801975,5.8131824931548516e-08,0.9953654239887948
6.7406910378333806e-21,0.9999989681489583,1.0318510416388369e-06
1.7904042586297446e-29,0.9999999999996867,3.1319694575487413e-13
1.9408195208747922e-07,1.6391539853280878e-06,0.9999981667640626
0.9999999999928841,2.6063605535830206e-44,7.115933433891077e-12
7.892581888907049e-23,0.9999999951551914,4.844808590491416e-09
1.850119661074737e-08,7.669668394977667e-05,0.9999232848148537
6.351129511905607e-09,0.0007866973001183117,0.9992132963487521
0.999999992735576,3.5959354356317105e-35,7.2644238595359275e-09
1.946723913881397e-06,6.127680891877892e-07,0.999997440507997
8.367432881058804e-05,1.6218364159582504e-09,0.999916324049353
1.6435365722184327e-10,0.049573343711148035,0.9504266561244983
0.0005748218691838167,2.2222887746296712e-11,0.9994251781085933
1.9443081380131783e-18,0.9999982213034148,1.7786965851799456e-06
0.9427640838018182,2.3863474159867355e-19,0.057235916198181816
1.4121615553146079e-05,3.356145881091238e-09,0.9999858750283009
5.14030947751845e-24,0.9999999993722981,6.277018923854376e-10
2.653167625180133e-14,0.9998059392821306,0.00019406071784267478
0.999959918738222,2.5480462887953667e-27,4.008126177810454e-05
4.0275624823579665e-11,0.9714957431406221,0.02850425681910226
0.99997625865686,1.7064618805223668e-28,2.3741343140100175e-05
2.5554334419853188e-14,0.9993280717679407,0.0006719282320337688
0.9998066822586807,1.2761144936889501e-24,0.00019331774131926957
5.776098309166673e-19,0.9999987708266419,1.2291733581965463e-06
0.9997819318564277,1.0938842086203092e-24,0.00021806814357222505
1.51641709747492e-06,7.470087569037747e-07,0.9999977365741456
0.9999951583841175,1.2080332414598961e-29,4.841615882582772e-06
3.6473227126723126e-29,0.9999999999992877,7.122468028864856e-13
4.645989433458332e-06,1.975124843316538e-07,0.9999951564980822
6.846905106791858e-10,0.7832201696178589,0.21677982969745052
0.9999258503395916,6.087222763571307e-26,7.414966040831465e-05
0.0006406474797838581,4.0397882188462353e-07,0.9993589485413942
8.225659893469734e-23,0.9999999957551253,4.244874602137915e-09
9.189813633438356e-37,1.0,3.1249553637498756e-17
0.9976455698109733,2.0034939711605755e-22,0.0023544301890267407
6.287211496075312e-11,0.9529650315694946,0.047034968367633365
0.9999999999999805,4.512847438967327e-50,1.9595341202485722e-14
1.738574952900323e-08,1.4959586208186829e-05,0.9999850230280423
0.00019533176390070778,6.433952109943908e-06,0.9997982342839894
1.8239976764336642e-06,1.9666863458656282e-07,0.999997979333689
2.2273601095654255e-06,3.381274155803282e-07,0.9999974345124748
2.1050179388517455e-07,1.610914727390922e-05,0.9999836803509322
0.9869133840713289,3.420007270900347e-21,0.013086615928671223
0.9998815620438702,1.4974219645719087e-26,0.00011843795612965725
4.225576765971665e-07,1.3365271470842196e-06,0.9999982409151764
0.9999999999999278,4.954055352862897e-49,7.219279994513428e-14
1.0526704344334324e-17,0.9999974806956275,2.5193043724136053e-06
9.557955876917688e-08,8.096809053904755e-06,0.9999918076113873
0.9981012496518191,1.347985832323768e-23,0.0018987503481809167
5.097991170720413e-09,0.0012118906123231913,0.9987881042896856
6.825383278419076e-07,6.619152525107583e-07,0.9999986555464196
3.176285099224121e-17,0.9999007086915498,9.929130845026579e-05
1.1756385510685212e-07,4.03405203184024e-06,0.9999958483841132
0.9999999868284566,2.248105865442816e-32,1.3171543562269012e-08
2.0330085240119045e-11,0.9709663953422426,0.0290336046374273
3.7952978137967167e-29,0.9999999999990481,9.518300215205968e-13
0.9999995967033187,3.143431859704429e-31,4.032966813354724e-07
2.5091626742787474e-31,0.9999999999999656,3.431144260091556e-14
0.9999999999999922,3.731656054050519e-51,7.68848030203814e-15
0.9999999416177444,1.4395961483792617e-33,5.838225565379253e-08
0.9996149746314935,5.322186253388157e-25,0.0003850253685065869
0.9999031214265116,1.5238081575447853e-25,9.68785734884939e-05
1.155728952815571e-06,8.755383392471073e-07,0.9999979687327079
3.8922887204393474e-07,5.177769196959643e-07,0.9999990929942082
6.030448589018146e-06,0.0009720819794121822,0.9990218875719988
0.9999999999879992,5.158806147829212e-42,1.2000897657104084e-11
3.1194596879058074e-05,3.475446514224597e-05,0.9999340509379786
2.7527504499999925e-12,0.9967715313302994,0.003228468666948022
0.9999994985878397,1.0208179530840562e-32,5.014121603010984e-07
0.9995637368444251,5.311945506939226e-24,0.0004362631555748819
5.803678648700407e-06,0.0022056702713008653,0.9977885260500504
0.9999810751276595,2.1571909850995163e-27,1.892487234041089e-05
0.968210629662173,3.33785943405845e-20,0.03178937033782704
0.9999372408831179,2.6878517659585124e-27,6.275911688204252e-05
0.999999925239992,6.379612610911944e-33,7.476000799962698e-08
0.9997203955428942,3.3720724207658885e-24,0.00027960445710574337
5.346254623890632e-29,0.9999999999983744,1.6255139419748014e-12
1.1648863707757493e-28,0.9999999999983744,1.6255873367719296e-12
1.2390450967324113e-36,1.0,3.036330582214054e-17
6.126191955699103e-34,0.9999999999999987,1.442371296196286e-15
5.005388874954295e-06,2.787154517632133e-07,0.9999947158956732
0.9999999999902365,8.62407829450775e-43,9.763452118417892e-12
0.9999999890815744,2.3799886664594667e-35,1.091842554958073e-08
0.9999996809242345,8.438138089285794e-33,3.1907576553468866e-07
4.1043273983480156e-23,0.9999999977610132,2.238986767361168e-09
1.4080508933500517e-19,0.9999935192469682,6.4807530316994665e-06
0.00020536738792883267,7.529114952868468e-06,0.9997871034971184
1.9144837953747924e-06,9.914114494357728e-08,0.9999979863750595
0.9999999989832926,2.460047318848152e-37,1.016707401337398e-09
0.9999999997349931,1.8338196689227722e-39,2.650069752155632e-10
1.7629228879839452e-20,0.9999997965425443,2.034574556336787e-07
0.9999999999216196,2.8683882979247314e-41,7.838034352215333e-11
5.124223024192969e-05,3.670675841623187e-10,0.9999487574026904
4.835643747837513e-10,0.8251756790141457,0.17482432050228977
0.9999999997280011,8.686102788730227e-41,2.719987570529595e-10
0.9999999999999594,2.776305989567617e-49,4.0648107974393546e-14
3.768831021421986e-07,0.003309662483794383,0.9966899606331036
1.6017740395700977e-23,0.9999999324731351,6.752686482604157e-08
4.066498111235064e-36,1.0,6.384161813846028e-17
8.790245499852196e-26,0.9999999999464535,5.3546413118367066e-11
7.488066382830598e-11,0.928605771262102,0.07139422866301731
0.9999999992038298,4.6223807938814616e-38,7.96170130622841e-10
5.420054951523936e-37,1.0,3.3040930378945096e-17
0.9999999879639759,4.484328425117734e-36,1.203602395458737e-08
8.182908530541674e-07,1.603085093304232e-07,0.9999990214006376
7.315513603763092e-32,0.9999999999999736,2.6325336081018672e-14
0.04100116240520423,1.6894144704490641e-13,0.9589988375946267
0.99999994547693,1.1411878597246895e-34,5.452306986796282e-08
7.207378075910022e-14,0.9995092121304839,0.0004907878694438819
3.5921054095597636e-27,0.9999999999897962,1.0203882263453685e-11
0.9999999999896476,3.318088154136929e-42,1.0352460228392605e-11
0.9999999998311153,3.1134072080508097e-40,1.6888464775236605e-10
0.999999998686995,2.503450442474152e-37,1.3130049674790012e-09
2.4570533347459297e-14,0.989284342865744,0.010715657134231473
0.9998666924350579,2.3025036149250387e-25,0.00013330756494205767
3.885974940261527e-36,1.0,5.817892516582972e-17
2.107852371212773e-24,0.9999999995365627,4.6343731513888997e-10
0.9978003773377423,4.7304049631792437e-23,0.0021996226622577075
0.9957158482204609,5.995557391109849e-22,0.004284151779539196
0.010216870094676513,5.440788174008063e-13,0.9897831299047795
3.991657059944449e-14,0.9824853088691355,0.017514691130824565
3.237226909078727e-15,0.999843585974534,0.00015641402546265524
5.938072937152082e-09,0.003193025241033684,0.9968069688208933
1.5447012790330212e-28,0.9999999999983844,1.6155045145050677e-12
1.6440751313633994e-08,8.745539563667283e-05,0.9999125281636121
0.0015422480145008818,3.510731085625076e-11,0.9984577519503919
0.9999937657047306,1.8532710951338805e-28,6.23429526927629e-06
0.005736256814152655,2.6128254157558027e-08,0.9942637170575932
1.268488611024124e-22,0.9999999984818089,1.5181911717314583e-09
1.8071864387179438e-05,4.0911441544207804e-09,0.9999819240444686
0.9999999999604832,5.733538305031197e-41,3.951690784122676e-11
0.9999999999674207,2.1729320826271478e-42,3.257927421898726e-11
0.9999998462918845,3.021293957208947e-32,1.537081155456662e-07
0.9999999999965989,2.5463160848742254e-44,3.401026731843412e-12
0.9999999999999754,4.05074090601779e-50,2.45513776647261e-14
0.9999999999908169,9.51760133730149e-43,9.18308618486825e-12
2.3090399261355887e-19,0.9999996251962521,3.748037479375566e-07
6.148264792913188e-11,0.12961048844708328,0.8703895114914342
6.277412132580857e-24,0.999999998858528,1.1414719316587876e-09
1.202205283820837e-30,0.999999999999917,8.303755902312687e-14
6.489730267909293e-36,0.9999999999999998,1.570073907696724e-16
5.135786143954443e-05,3.350154251230774e-09,0.9999486387884062
2.155796824000863e-18,0.9999234798830995,7.652011690048389e-05
1.6785757561705849e-06,4.181396672338235e-07,0.9999979032845767
0.9999995819031685,1.6635872681177705e-31,4.180968316045418e-07
0.9999999992603539,1.9180219660787996e-39,7.396461101810255e-10
0.9999999999999947,1.335379682877923e-51,5.414156726014544e-15
1.5139132863041432e-19,0.9999997100154409,2.899845591364318e-07
9.358614150628665e-20,0.9999997362254446,2.6377455544983494e-07
1.3575855352574524e-26,0.9999999999924201,7.58004489748177e-12
0.9990291284495189,2.803515841796603e-24,0.0009708715504810629
8.155538880623509e-16,0.9999064911524058,9.350884759333001e-05
0.9999999999986917,1.6583883257130893e-45,1.308345981038968e-12
6.916454270716349e-19,0.9999992114398962,7.885601037858123e-07
0.9999999739182421,5.308848258976652e-34,2.6081757828987893e-08
1.4587728624353414e-05,1.2627960428483076e-08,0.9999853996434152
0.0031618039257846164,1.3999926291579212e-11,0.9968381960602155
0.00010545151220656825,6.094126316490962e-06,0.999888454361477
0.9698944308563668,4.831707145564123e-21,0.030105569143633083
0.00047570432427769077,5.344617653302364e-10,0.9995242951412605
0.9999997336479359,2.0436974978013298e-32,2.663520641419856e-07
0.9999983977019121,5.313399304068476e-31,1.6022980878207934e-06
0.9999536650308917,9.524952800470644e-27,4.633496910827195e-05
4.288973457585371e-09,0.002436286703896932,0.9975637090071297
0.9999953606507839,2.1531418527197662e-29,4.639349216088205e-06
2.8158220146647467e-29,0.9999999999996059,3.941125018936936e-13
3.992597213936002e-05,2.108615924250395e-09,0.9999600719192446
0.9999999999733769,6.786193941850839e-43,2.662310320310117e-11
9.329765877614777e-24,0.9999999991746604,8.253395841808418e-10
0.999999999981239,3.967019821282502e-43,1.876107206315026e-11
0.9981422553669695,1.3110206915101992e-22,0.0018577446330303256
1.5048080799239574e-07,1.4070362106877793e-05,0.9999857791570851
0.9999999999999891,1.6275900681882135e-50,1.077984148132952e-14
0.9996718901215108,1.2891312762952695e-25,0.0003281098784893116
1.3706962488430732e-10,0.03749480132276618,0.9625051985401643
0.9999999999767357,9.059260978642096e-43,2.3264259488289988e-11
3.2664539656764302e-15,0.9980822712654172,0.0019177287345794867
1.7170161049984256e-07,5.1597595861387826e-05,0.9999482307025283
0.0016607186292789302,1.009001465544157e-11,0.998339281360631
0.9999999999999736,8.543002578854484e-50,2.6460532447576344e-14
2.4077315206240194e-12,0.9916437805733953,0.008356219424196813
0.00011722242376805336,2.3097516536832508e-10,0.9998827773452567
0.9999999999553977,7.847311939068253e-42,4.460236528899661e-11
1.9323278106066097e-07,1.961626352861574e-06,0.999997845140866
1.7008317295779255e-07,1.378428933981349e-05,0.9999860456274873
0.9999999983108181,1.334103269903859e-36,1.689181926089015e-09
3.6068234305685823e-10,0.9146055550232658,0.0853944446160519
1.2943336931611825e-28,0.9999999999463585,5.3641605672644854e-11
0.9995283948185968,8.975111191393241e-24,0.00047160518140309545
0.004120289930653257,5.361134468665982e-12,0.9958797100639857
7.563955734873056e-09,0.0010043363711410914,0.9989956560649031
5.568864439393552e-22,0.9999999898337967,1.0166203298964296e-08
0.9999967525426474,2.7131609799068526e-30,3.2474573526063533e-06
0.9883058321414667,3.635872925716878e-21,0.011694167858533375
0.9999999884426817,1.6956648439674924e-35,1.155731823720892e-08
2.8044698730182096e-05,2.3391221323207055e-08,0.9999719319100484
0.9994583089294141,6.630396048615688e-24,0.0005416910705858897
0.9999999999999649,1.1739091180248722e-49,3.499478350061769e-14
6.281349845904643e-28,0.9999999999980889,1.9111334539732935e-12
2.9426503093342224e-14,0.9890779826375772,0.010922017362393354
0.9999997545808427,9.035466264476755e-33,2.4541915749167906e-07
8.556453649533014e-07,2.8685741564366876e-06,0.9999962757804787
1.3709694783984091e-18,0.9999990286742919,9.713257081117507e-07
4.55492085393204e-15,0.9929344060203252,0.007065593979670156
0.9944732318029014,4.571886636899309e-22,0.005526768197098592
0.9999996573881286,1.7360988560446752e-31,3.4261187138261376e-07
0.9996072137008015,1.5874508646347529e-24,0.0003927862991986018
0.9942189952223651,1.0695817811073611e-21,0.005781004777634826
0.993798796795958,1.2693801223676862e-21,0.006201203204042064
9.196546069793328e-18,0.9999236844708976,7.631552910229563e-05
0.999999999052742,3.886537167997417e-39,9.472580551337876e-10
0.9569172118545727,1.181674053693854e-19,0.04308278814542728
7.521246686024936e-05,1.1268482911540966e-09,0.9999247864062915
1.8045297742887237e-16,0.9999862659025467,1.3734097453113434e-05
0.9999999999917453,6.535074808394432e-43,8.254788757609214e-12
2.700162272094202e-10,0.03762615311734957,0.9623738466126341
0.9999999732669378,1.6565664035622603e-34,2.6733062260754092e-08
1.2123913020782365e-17,0.9997319318575548,0.00026806814244517506
6.824203940624947e-08,0.035275867957644494,0.9647240638003161
3.913679592136283e-07,7.1270191512615174e-06,0.9999924816128896
7.529994215869086e-18,0.9999041241890056,9.587581099445727e-05
1.4712574027184554e-07,4.3867210204037386e-06,0.9999954661532394
0.9999768059243521,1.680824029958195e-27,2.3194075648015367e-05
6.37898548815114e-23,0.9999999941462141,5.853785919861426e-09
0.9973867558466633,1.3060020162751943e-22,0.002613244153336832
5.6802786164818274e-15,0.9998069516062756,0.00019304839371864482
6.463192188071661e-15,0.9916346240675018,0.008365375932491672
3.2865138826094537e-09,0.752562581815432,0.24743741489805404
0.9986652590536199,4.694643912984387e-23,0.001334740946380093
2.3143908708148018e-20,0.9999999347606279,6.523937219469232e-08
0.9999798950911406,2.0779140854540174e-28,2.0104908859313224e-05
5.027976026453734e-18,0.9998724214993618,0.00012757850063819463
7.548216915416789e-37,1.0,2.5865986318008947e-17
0.9999999995144289,2.635618914249983e-38,4.855712091474864e-10
1.0507800867462085e-26,0.9999999999654083,3.4591675898644505e-11
3.2201628870468293e-17,0.9999327166716814,6.728332831868544e-05
3.8010912200549947e-06,5.474342492872052e-08,0.999996144165355
0.9996682119474439,6.500693420154569e-25,0.0003317880525560702
0.9999995328490039,3.8127738980518046e-31,4.6715099611877224e-07
1.5659363514767766e-07,0.04433842478689674,0.9556614186194682
0.00019261369125080503,3.139651162711375e-06,0.9998042466575865
0.07154510044753831,1.4771951050285202e-14,0.928454899552447
8.23329115584781e-20,0.9999997885192787,2.1148072139374438e-07
2.873416974732866e-20,0.9999999035607383,9.643926168154095e-08
4.5681165713172976e-08,3.0003044751614422e-05,0.9999699512740827
3.894730257737465e-23,0.999999997833392,2.1666079451702748e-09
2.548409677743776e-07,0.03070494588557917,0.9692947992734532
8.782083515297961e-37,1.0,4.35648941975825e-17
0.9999999998964153,1.5936951935325254e-40,1.035846050605565e-10
1.0440409743958033e-08,0.0007432159239506482,0.9992567736356395
0.9999998803563735,1.2656844236005148e-31,1.1964362653148867e-07
5.316333505672955e-08,0.07036775426402658,0.9296321925726384
0.9999969031925359,1.5000231638651513e-29,3.0968074640851307e-06
0.9998363662796441,1.3773738547024016e-24,0.000163633720355818
1.1621897113308058e-05,2.0050549038908833e-08,0.9999883580523377
3.0709776651806907e-27,0.9999999996907261,3.092739416299784e-10
5.891203162050998e-08,0.07052602591310127,0.9294739151748671
0.9999999999084361,4.450559035955148e-40,9.156392702916114e-11
0.9999999999998805,2.8736874211152666e-48,1.1944292526066293e-13
0.9999966456052879,3.414262493072938e-29,3.3543947121554707e-06
1.4405913409486637e-06,3.3322300714839225e-07,0.9999982261856519
2.5183937225177752e-08,2.6130024963965332e-05,0.9999738447910987
2.6432080465300618e-05,1.2911604116544561e-08,0.9999735550079305
0.000690456722240618,2.1971511150288155e-10,0.9993095430580443
0.9999999999995794,4.459762156816243e-47,4.205528856509006e-13
6.533216458446574e-19,0.9999995354798255,4.6452017465378236e-07
1.8505411989578038e-09,0.8467088008188663,0.15329119733059254
1.3823593050012598e-07,3.7715334727946386e-06,0.9999960902305968
8.037132731602724e-09,0.0008815513100969258,0.9991184406527703
0.9999999999798603,1.6592916273971914e-42,2.01397408916256e-11
0.0008789814305225637,5.650110740662666e-11,0.9991210185129763
0.999999999987891,3.225639268610858e-42,1.2108887615448404e-11
1.313152672421078e-25,0.9999999998779494,1.220506022207929e-10
0.9999999255388912,1.772008785891699e-33,7.446110878225237e-08
0.9999999999183007,1.067251310458322e-40,8.169936900994171e-11
0.9999999999658322,6.964531539996821e-42,3.4167792460594943e-11
1.212067080460892e-05,1.1033604275742372e-08,0.9999878682955912
0.9999999999962106,6.758972260480494e-45,3.789454891649394e-12
0.9999999999467459,1.0399899354520762e-40,5.325412123897249e-11
3.9030368985766767e-22,0.9999998378951557,1.6210484438974768e-07
0.9994560593135825,1.7092251728544958e-24,0.0005439406864175156
5.260436938533063e-07,4.099932441092639e-06,0.9999953740238652
5.034581290844785e-09,0.0004472000570099542,0.9995527949084088
7.510102343210013e-21,0.9999999315061734,6.849382658039563e-08
0.9999998905765208,6.565787379943455e-34,1.094234791135035e-07
1.1648514352319285e-20,0.9999987272678692,1.272732130806805e-06
0.00015880689928850773,4.975278700591746e-10,0.9998411926031836
0.0005083683970532854,2.893222019205403e-11,0.9994916315740145
3.306126759530924e-29,0.9999999999990041,9.959409281978379e-13
3.946037530389629e-37,1.0,1.6258117774770753e-17
0.999994038715563,1.4502398184640489e-28,5.961284436940814e-06
4.599891200254402e-05,4.952385931968962e-09,0.9999539961356115
1.5573088547891082e-14,0.985628312137898,0.014371687862086563
0.00016255831575534918,1.996922667823483e-09,0.9998374396873219
1.4508257333281712e-09,0.002422054712257254,0.997577943836917
1.3948552868605675e-06,0.013638332316886907,0.9863602728278262
0.999999999999992,4.4384597743794164e-51,8.08748154273998e-15
5.554071000433702e-16,0.9999761451623316,2.3854837667722115e-05
4.7149445939349716e-29,0.9999999999992895,7.105746981016608e-13
0.0004011083762369024,9.743242541800208e-11,0.9995988915263307
5.7824814719434474e-18,0.9999979090055007,2.0909944993301697e-06
2.0958527188559557e-22,0.9999999953827539,4.617246192009112e-09
5.317605600152887e-07,5.039456050884742e-07,0.999998964293835
9.909683602862509e-15,0.9998902326946476,0.00010976730534247322
3.87984025218149e-06,1.0548305402975014e-07,0.9999960146766937
1.4118729026206997e-25,0.9999999999034666,9.653342216916603e-11
2.04755557201748e-20,0.9999984390222926,1.5609777072921945e-06
1.2256927268721623e-08,0.5599484281452475,0.4400515595978252
5.997319803763555e-07,3.3822188506576684e-07,0.9999990620461345
4.712078362028445e-25,0.9999999940287496,5.971250413531617e-09
0.9999258944444094,2.2187616396545336e-26,7.410555559070414e-05
0.025053548924979754,4.512346046181721e-09,0.9749464465626742
1.7669607875540866e-09,0.0009328985044716659,0.9990670997285677
2.6063162908743438e-06,2.4917121318484133e-08,0.9999973687665878
4.68365215105376e-06,4.2817742308455436e-08,0.9999952735301066
0.9999993900677341,9.294506858105549e-32,6.099322658270679e-07
4.517106105852548e-05,4.9998121191457306e-05,0.99990483081775
0.9999955250151971,5.5735551445151005e-30,4.474984802974035e-06
6.46027045085983e-05,1.5443817776483074e-09,0.9999353957511096
5.950514935451225e-15,0.9998750586441347,0.0001249413558592601
3.088727210266248e-19,0.9999992149445686,7.850554313944092e-07
2.8561887045540373e-07,1.7648568921779283e-05,0.9999820658122077
3.832742662855706e-29,0.9999999999993827,6.172543372163381e-13
3.888023912349843e-21,0.9999999656181583,3.438184174496645e-08
4.358130725192407e-11,0.9744133319634379,0.02558666799298062
0.9956898219979864,1.7295592478281215e-21,0.004310178002013738
1.3419692638624061e-05,7.807635321645075e-05,0.9999085039541449
1.8908553560248064e-05,3.0753871311417627e-09,0.9999810883710526
0.0002565212941681069,5.351555064443816e-11,0.9997434786523163
6.850221060736547e-07,2.3822938663664032e-07,0.9999990767485074
0.00013876375182055595,4.552682233134504e-10,0.9998612357929113
3.929506289617149e-08,2.83209880370664e-05,0.9999716397169
4.680424336931756e-08,5.039492495635567e-05,0.9999495582708002
8.964435602716142e-30,0.9999999999928313,7.1687218858268015e-12
0.999999977544401,1.9752776871936873e-34,2.2455599193565048e-08
0.9999999997794906,1.5004865583126363e-40,2.205092959108562e-10
0.9997385347508371,2.8715006418737235e-25,0.00026146524916286
0.9996490773507897,8.402529035975862e-25,0.0003509226492104165
0.9999932093334608,2.464627702098305e-28,6.790666539148193e-06
0.9999349405616507,2.3658959225809183e-27,6.505943834935444e-05
0.9999996455427722,3.3416023767736304e-32,3.544572278456378e-07
0.9994082694673684,7.580848931543523e-24,0.0005917305326316897
9.410018340036894e-07,2.56496450655742e-07,0.9999988025017152
0.9999999999291072,6.825989701783659e-41,7.089284107495964e-11
5.83527587077783e-07,1.037682661956144e-06,0.9999983787897511
3.374524081311601e-10,0.8108349546093526,0.18916504505319492
7.006332562343136e-07,1.8482548683107877e-06,0.9999974511118754
6.800422502824435e-06,1.368435011618938e-08,0.999993185893147
2.0488179208499872e-08,0.00020112773793943826,0.9997988517738815
1.062089408819043e-06,0.0018555014401927265,0.9981434364703985
0.0014005313204906607,3.1170470309993053e-12,0.9985994686763924
2.658275553757626e-35,0.9999999999999998,1.4948710522699127e-16
3.178085597129932e-23,0.9999999947942293,5.205770599918923e-09
3.9553548941135286e-29,0.9999999999993685,6.314896336599175e-13
0.001535940790349946,4.402357226836925e-10,0.9984640587694142
8.266799182562503e-06,1.7024592974068468e-08,0.9999917161762245
1.569089470207601e-10,0.041349078158793115,0.9586509216842979
8.605215192063812e-10,0.8482178006171645,0.15178219852231398
0.9985383971361225,4.0907858599787876e-23,0.0014616028638774503
2.263248069244244e-09,0.0035481651726870654,0.9964518325640649
0.9999999999999902,4.1598708979869344e-51,9.70495883430319e-15
1.2030133940432824e-09,0.8394170206654988,0.16058297813148792
0.9916647591182571,3.66305285825439e-21,0.0083352408817429
9.961622853152317e-34,0.9999999999999987,1.4247158566903068e-15
1.3808723416441663e-23,0.9999999530346251,4.696537500279303e-08
0.9999999999990041,4.780973721926899e-46,9.9582252079536e-13
0.9999999999711355,3.083832139790938e-41,2.886442000269411e-11
3.382221094891867e-15,0.9998307294080128,0.00016927059198380728
0.9999999999207221,3.100260224007083e-42,7.927785256168807e-11
0.9999858521210855,6.347983651332511e-28,1.4147878914553359e-05
0.9981164646756886,7.79526422013292e-24,0.0018835353243113553
0.9999999999999494,2.9330240987744295e-49,5.073381878990801e-14
2.961103311963651e-10,0.18580654217600553,0.8141934575278842
1.0235963429315967e-08,0.00015896773682133597,0.9998410220272153
9.968919410208586e-05,3.790441130812639e-10,0.9999003104268538
0.9965666743045906,3.2829778479376796e-22,0.0034333256954094584
0.9985295203266996,2.4785997644270428e-23,0.0014704796733002394
0.9945644608506319,6.428263860951755e-22,0.005435539149368188
0.9999999999958646,2.1236152742090042e-43,4.135362446758389e-12
4.9571004801362685e-11,0.9754572737413844,0.02454272620904462
7.541667337770493e-23,0.9999999922626838,7.737316353383128e-09
3.847010171228861e-21,0.999999966180815,3.3819185008738636e-08
5.970674402530037e-10,0.08338532898877103,0.9166146704141616
2.70372239486064e-08,8.53420480911654e-05,0.9999146309146849
0.9999999999242564,1.0965529813558453e-41,7.574356566219777e-11
6.907724430591505e-23,0.9999999911361116,8.863888440578114e-09
3.2538827567861297e-20,0.9999998107907677,1.8920923219390374e-07
0.9999993511330487,2.2983682595076403e-31,6.48866951177882e-07
4.0478910510429163e-25,0.9999999998438276,1.5617244378531324e-10
1.5372797123804306e-25,0.9999999998780791,1.219210093226804e-10
0.9999999510029247,2.196406207512259e-34,4.8997075401649656e-08
1.6850246203982955e-19,0.999999619514552,3.804854479316349e-07
0.9999999998930125,4.3623523193263845e-41,1.0698754799197317e-10
3.169596718750694e-16,0.9999744145023731,2.5585497626582688e-05
0.9999999999985534,1.6547285358014625e-44,1.4466500501695427e-12
0.9950943734652943,7.199757861944581e-22,0.004905626534705788
0.003815580305833113,1.889859773872934e-11,0.9961844196752683
7.891350684913502e-29,0.9999999999983971,1.6030056779855697e-12
1.615071033814986e-18,0.9999986849629883,1.3150370117937709e-06
1.537446408511227e-32,0.9999999999999818,1.822694298885438e-14
3.800898435566456e-05,1.0285152941571412e-08,0.9999619807304915
0.001239379756122479,1.331734057591421e-11,0.9987606202305603
2.8776825089191745e-09,0.7002397187158358,0.2997602784064817
0.9999999999989995,2.1126826878620558e-46,1.0004875808278963e-12
0.000469144452619951,9.994225074024544e-11,0.9995308554474378
0.9990105875503175,1.5169771630059299e-23,0.0009894124496823825
0.9903785600107561,4.485133537167941e-22,0.009621439989243946
0.9999959205468782,6.005919558731974e-29,4.0794531216638165e-06
0.00031953329738528767,2.350743752390778e-10,0.9996804664675403
8.151646014740091e-10,0.012218353360780587,0.9877816458240548
5.864209088881486e-33,0.9999999999999971,2.799435148376178e-15
0.9999999999999885,4.263838285508806e-51,1.1558175588658378e-14
0.9999998477197812,2.235042848243314e-33,1.5228021871466807e-07
0.9999922253231617,6.376036969584435e-28,7.774676838419725e-06
4.32835046828374e-06,7.807373461859918e-08,0.9999955935757971
8.009909533115425e-20,0.9999914517573352,8.548242664848073e-06
0.999950677890793,1.1102400570625743e-26,4.932210920701639e-05
0.9999999999892657,6.324660251128314e-43,1.073429325134094e-11
2.1192470580801837e-07,1.385790960935781e-05,0.9999859301656848
4.2084310255761645e-22,0.9999999821877915,1.781220857759739e-08
0.006318399838089588,3.6496852122914645e-12,0.9936816001582608
0.9999991575389052,5.637887803500269e-31,8.42461094720514e-07
0.9999999999999762,5.579049456329436e-50,2.3711191165391212e-14
4.868444313262597e-06,8.104599659467749e-08,0.9999950505096903
2.9657641665565307e-16,0.9989603308058355,0.0010396691941642162
9.296791728289773e-11,0.16556468074821204,0.83443531915882
0.9999999997378748,2.7562108081246e-39,2.6212525619448046e-10
2.82401472803657e-12,0.9931641606048952,0.006835839392280708
0.9988012476231882,1.7765710066518364e-23,0.001198752376811816
6.463051625933015e-16,0.9999737395031524,2.6260496846894284e-05
0.9999986009422717,8.702936140265798e-31,1.399057728309254e-06
6.58543814221403e-08,5.10712604089944e-05,0.9999488628852095
2.6925914476331196e-09,0.0014295461769090155,0.9985704511304995
3.566865770885525e-07,0.012225798673505825,0.9877738446399171
0.9999987243223445,7.087244175158872e-31,1.2756776554531093e-06
9.03740622804276e-06,9.480687028732678e-09,0.999990953113085
0.9999991536840055,9.025500885585251e-31,8.463159943604044e-07
0.9999999999999307,2.2814731982612918e-49,6.926814101219769e-14
1.3362817445998394e-19,0.9999940805046672,5.9194953328435595e-06
6.216484414927027e-26,0.9999999999514269,4.857306357160126e-11
1.0288428663971866e-17,0.9997896657460266,0.0002103342539734493
9.255977638757995e-15,0.9997011707935747,0.000298829206416035
3.496862398765134e-34,0.9999999999999987,1.2531641800536402e-15
1.595342471019504e-07,0.0843848389178361,0.9156150015479168
5.084190694719858e-22,0.9999994808769167,5.191230832413648e-07
4.259379831897086e-25,0.999999999694462,3.0553796100604097e-10
0.9999999999965326,6.64695765692856e-45,3.4673423498374677e-12
0.9999817921395447,1.919843925967588e-27,1.8207860455282126e-05
8.654891593592008e-09,0.0003068871934443763,0.999693104151664
1.226797643058617e-23,0.9999999991092516,8.907484666153983e-10
0.9999977219104664,1.4183310519476126e-30,2.278089533512853e-06
0.999393804281546,3.086321651871502e-24,0.0006061957184539559
1.3229831907085836e-06,1.1212006595336633e-06,0.9999975558161497
4.158142301159561e-07,5.264487485169076e-07,0.9999990577370214
0.999999999991904,7.585512369608553e-43,8.096036815411568e-12
3.0892816085452566e-23,0.9999999983863348,1.6136651274089238e-09
1.8795220284896075e-18,0.9999443879464326,5.5612053567314506e-05
5.117234368398463e-05,1.6372922932509208e-09,0.9999488260190236
6.940089856933307e-05,2.1498356087839036e-09,0.9999305969515951
0.9999997288705686,8.98861279991241e-33,2.7112943125456587e-07
0.9998509418357734,3.256168404985574e-26,0.00014905816422656224
1.4326301777758737e-26,0.9999999999657723,3.4227652254768665e-11
0.0002440166619575978,2.8151894010855144e-10,0.9997559830565235
9.647747621858375e-07,1.9132728545635118e-07,0.9999988438979525
4.9890042204768096e-08,4.2313839010998656e-05,0.9999576362709467
3.1368456758617455e-05,5.331938579209171e-05,0.9999153121574492
0.9999999998891751,8.529024776189016e-41,1.1082493820260881e-10
0.004291454163492107,3.469987743717557e-08,0.9957085111366305
1.421114172977153e-07,2.061473832733705e-06,0.9999977964147501
2.96726968286839e-16,0.9993972167838376,0.0006027832161619989
0.9999999913863818,2.0531725031106405e-35,8.613618199415975e-09
0.9999999998084754,3.9274598426302835e-39,1.9152465832734157e-10
0.9999968148463425,1.7298958175685706e-30,3.1851536573694054e-06
0.9999999999864126,2.546024345526604e-42,1.3587300131567841e-11
2.5697005380896866e-21,0.9999999774801053,2.2519894751907275e-08
0.9999999603784455,4.116850957642404e-35,3.9621554376866676e-08
1.1297751646144863e-09,0.030111116485145122,0.9698888823850798
7.957477195120594e-26,0.99999999992478,7.522003492032832e-11
0.9999999999328333,1.2542421149526195e-41,6.716671276096589e-11
2.1466303121339844e-05,1.6182365790338182e-09,0.9999785320786421
1.272544612826964e-06,2.3801149503550772e-07,0.999998489443892
8.496407663967716e-28,0.9999999997887858,2.1121424128650758e-10
4.75568752664999e-22,0.9999999876173437,1.238265626760094e-08
6.493576786880887e-26,0.9999999999240905,7.590949782547808e-11
0.9999999999941707,7.639845884170446e-43,5.829285580191612e-12
1.0493943638158135e-19,0.9999998380722956,1.6192770433081944e-07
0.9999996366643668,8.937403615154537e-32,3.633356333232759e-07
1.039514518297822e-18,0.9999988935311931,1.1064688068733518e-06
2.0462870307854367e-10,0.9475542316245594,0.05244576817081194
0.003541816754582121,1.0338789853142347e-11,0.996458183235079
6.440998121636283e-25,0.9999999997435505,2.5644954032501947e-10
4.4747376540051244e-26,0.9999999991235495,8.76450511209455e-10
1.9550843240571533e-15,0.9962907466793116,0.0037092533206863035
1.9214976093321916e-13,0.9578167903819955,0.042183209617812384
0.9999999999999878,1.053341630361062e-50,1.2198701843973333e-14
2.856694190013743e-09,0.6515674849290888,0.34843251221421695
0.9641853208676603,1.6868170352951105e-14,0.03581467913232288
0.9999997261555092,8.737422372402619e-33,2.738444906714728e-07
0.9993108780159055,1.8119546962359023e-23,0.0006891219840945714
3.653426804353412e-37,1.0,1.2520283365484897e-17
3.309478745844275e-22,0.9999997026880907,2.973119093003363e-07
9.454997957867548e-05,1.0587776370117962e-06,0.9999043912427842
4.2192393913871737e-07,1.443114932383451e-06,0.9999981349611284
8.42379585302403e-33,0.9999999999999951,4.817099789041604e-15
1.3766513058818456e-09,0.005984175599289078,0.9940158230240596
1.1389491851127763e-27,0.9999999999896454,1.035449894520538e-11
2.0536207113882147e-10,0.02608763030847166,0.9739123694861663
1.096117939007751e-26,0.9999999999846543,1.5345637073054206e-11
6.3503350947643276e-21,0.9999991293085622,8.706914378484193e-07
9.98321825788603e-09,0.0004042617408212806,0.9995957282759604
7.967467439348701e-06,8.414401500675391e-08,0.9999919483885457
1.4838198505513313e-24,0.9999999996031605,3.968394003648205e-10
7.909536046220723e-18,0.9999948740710131,5.12592898687281e-06
1.6221105909102444e-21,0.9999999645435264,3.545647367771364e-08
4.8168672279190166e-06,7.84545193724849e-08,0.9999951046782526
1.937773476890408e-15,0.9999185450615009,8.145493849712882e-05
2.1152349714057775e-06,1.2400668158118415e-07,0.999997760758347
0.9999999999096336,1.4375465871077528e-41,9.036633124852701e-11
2.1248042881941134e-27,0.9999999999914049,8.595205258797873e-12
1.273430700944591e-09,0.0041043092023705955,0.9958956895241987
5.120755250087137e-05,1.0080882062024029e-08,0.999948782366617
0.999999889277881,8.452786280390372e-33,1.1072211891575304e-07
1.92803411521639e-06,1.6545350038670914e-07,0.9999979065123845
2.9553849198845523e-13,0.9697948761313386,0.030205123868365845
2.471052852302176e-25,0.9999999999166662,8.333387307753301e-11
2.8021444739478546e-08,9.644733393259344e-05,0.9999035246446226
5.407016787831693e-06,1.5645735588400084e-08,0.9999945773374767
0.9999999999999722,6.083983560100857e-50,2.76592272753068e-14
0.9999999998065772,7.618806983425508e-41,1.9342285209529227e-10
0.9999681423440545,4.5414182533253936e-27,3.185765594540184e-05
0.999999999993995,1.262147755384615e-42,6.005053143498493e-12
5.351643650687124e-09,0.000733968057745574,0.9992660265906108
1.1291233918049896e-15,0.9999496107041477,5.038929585130228e-05
0.9991370182307368,3.405324095954294e-24,0.0008629817692633263
0.9999661392268182,1.959547257302808e-27,3.3860773181726405e-05
1.656583412612602e-07,7.85042378469718e-06,0.999991983917874
2.2175079808198326e-10,0.8800246300806359,0.11997536969761333
0.9999999981878369,2.620567695344252e-37,1.8121631780030755e-09
0.002323686152638918,5.503681067968627e-11,0.9976763137923242
1.9426465406265563e-06,1.7487429478868886e-07,0.9999978824791645
8.230049646030401e-37,1.0,3.913167002192158e-17
0.9999999999098479,3.515151367096251e-40,9.015208446274374e-11
5.137480871938463e-10,0.002499107214310628,0.9975008922719413
4.900057769631734e-07,1.1223604574441532e-06,0.9999983876337655
0.9999995081994829,1.7801472573736083e-31,4.918005171358407e-07
6.843518841744643e-06,0.00010974032437830544,0.99988341615678
0.9999972150104097,9.920874989633956e-30,2.784989590280984e-06
0.9999967096320478,1.5682635624268547e-30,3.2903679521925544e-06
3.998286077323671e-08,0.23407533166759015,0.7659246283495491
8.512652748220394e-08,5.896673574318364e-05,0.9999409481377295
4.0575817111132987e-07,6.87889402510577e-07,0.9999989063524263
1.1813884831814703e-05,4.044149949614047e-09,0.9999881820710183
1.4555670787211235e-06,0.0020686099978993533,0.9979299344350219
0.9999979983078389,4.243136740432735e-31,2.0016921611487437e-06
5.865257305901428e-17,0.9999928577996737,7.1422003263893e-06
0.013439946856207308,1.7974996819466702e-12,0.9865600531419952
8.257596360978543e-06,1.1260050235598635e-07,0.9999916298031367
8.720458853335447e-08,2.920764983248513e-05,0.999970705145579
0.9999999999968152,1.4560312491438173e-42,3.1847876344683363e-12
5.052488427416843e-29,0.9999999999989577,1.0422454653445248e-12
0.00011176431069700001,2.1500696454625474e-10,0.9998882354742961
5.134301675094416e-05,3.134204568497666e-08,0.9999486256412032
0.039595880749153836,5.606130268743796e-13,0.9604041192502856
0.9999999999584896,3.062348139870401e-41,4.1510307288664795e-11
4.181401027098855e-12,0.9917244820832436,0.008275517912575104
0.9999984389534643,3.0650240046921178e-31,1.5610465356292912e-06
0.999999915747452,3.420267370869356e-33,8.425254804565735e-08
0.9999590499221264,5.311960483997653e-28,4.0950077873647674e-05
0.9999460698946825,1.799280494554807e-27,5.393010531758217e-05
4.101086852320999e-10,0.03024949023188913,0.9697505093580022
3.4528313014009806e-37,1.0,1.6458423132945475e-17
0.9999999968557725,6.060006270688723e-37,3.1442275589048686e-09
0.999999985857319,4.514026690237845e-36,1.414268110726007e-08
2.110255245188203e-06,0.0006906746305856846,0.9993072151141691
0.9999999999999756,6.123473385545452e-50,2.435641792867772e-14
0.9999999983008063,5.661998927493271e-38,1.6991936447989815e-09
0.9999932505259316,1.3425071903176202e-29,6.74947406830468e-06
4.886455496965372e-07,0.022156703360148085,0.9778428079943021
0.9997779730468964,2.8552634911174123e-25,0.0002220269531035345
0.9999985227678363,5.436722512204677e-30,1.477232163695157e-06
1.7472090543293188e-06,2.4715065298081214e-07,0.9999980056402926
2.977344983592596e-13,0.9984792943218312,0.001520705677870928
0.9999999999999944,2.939228123350236e-51,5.659831760547584e-15
3.1085760023187577e-30,0.9999999999998563,1.4362805091544203e-13
1.0308398851809358e-32,0.9999999999999962,3.8115942199623036e-15
1.3573633744671755e-20,0.999999922520675,7.747932487640238e-08
5.1566544155018446e-09,0.0007388225899544013,0.9992611722533912
3.4357479438432133e-14,0.9996302042556606,0.00036979574430496116
4.219856324217816e-34,0.9999999999999989,1.0233766200219054e-15
8.098945638421587e-05,7.906830849857411e-10,0.9999190097529326
0.9999999995240143,7.075653118323375e-39,4.759857483207725e-10
0.9970338866810766,1.583117193641665e-23,0.0029661133189233992
4.705739539591695e-21,0.9999998952529828,1.0474701711520937e-07
0.9997813777970801,5.468118158175013e-25,0.00021862220291978115
1.3455329992066588e-08,0.5421851480391772,0.45781483850549287
0.9999999999637816,2.848427572095887e-41,3.621826518032903e-11
2.955649198480981e-06,0.0005404019654641536,0.9994566423853374
2.3632555488721353e-05,5.410319523157115e-09,0.9999763620341917
0.000753313506978073,5.1942288584201e-11,0.9992466864410796
0.9948803197824911,1.8542127439599844e-21,0.00511968021750889
0.00010061371973289017,2.415138893709665e-09,0.9998993838651281
0.9996435014101395,1.267533905634504e-24,0.0003564985898605652
0.9999999998550975,6.516313563114768e-41,1.449026452395769e-10
0.9999999999999609,1.297856673250383e-49,3.916292848234897e-14
3.161223859989619e-16,0.9999504212073751,4.957879262475277e-05
0.0052680457925175965,8.92208048767455e-09,0.994731945285402
1.2633413312820939e-28,0.999999999999065,9.349397523180425e-13
0.999999999999948,2.254718181282337e-49,5.204577776675956e-14
5.374463287428036e-19,0.999999484465518,5.155344819051232e-07
5.084487543426957e-07,0.016277013774878665,0.9837224777763671
0.9908948008158351,4.542779048230082e-21,0.009105199184164895
2.1550534165085197e-17,0.9999957187890012,4.281210998820789e-06
3.172136966281206e-17,0.9999936799837715,6.320016228547237e-06
0.9999498021164528,9.226684636557277e-27,5.019788354726144e-05
4.407557856737427e-07,0.016337328069886043,0.9836622311743283
1.101797770299013e-06,3.385234507767037e-07,0.999998559678779
6.2925741136346174e-21,0.9999999057587106,9.42412894750305e-08
2.3981576055004367e-05,2.3702129817578234e-08,0.9999759947218152
5.230381113944996e-18,0.999995051630508,4.948369492035609e-06
0.9999999430892997,3.884475723771612e-34,5.6910700176213746e-08
4.289719608015166e-10,0.11360219509293908,0.8863978044780889
3.365598262387586e-07,1.5905445392750233e-06,0.9999980728956344
7.0316115466773e-05,4.884504927023339e-10,0.9999296833960828
0.0001243101015390809,7.16680688118819e-09,0.9998756827316541
0.9999999999999787,3.38389427696957e-50,2.1295583415166764e-14
3.157941444393424e-06,1.2394840296809812e-07,0.9999967181101527
1.972901635263469e-18,0.9999620059934277,3.799400657237953e-05
0.0004493843867424931,6.993785390691565e-07,0.9995499162347184
1.194044366438234e-06,6.231556775106537e-07,0.999998182799956
0.9999999999830558,6.39255163581602e-42,1.694419964007923e-11
0.04814671635523301,5.321847890859733e-10,0.9518532831125822
9.777802164787078e-12,0.9889801391022744,0.011019860887947786
3.038822696670141e-07,0.0037839325372921685,0.9962157635804381
0.9999582631997594,1.7324183194698204e-27,4.1736800240536456e-05
0.0009040864650868956,2.6007650398466485e-11,0.9990959135089055
6.234540266337231e-06,1.6326422340030877e-08,0.9999937491333113
5.709275066182175e-22,0.9999999908448963,9.155103798645708e-09
4.810464627853279e-08,0.0007608581290100458,0.9992390937663437
0.00020532777415816606,2.3464851419934476e-10,0.9997946719911934
0.9999853387713817,1.0352521195523148e-27,1.4661228618231877e-05
2.2634984978391873e-06,4.342908465996405e-07,0.9999973022106555
0.00017320927350307838,5.627355765928979e-10,0.9998267901637613
6.647974208107325e-05,7.303983115914779e-10,0.9999335195275205
0.9999867868969025,9.520473267813417e-28,1.3213103097645491e-05
3.239707679752927e-10,0.9342258150220489,0.06577418465398042
6.666466555879941e-08,1.2419416417713836e-05,0.9999875139189167
0.003207102386820093,1.513569507087837e-11,0.9967928975980441
6.764965755555716e-06,8.624062984752567e-05,0.999906994404397
1.7690753759199156e-10,0.07303099115851493,0.9269690086645774
0.9997395935020132,1.8121641394089144e-24,0.00026040649798672654
1.518610216252671e-07,6.74249746507731e-06,0.9999931056415133
0.9999482798149244,7.995728915607053e-27,5.172018507571212e-05
0.999999875575816,4.2925081523368787e-33,1.2442418381416233e-07
3.1222889959786875e-05,1.0740090172740896e-08,0.9999687663699499
6.478735012349887e-22,0.9999999896040414,1.039595873546514e-08
9.481410744895874e-06,5.411471313503238e-08,0.999990464474542
2.513624545932144e-22,0.999999989122296,1.087770386339312e-08
0.0022449441712951252,1.696865087700987e-11,0.9977550558117363
6.90201041413528e-08,0.07214945099971559,0.9278504799801801
1.741535580845641e-18,0.9999976369352367,2.3630647633877163e-06
1.231354387751017e-14,0.9995898656816435,0.00041013431834428343
6.07392280463185e-20,0.9999997144301048,2.8556989531770424e-07
0.9999997364970273,6.081093088764113e-33,2.6350297252095314e-07
0.9999999999999631,2.585682614704355e-49,3.676993621069643e-14
0.9999996338340236,1.1628934787962504e-32,3.661659764241095e-07
8.551437486157938e-22,0.9999999892392285,1.076077157383731e-08
3.0792006842878854e-23,0.999999998328823,1.6711769036071126e-09
1.46834662070492e-09,0.7077184477556371,0.29228155077601614
0.9999999999999638,1.1066791556862093e-49,3.621471826270421e-14
0.9999999999999911,6.318479682991989e-51,8.89778224611139e-15
0.9999839642779358,8.446766993794692e-28,1.6035722064282106e-05
0.0005631192680871951,6.516347196553393e-11,0.9994368806667494
2.4656849711849133e-05,2.5357632414836253e-05,0.9999499855178732
2.068688171026537e-33,0.9999999999999976,2.365208193021765e-15
2.1621060146865307e-16,0.9995544881090203,0.0004455118909795236
3.3186911323774935e-14,0.9990907431921038,0.0009092568078629574
0.9999987240767485,2.08057221761289e-30,1.2759232515050041e-06
0.9999993323340092,5.624018641662595e-32,6.676659907106799e-07
3.8757234501727756e-24,0.9999999589150311,4.108496888429296e-08
0.9999830090768564,2.069912208118391e-28,1.6990923143536546e-05
3.5878008837693067e-10,0.032067403600270515,0.9679325960409494
1.040983267753013e-35,0.9999999999999998,1.607077511327567e-16
0.003756213018083392,7.61473595090545e-12,0.9962437869743018
2.3701382372116886e-23,0.9999999970211642,2.9788357886627352e-09
0.9992714655040077,4.497952412030761e-23,0.0007285344959923082
4.082378379472849e-15,0.9998824377234271,0.00011756227656890073
0.9993630273266638,1.7759474272931666e-24,0.0006369726733362378
0.00015664715410455254,5.0308819840024396e-09,0.9998433478150135
0.9999500198646241,2.1022094537341148e-27,4.998013537600733e-05
0.9970845138352619,4.7174304316675195e-22,0.0029154861647381026
7.504221923950305e-07,5.769528079900465e-07,0.9999986726249996
3.5323743824424546e-08,0.07790207871088188,0.9220978859653743
4.5284023040982464e-20,0.9999998019364528,1.9806354710303456e-07
1.0373342698240155e-24,0.9999999996743738,3.2562610560790983e-10
2.23920382101402e-09,0.8312023779872293,0.168797619773567
0.0003485317450324345,5.866937938411162e-11,0.9996514681962982
0.9999999999999813,1.1241090353773888e-49,1.8577588799153518e-14
1.239792733974236e-29,0.999999999999688,3.1200219395698295e-13
1.2850370474654577e-18,0.9999992953016174,7.046983826290033e-07
0.9999236928036552,4.7021150329243164e-26,7.630719634469934e-05
0.011978418219470238,3.4744749723419075e-12,0.9880215817770553
1.0545542555191473e-21,0.9999999874429913,1.2557008525787171e-08
0.9999999999999767,3.2182244557397285e-50,2.3207214726532225e-14
9.41299940987092e-06,1.497764203961143e-08,0.999990572022948
0.0006267936825854286,4.2037850653704596e-11,0.9993732062753767
0.9999999864277058,7.034898073008072e-36,1.3572294309446077e-08
4.865723906500111e-09,0.00044957343944458623,0.9995504216948314
1.9272341329901226e-08,0.00018678377113680672,0.9998131969565219
6.302855209458736e-06,0.00016493729625031831,0.9998287598485402
0.9999999999996454,2.5514129828958165e-47,3.545440127140969e-13
1.0049414210495727e-21,0.9999999892821879,1.0717812129823461e-08
0.00011922071846664704,1.2661206013620248e-09,0.9998807780154128
1.297844780476403e-13,0.9990087044122762,0.000991295587594077
3.9211566899573826e-23,0.9999999952531511,4.746848976668654e-09
7.725752536900838e-09,0.0007899243887735157,0.9992100678854738
0.9997532260283737,5.270216144457034e-25,0.0002467739716262574
0.9999999999509235,8.169918215967317e-41,4.907651940134428e-11
0.008111636117037703,2.8475237919899284e-12,0.9918883638801148
8.215380182754141e-07,4.507208895285523e-07,0.9999987277410921
8.688545804958651e-19,0.9999991014180115,8.985819884489642e-07
1.5182107221284457e-23,0.9999999696589021,3.03410977717161e-08
1.9962903975647172e-15,0.9971751368314818,0.002824863168516286
0.9999999999919682,1.0483745865376724e-43,8.031764615321866e-12
3.881487037394495e-17,0.9998217606999138,0.00017823930008606248
1.2805310842297377e-21,0.9999999654237016,3.457629838463214e-08
1.5790933502065685e-15,0.9999309859199037,6.901408009472016e-05
3.958920725035954e-07,2.9490495751089566e-07,0.99999930920297
4.468997299771847e-08,3.0184866050613207e-05,0.9999697704439763
0.9999999944060656,4.0454830993644315e-35,5.593934367696427e-09
0.9978845229967145,6.581442171992488e-23,0.0021154770032855695
0.00010974339624410817,2.162295741314848e-10,0.9998902563875263
0.002973466724533479,5.0995187196654286e-11,0.9970265332244713
0.004084556147718766,4.022526081899939e-12,0.9959154438482588
5.457062038468148e-10,0.7735987395572668,0.22640125989702709
0.9997491294261778,1.185051875941613e-25,0.00025087057382224047
0.04880788668423981,2.7137120170199485e-14,0.9511921133157331
7.667425564783921e-36,0.9999999999999998,1.972591832614433e-16
1.2643750547647683e-22,0.999999997107309,2.8926908699500935e-09
0.9913669590687602,2.4542826641960035e-21,0.008633040931239712
0.9848237191645559,1.568778809690992e-20,0.015176280835444058
2.206293268039936e-09,0.7891580678905298,0.210841929903177
0.9999999999981706,1.028971342419149e-45,1.829338907084423e-12
0.9999999925010236,1.2520127018448816e-36,7.498976532332555e-09
1.0221487419252427e-12,0.9351236708995896,0.06487632909938817
1.0801078551731975e-21,0.9999999886994803,1.1300519801658178e-08
1.5591885770053786e-20,0.9999968063953912,3.1936046087271354e-06
1.333888498859841e-14,0.9997676799709097,0.00023232002907696265
4.3431307513116025e-37,1.0,1.3921278987795868e-17
1.0043107651961496e-08,0.00023547676797979497,0.9997645131889125
8.12024977243326e-27,0.9999999999796603,2.0339630264168375e-11
5.31363628517376e-16,0.9999611262157162,3.8873784283209826e-05
0.9948989305204538,6.866698273233304e-22,0.0051010694795462505
0.0008096196792259388,1.6371854982311322e-10,0.9991903801570555
1.8651661853266625e-18,0.9999990153937632,9.846062366613532e-07
1.2648151490576188e-17,0.9999948599890743,5.140010925741828e-06
6.475849242364924e-05,3.5711284588650193e-09,0.9999352379364478
0.9999999930486021,2.68649513720867e-35,6.9513979191841704e-09
3.978257649801566e-15,0.9999022544487505,9.774555124552441e-05
1.0036346390118423e-15,0.9980108800139447,0.0019891199860542306
0.9948790758924441,7.392305385745021e-22,0.005120924107555972
0.9999977825852242,8.43703367487964e-31,2.2174147757990643e-06
1.7274496761497542e-05,4.950953893197988e-09,0.9999827205522847
9.862589499427198e-07,1.3309953399464005e-06,0.9999976827457102
0.9872678397590545,1.0467258177646465e-20,0.01273216024094551
0.0008340685527583998,9.035305253286989e-11,0.9991659313568887
0.9999999999967455,8.38594391525192e-45,3.2546037338495183e-12
6.952633261388809e-16,0.9999545141336518,4.5485866347656526e-05
0.9998128774661903,1.9601990520564906e-25,0.00018712253380985376
0.999999021960442,1.58099617849723e-31,9.780395579244617e-07
0.9999999261922511,5.656042810916107e-34,7.380774883803483e-08
2.1635950471472396e-27,0.9999999999372386,6.276130870573484e-11
1.33661644764263e-36,1.0,2.9932226803762896e-17
0.9945890234312176,4.39495046350819e-21,0.005410976568782541
1.4797804968443126e-31,0.9999999999999769,2.3152555227711205e-14
0.9999998258346129,6.816377346938154e-33,1.7416538702438182e-07
2.4938216879394885e-16,0.9999786968759401,2.1303124059682658e-05
3.972471438349387e-08,0.00023909734499456503,0.999760862930291
6.789812011213939e-18,0.9999975700278807,2.429972119248038e-06
2.4158503755725927e-37,1.0,1.0637502597005367e-17
3.2108503460784994e-08,2.6494542614597454e-05,0.999973473348882
0.999264604865105,1.4706836303596377e-24,0.0007353951348948432
1.9210553162921112e-08,7.248008473551789e-05,0.9999275007047114
4.1107569813540934e-11,0.9708241126711674,0.029175887287724966
6.759468824047784e-09,0.5402676962792929,0.4597322969612382
1.1686704777063151e-07,4.901086221876574e-06,0.9999949820467303
0.9959190210688155,8.281354663828255e-22,0.004080978931184453
4.478927647469296e-08,0.04771513440055357,0.95228482081017
3.4403335294054894e-10,0.022269980620971866,0.9777300190349948
0.9999920353820942,1.0963947608771122e-28,7.964617905730352e-06
4.07174412479739e-07,0.005424000960721722,0.9945755918648659
8.41752435657406e-18,0.9999973230668989,2.6769331011017903e-06
0.9978663148306679,1.1577382243498549e-23,0.00213368516933196
0.9999999999772438,7.662575139124716e-43,2.275621409706848e-11
2.15575709767611e-05,1.5986263665709864e-08,0.9999784264427596
4.004518569023135e-37,1.0,3.377021252925045e-17
1.484486001435483e-09,0.627045370545412,0.3729546279701021
0.9999999999839804,4.094522340111005e-43,1.601964876056906e-11
6.300982887637156e-20,0.9999948567779475,5.14322205240852e-06
8.976979970893441e-07,7.121951779235698e-07,0.9999983901068251
1.4046847433453243e-09,0.699394062891997,0.3006059357033183
3.6120515921963487e-16,0.9995326377260506,0.0004673622739489702
0.0007806998179764017,2.645337909570674e-11,0.9992193001555704
1.503200919796232e-13,0.9639299854441041,0.036070014555745586
1.461563937795824e-05,2.6641349689697496e-08,0.9999853577192722
3.901006485544424e-22,0.9999999940493207,5.950679288669583e-09
5.251141810342431e-06,3.9953747933553866e-07,0.9999943493207103
0.9999989832070126,3.404991984705839e-30,1.016792987274148e-06
2.363297926493701e-07,1.023432456610252e-05,0.9999895293456412
0.9998200017468011,6.268415780787111e-26,0.00017999825319900967
3.5101345898624992e-15,0.9978485365692334,0.0021514634307630747
0.999999877903647,2.796718484412579e-32,1.220963529221214e-07
2.1695534853411544e-09,0.8305237241001515,0.169476273730295
2.3180628383935745e-23,0.9999999984373393,1.5626606720631584e-09
3.0244923343585568e-05,4.247213764532981e-09,0.9999697508294427
7.076273654135278e-08,4.231029432184906e-05,0.9999576189429417
0.9999943318351765,1.9587185100984388e-28,5.6681648234780935e-06
0.0006744409934054931,1.3224534482953553e-11,0.99932555899337
0.01699659550005105,3.644055401559556e-13,0.9830034044995846
4.5803806948603183e-10,0.8399516394130744,0.16004836012888746
3.2245334032498667e-17,0.999989589111663,1.0410888336993057e-05
0.9976453557410444,3.9404802112439076e-22,0.0023546442589556706
4.240849346266482e-06,7.930611760999239e-08,0.9999956798445361
3.0099944285726217e-28,0.9999999999979148,2.08531923549836e-12
3.155622894590558e-18,0.9999974320515622,2.567948437859243e-06
1.61297916715555e-08,0.0002813350305081977,0.9997186488397002
4.789471867796121e-10,0.00756061141940019,0.9924393881016526
2.6201439052661718e-09,0.0014762471733351884,0.998523750206521
1.3307426588701412e-05,2.094618692400758e-08,0.9999866716272243
0.9991209444193808,1.346478554945447e-23,0.0008790555806192618
0.9999987485462253,7.76303902541565e-31,1.2514537747979851e-06
0.9999999999990778,1.879476193804589e-46,9.221114642819205e-13
1.5851886273885297e-32,0.999999999999986,1.3920280985813735e-14
7.254536001487243e-10,0.8396576611861672,0.16034233808837917
0.9698703141042265,4.5616967419434014e-20,0.030129685895773393
3.3568031905586284e-14,0.9994935769026919,0.0005064230972745688
8.003504260312898e-08,0.07499552410030909,0.9250043958646482
2.0192893897482046e-18,0.999998763539211,1.2364607889194843e-06
1.7929104201893784e-05,9.3698127585128e-09,0.9999820615259853
0.9999999999647082,1.1432251199720033e-42,3.529174408641136e-11
0.9999999999984517,9.38880369377886e-46,1.5484112687491068e-12
0.9999999999235532,4.8456202802431055e-42,7.644690292178981e-11
3.7811444184347554e-13,0.9600442698365049,0.03995573016311696
3.5108386629287127e-26,0.9999999999537388,4.6261131064684235e-11
0.999999993923921,3.8302200439942466e-35,6.07607897743163e-09
0.9999968311314895,1.4275989114154569e-29,3.1688685104747173e-06
0.9999999883710303,3.748393681696102e-36,1.1628969719240851e-08
0.00016483952544647996,2.386214042991375e-10,0.9998351602359321
2.1364599347225294e-23,0.9999999978497149,2.150285132835774e-09
0.9999984404859448,4.8282832834342805e-30,1.5595140551346716e-06
7.683972632817551e-07,5.221607155460894e-07,0.9999987094420213
5.4942094009184396e-17,0.9996088894967433,0.00039111050325656914
0.9999999998226101,1.6192714534681551e-40,1.7738993146310109e-10
6.752949323331181e-32,0.9999999999999876,1.2413217937631938e-14
8.866251615929392e-05,1.8872752148182416e-05,0.9998924647316925
0.9999999999887175,1.976787935728218e-42,1.1282564632164977e-11
0.9999999229944377,3.253331187927528e-33,7.700556216087421e-08
6.810054697199848e-24,0.9999999843005849,1.569941501159615e-08
0.9999999999806961,3.746908242067613e-42,1.9303833075026283e-11
3.132196479173925e-11,0.9713094935282607,0.028690506440417502
0.9999982127126205,5.261270405656929e-31,1.787287379624736e-06
1.8264480218932548e-08,0.00014777068739449525,0.9998522110481253
9.672074383821991e-10,0.006444873778374779,0.9935551252544178
2.1846796710142212e-17,0.9999928283228141,7.171677185777766e-06
7.739028558540618e-08,1.713748331117768e-05,0.9999827851264032
5.715164867533948e-19,0.9999990209728865,9.790271135398197e-07
0.9995301219349635,2.038605498715807e-25,0.0004698780650363594
9.388220820946394e-28,0.9999999999969305,3.0695774362720028e-12
0.997267864854421,2.9669951386590377e-22,0.0027321351455790585
0.9999963188510284,1.5996148322872478e-28,3.6811489715854494e-06
0.999999999999448,7.274762913287134e-47,5.521114153096897e-13
0.003616109794675256,7.261139031915509e-12,0.9963838901980636
1.0989875081022815e-36,1.0,5.3184307620336765e-17
6.030827414994168e-15,0.9997107896494986,0.00028921035049545707
0.0011446479738938342,1.0821694977908947e-10,0.9988553519178892
3.485123997432878e-37,1.0,1.936192006338567e-17
9.516431727401728e-20,0.9999950547477542,4.945252245833303e-06
1.2749503865887254e-08,0.00019622818089551995,0.9998037590696007
0.9999999999928129,5.570533237347702e-43,7.1870441673483285e-12
0.9999972714988266,3.478998809066818e-30,2.7285011733389654e-06
0.9999996110945664,2.7780634699152613e-32,3.8890543368732696e-07
0.9998724423751153,1.7077107272052447e-25,0.00012755762488468063
3.789897822953956e-10,0.8287685369385356,0.1712314626824747
2.4937789067353965e-16,0.9999742756666988,2.572433330099542e-05
1.214770871940304e-07,0.016737987496955476,0.9832618910259573
7.894575702263775e-21,0.9999999121778022,8.782219779963098e-08
5.501609379985554e-16,0.9999730489444072,2.695105559232398e-05
9.262983044401533e-08,1.3279409044965633e-05,0.9999866279611247
0.9997378478239274,7.105391962257323e-25,0.0002621521760726176
0.999995816397388,6.71034176458125e-30,4.183602611995772e-06
0.9999991375492283,1.4319355989326636e-31,8.624507718024295e-07
0.9999977894924339,9.007139958229126e-29,2.21050756614784e-06
1.1603022428397697e-14,0.9954857992376941,0.004514200762294472
0.9999999999936633,2.7744878045679674e-43,6.33667129864311e-12
2.5086470567491653e-05,4.7836816755530255e-09,0.9999749087457508
4.765410205907443e-15,0.9998998745450325,0.00010012545496278761
1.5219242341202956e-06,5.434333166401574e-07,0.9999979346424492
0.0009724175178239526,6.390785680758267e-11,0.9990275824182682
1.810858755397044e-17,0.9998587007307929,0.00014129926920715305
0.00043242813250056434,7.618602054434435e-11,0.9995675717913134
4.06615614612819e-15,0.9998649865456174,0.00013501345437868736
7.519646075073068e-09,0.0007665387156106761,0.9992334537647432
7.502032362677803e-12,0.9867023774573961,0.013297622535102126
0.007112149846151515,1.0034757429732131e-11,0.9928878501438138
5.991588243578066e-18,0.9999978599897146,2.1400102854742522e-06
1.9595241583418345e-24,0.9999999787387561,2.1261243948598827e-08
1.3953433125867389e-06,0.008926140599412907,0.9910724640572746
1.4931371514233083e-08,0.0002985358629054723,0.999701449205723
0.9970432390981738,4.09964715753559e-22,0.0029567609018262817
0.9993418249642562,3.880035727339957e-25,0.0006581750357438755
0.9999936332987431,6.150915511001356e-29,6.366701256924817e-06
0.0006663279244433708,8.046155150384507e-12,0.9993336720675104
7.873175225003947e-08,4.5340087848700485e-05,0.9999545811803991
0.9999999999999856,9.063457395971802e-51,1.4507055345964154e-14
2.1582626609072064e-23,0.999999995761502,4.238497926064303e-09
1.749064897278752e-15,0.9999480384474131,5.1961552585126094e-05
3.107578861030858e-06,2.9759702443416647e-08,0.9999968626614365
7.493328408428313e-17,0.9999872963954672,1.2703604532659912e-05
0.9999999999999742,4.376220543653337e-50,2.577989397613405e-14
0.9999999973581306,4.107633083642264e-37,2.641869331365819e-09
0.0006742752501094262,3.650690546988536e-07,0.9993253596808359
3.072342603979754e-06,0.0022746666867299384,0.9977222609706661
1.0343910254303895e-14,0.9893753849040396,0.010624615095949873
6.272677279361501e-07,4.0773096915013635e-06,0.9999952954225806
3.6948407663009324e-08,3.7923920532458876e-05,0.9999620391310599
1.0774953623055813e-11,0.9926164848257776,0.007383515163447493
0.9991919305167694,8.205110393259223e-24,0.0008080694832306728
2.810248055007824e-22,0.999999994095107,5.9048930087941165e-09
4.165141480169977e-10,0.017748302582417167,0.9822516970010687
0.9999578073298854,1.1210439954586152e-25,4.219267011464837e-05
0.9999999999999807,4.856552409644967e-50,1.9294726157254395e-14
2.393336619431614e-23,0.9999999979549401,2.0450597934611756e-09
5.432834347109881e-07,1.0556198992604554e-06,0.9999984010966659
0.007539560209074452,1.1045361327821453e-12,0.9924604397898209
0.9785332804385345,1.958259286578718e-20,0.021466719561465536
5.351693466880266e-08,0.12006284564230467,0.8799371008407607
5.326231793864339e-07,3.3186813892837897e-06,0.9999961486954314
0.9999338052320381,8.587121554292019e-26,6.619476796201016e-05
0.017031996469447395,8.540689676259525e-09,0.9829679949898629
0.999999982953698,4.3047211840025e-35,1.7046302116085673e-08
3.5930570693682106e-09,0.0035558395772319613,0.9964441568297111
0.9999815486734701,3.2469585934484886e-27,1.8451326530038915e-05
5.825693632005488e-23,0.9999999964808501,3.5191499357541087e-09
0.9999999999999742,1.081338988542276e-49,2.5687706049770025e-14
0.22409621725290027,1.5477866806495212e-10,0.7759037825923211
8.237074995133924e-22,0.999999260712548,7.392874520403975e-07
4.979149648857976e-24,0.9999999995158542,4.841459186771685e-10
0.999996862901247,2.7060812297310404e-30,3.137098752959065e-06
0.00039633568358261477,4.1966225777331723e-10,0.999603663896755
2.6082354776739707e-06,7.64774556790085e-08,0.9999973152870666
5.5033547308820414e-21,0.9999984565974369,1.5434025631801031e-06
0.9999997859358846,8.145397861781308e-33,2.1406411544552305e-07
1.8443767732703995e-08,0.0005984130010263681,0.999401568555206
0.9999999996488367,5.6110217819929675e-40,3.5116338251336236e-10
0.99999998809424,3.151544469671705e-35,1.1905759987111632e-08
3.27683176298464e-26,0.9999999999102049,8.979507385871625e-11
6.990167393652175e-15,0.9997990986761061,0.000200901323887098
0.999998490229497,7.87166308939062e-30,1.5097705028273416e-06
0.9998110993584334,1.111065868463047e-24,0.0001889006415666351
6.980781782368038e-27,0.9999999999751337,2.4866288819050716e-11
6.673780038937784e-21,0.9999969173063346,3.082693665525317e-06
0.045851904969109125,9.951829778838152e-14,0.9541480950307915
0.9999996792821866,7.599024320120322e-33,3.2071781328425413e-07
3.181421528112475e-05,2.9812492317617883e-09,0.9999681828034697
0.9999163858557465,1.9642359714539336e-25,8.361414425340271e-05
3.5729159863373715e-09,0.7991809939990554,0.20081900242802858
0.9999929184442431,9.773747759720086e-29,7.081555756880541e-06
0.9999999999955411,2.122289180057502e-44,4.458984107320447e-12
1.2173186417573661e-17,0.9998400754913883,0.00015992450861164535
0.9999999999843376,2.7932735036569373e-43,1.5662458201242753e-11
2.132516655106844e-27,0.9999999999935683,6.431666423684019e-12
0.9999997794610724,4.362465260320673e-33,2.2053892759245832e-07
5.973665929102731e-29,0.9999999999983202,1.6797663553587379e-12
2.3593573090853253e-06,5.928563150591424e-07,0.9999970477863759
0.9999742217175273,3.320831748436174e-28,2.577828247282944e-05
8.223862777356855e-08,7.695397547324052e-06,0.9999922223638249
1.2904415891848667e-27,0.9999999999954272,4.572775793826179e-12
0.9999999999999898,1.049359845677051e-50,1.0113465593816362e-14
6.353444807573569e-07,0.006311436841829539,0.9936879278136898
2.956995519573539e-05,1.4471625188336613e-09,0.9999704285976417
1.8263434900519557e-16,0.9999763772391521,2.3622760847714423e-05
0.00012972178944402584,7.611406447436603e-10,0.9998702774494154
0.9999743100951556,7.75185489456648e-27,2.5689904844504856e-05
4.680749062826641e-06,2.8014262114366573e-08,0.9999952912366751
0.0004659892678977455,8.143597970392263e-11,0.9995340106506663
8.77673992504695e-28,0.9999999999946141,5.385832119142409e-12
0.00012426128874588765,3.27399513071932e-10,0.9998757383838547
2.594743684267849e-08,0.0005059169328387117,0.9994940571197245
0.0006950752455312707,4.7837198908968074e-11,0.9993049247066316
1.1891865610543391e-05,1.6634130768480578e-05,0.999971474003621
3.710380927057152e-14,0.999355044414579,0.0006449555853839776
0.00026161800300124197,2.993706439685053e-06,0.999735388290559
0.999999999999984,1.947182942652507e-50,1.6076009101181403e-14
2.6740394433608563e-08,0.00014036427500686632,0.9998596089845986
0.00010281040258404107,1.3540610200832739e-09,0.9998971882433548
0.9999993728221016,1.0191951664442966e-31,6.27177898461099e-07
0.00014475565307682444,7.450031534124683e-10,0.99985524360192
2.402071592991914e-16,0.9989343424634246,0.001065657536575297
0.9999880582510738,8.070653003359378e-28,1.1941748926039013e-05
5.58403044554927e-08,1.988544916213656e-06,0.9999979556147793
0.9999990899168774,1.45406475772265e-30,9.100831226265011e-07
1.5189295457885238e-09,0.013055448168332245,0.9869445503127381
5.6794589815084444e-08,0.0001300057884508947,0.9998699374169593
0.999994969825092,3.166770711144197e-29,5.030174908049891e-06
9.333587860974392e-06,2.5654479723368274e-08,0.9999906407576594
1.6027782117881018e-07,2.5783418119071466e-06,0.999997261380367
0.9999999999918621,8.327421935171162e-43,8.137902230087664e-12
3.555469459863504e-30,0.9999999999998064,1.9364034114470527e-13
1.4068507523842438e-15,0.9999461158555281,5.388414447074898e-05
3.447074751475643e-27,0.9999999999794704,2.0529682276182808e-11
0.997041613930119,2.400467097478878e-22,0.002958386069880909
1.712377049355745e-10,0.917373323183056,0.0826266766457063
1.0301183645160895e-31,0.9999999999999702,2.985185048152881e-14
0.0017563229061982849,2.092413200033706e-11,0.9982436770728775
4.555783381086047e-05,3.3102049562634405e-09,0.9999544388559841
1.562765823838291e-32,0.999999999999994,6.027230314787059e-15
0.999999999981023,6.424836064261414e-42,1.8977151881808556e-11
5.330416945166504e-08,1.584982869992249e-05,0.9999840968671307
4.7248312625914215e-22,0.9999999912212528,8.778747113876134e-09
5.1129952066219886e-11,0.9539125790333156,0.04608742091555445
0.9999999999963338,2.038676068257843e-43,3.666183239619429e-12
0.9993427904511006,5.915742725397919e-25,0.0006572095488993229
1.8530844210764597e-08,0.00022955146930129735,0.9997704299998545
3.6363260949557163e-25,0.9999999933657964,6.634203655076727e-09
3.4859920771946133e-09,0.004523775838574411,0.9954762206754335
0.9999991574720979,1.9256801758473925e-30,8.425279021021459e-07
0.9999994907361685,2.3257818431322794e-32,5.09263831541181e-07
2.9038512343276685e-07,3.452190181985667e-06,0.9999962574246947
1.54658352895921e-08,0.00015693328496976284,0.9998430512491949
5.479276033934362e-16,0.999946154136412,5.3845863587508826e-05
0.9986413905405571,4.2419992705768294e-23,0.0013586094594428512
0.00024290576391285687,8.040178588128224e-06,0.9997490540574989
0.9999999999959064,2.753892296097809e-43,4.093699328213591e-12
3.931226590309524e-06,2.0267259400246342e-07,0.9999958661008157
0.9987248719344024,2.808549462510088e-23,0.0012751280655975714
1.0841706246572502e-06,7.759517484216679e-07,0.9999981398776269
0.001633527977252079,5.947573276607117e-12,0.9983664720168004
1.7257739212869616e-07,1.2576199512240345e-05,0.9999872512230957
1.2946567678483897e-22,0.9999999951631433,4.836856580633665e-09
1.9571089414199617e-09,0.7760949515214607,0.22390504652143045
0.999999999999978,3.298185727425754e-50,2.20161469136632e-14
0.9914133940476362,6.751637284923425e-22,0.008586605952363798
0.00016484788336718116,9.69781383920717e-11,0.9998351520196548
1.337238463876505e-23,0.999999999045394,9.546058910207537e-10
1.3033551569273991e-33,0.9999999999999987,1.2943737290119727e-15
0.00011067011659093865,7.212511891676128e-10,0.9998893291621578
0.9970683976117002,2.3283573020975324e-22,0.0029316023882998534
0.00021645140144307864,1.3347078062372429e-09,0.999783547263849
0.9994330295321209,1.1717553780891078e-24,0.0005669704678792826
6.38861325757567e-22,0.9999996614580247,3.385419753748261e-07
8.478213768251522e-07,4.425598778600831e-07,0.9999987096187453
1.3658783730290425e-07,4.135397418580237e-05,0.9999585094379769
1.9764766905225966e-21,0.9999999657495061,3.42504938885144e-08
7.340787124630612e-06,1.2983623759022849e-08,0.9999926462292517
0.9999968528055131,4.0701828875259203e-29,3.1471944869647233e-06
1.4700633120400561e-05,1.374534091342159e-08,0.9999852856215388
0.9999999667964208,4.29095393065695e-34,3.3203579323644254e-08
1.6850307123376178e-06,0.004163188462885735,0.9958351265064018
4.682762476496978e-26,0.9999999999377065,6.229350663439029e-11
0.9999999999960534,2.552096688829852e-43,3.946641323800799e-12
1.0299976239585461e-08,0.00011198741880080026,0.9998880022812229
1.5537788209783676e-15,0.997765129222712,0.0022348707772864122
0.9999164943683163,2.186975201845085e-27,8.350563168362572e-05
0.0016539710307780372,2.6649090273131967e-11,0.9983460289425728
0.9999950479439851,1.107674588271432e-28,4.952056014966921e-06
0.9999998462959637,4.0142493955708687e-32,1.5370403628190038e-07
0.9999999989281387,1.2519166237219302e-37,1.0718613390778597e-09
1.508837591530727e-15,0.9999211339727564,7.886602724196284e-05
0.9999999990746111,1.1610268463763241e-37,9.253889066204843e-10
0.999999360644173,3.557094835373503e-31,6.393558269777364e-07
0.9999999999999523,2.8070422006045768e-49,4.771274010141573e-14
1.763346945304895e-08,0.00016472039530880054,0.9998352619712217
3.4197157536839704e-18,0.9999980403970441,1.959602955994215e-06
0.9961501631415878,1.4187327865399192e-22,0.003849836858412195
3.774998950477271e-08,0.07276025766406258,0.9272397045859478
0.9999999999861857,7.845021828341876e-43,1.3814279830241205e-11
0.99999999989168,5.136534636296994e-40,1.083200850448038e-10
3.3189675288668094e-37,1.0,2.2827898052433895e-17
1.1283488360570498e-28,0.9999999999989697,1.0303974009936247e-12
7.393026382525387e-07,1.0531475042865177e-06,0.9999982075498574
0.9999999909903722,2.3585898415696445e-35,9.009627759528632e-09
0.9860224119602914,2.689901327719171e-20,0.013977588039708614
0.9993353532426407,1.2581460789743098e-23,0.0006646467573593178
2.5983340405798436e-17,0.9999955138451124,4.486154887547315e-06
0.9999399182304184,5.729563255062171e-26,6.0081769581650525e-05
0.9999999999999858,1.8621171616754626e-50,1.4220534518056272e-14
4.063491447565875e-10,0.024521788824434804,0.975478210769216
3.905378645166284e-07,0.007220021992763063,0.9927795874693724
1.9378424339510377e-16,0.999983454577673,1.6545422326702626e-05
7.926203694077724e-16,0.9999574807477308,4.251925226834081e-05
3.5095271174694763e-07,6.410371907449339e-06,0.9999932386753808
0.9999994614889407,1.6207918999957525e-31,5.385110593998416e-07
1.2389357240511749e-05,4.280241669227094e-09,0.9999876063625178
0.9999996640184182,6.044102649289187e-32,3.359815818190999e-07
0.9999999997654085,3.633387013385038e-39,2.3459148724733274e-10
8.244987427214113e-11,0.9704586237166449,0.02954137620090522
1.228992655981958e-10,0.9519164828247969,0.04808351705230377
8.34752864406495e-19,0.9999980768926566,1.923107343382808e-06
6.314065843997865e-23,0.9999999960242401,3.975759939659647e-09
0.9999970219414152,6.464044317592493e-30,2.9780585848760095e-06
3.1306310014437057e-08,0.23982548187509717,0.7601744868185928
6.316677316773153e-11,0.19114834152141646,0.8088516584154167
4.668240079074247e-15,0.9950479910521802,0.004952008947815178
9.174237216268188e-08,0.22003043472477876,0.7799694735328492
1.8840010420787296e-23,0.9999999984492758,1.5507242777139663e-09
0.9999999999416496,4.8552952800150375e-42,5.835033335863298e-11
0.9999999999291869,4.943608971125943e-41,7.081314758046585e-11
0.9999999999784486,3.7043478720462414e-42,2.155147176414573e-11
0.9918322197919694,1.0538814192477741e-20,0.008167780208030552
0.9947299776600723,6.217887832040036e-22,0.005270022339927725
4.699154144445543e-11,0.9804008178098154,0.019599182143193023
6.447426990221809e-07,6.081766258743384e-06,0.9999932734910422
4.3969123926831306e-05,2.1601470891783566e-05,0.9999344294051814
0.9999966315517006,4.2060496161378924e-29,3.3684482994995506e-06
8.831810433110963e-05,7.693262739276418e-10,0.9999116811263427
4.590303651700586e-05,4.377771448815575e-09,0.9999540925857116
5.34869697615145e-08,0.00014899904890092584,0.9998509474641294
2.7648595141573213e-05,4.5247166395891276e-08,0.9999723061576921
2.4401553620475656e-06,1.6768427233191218e-07,0.9999973921603657
3.3570410863278144e-23,0.9999999984255505,1.5744493656528193e-09
0.0007438059503107773,3.237561647809662e-11,0.9992561940173136
5.883391093648441e-29,0.9999999999985001,1.4999041252367999e-12
0.9993056020238964,1.218440244618146e-24,0.0006943979761036559
0.0005041613450578021,5.708206387202863e-10,0.9994958380841215
0.9998377536945731,7.039069211138121e-26,0.0001622463054269656
5.900028995213039e-23,0.9999999941393727,5.8606273851893765e-09
0.9999999999428801,7.605874508850281e-42,5.711990572327726e-11
5.320720139474644e-12,0.9885180808451862,0.011481919149493085
1.2181077955233837e-09,0.004091081218703352,0.995908917563189
3.3723889589557134e-29,0.9999999999988844,1.1155880538948871e-12
2.6713529273145076e-14,0.9944742771556382,0.005525722844335042
8.471959800943769e-05,6.41874016078572e-09,0.9999152739832504
9.441775909928864e-05,4.4289227256557335e-10,0.9999055817980085
0.9999482910390362,4.505273461748203e-27,5.170896096398559e-05
0.9999999993828483,1.6655721370306438e-38,6.171517023825859e-10
1.3641561541260772e-25,0.9999999998375462,1.6245382296495857e-10
3.779346972903517e-06,3.512741542139821e-07,0.9999958693788729
1.0677282339998939e-09,0.8390432894456176,0.16095670948665416
0.9997475012992261,1.3154319455890779e-24,0.0002524987007738639
4.7618642382033e-18,0.999995088625259,4.9113747409131764e-06
2.9665149152649303e-13,0.9975957481034147,0.002404251896288667
4.3133820127354876e-18,0.9998943335790315,0.0001056664209685511
7.0416641914487785e-06,0.00016209422543566148,0.999830864110373
0.9999981068040462,1.0990152000257825e-30,1.8931959537288693e-06
0.9995710359396667,4.204906643058e-25,0.00042896406033339165
0.00025508060657089,2.106335608204185e-10,0.9997449191827956
6.4285570597567075e-21,0.9999999585394023,4.1460597648144467e-08
1.0840647769989114e-08,0.00045912868020608666,0.9995408604791461
4.385620529130161e-05,6.831320084689151e-09,0.9999561369633886
0.002099170622524005,1.1665460115512399e-11,0.9979008293658105
1.6031672235780933e-16,0.9999843790274259,1.562097257393683e-05
1.4244581857700488e-06,7.4603967233523e-07,0.9999978295021419
4.5349917813502006e-08,2.6200281032343193e-05,0.9999737543690499
0.9999998450758079,2.5057638124629267e-33,1.5492419210943404e-07
0.05096955138842008,9.613179714073949e-14,0.9490304486114837
2.579807164589972e-06,4.561017755523554e-08,0.9999973745826579
7.451480132924535e-05,1.1013117754139284e-09,0.999925484097359
6.434237385764941e-37,1.0,2.1520010947833903e-17
0.9999999999440765,3.889714876142685e-41,5.592358819398481e-11
2.6418801789117925e-28,0.9999999999252613,7.47387428251262e-11
3.273323505856916e-15,0.9999177401017149,8.225989828184184e-05
0.008887609048993531,7.36853994737127e-12,0.9911123909436379
3.227744357534002e-35,0.9999999999999998,2.1381254206023978e-16
